Date,Value
1975-01-02,174.7
1975-01-05,174.4
1975-01-06,173.4
1975-01-07,177.4
1975-01-08,178.3
1975-01-09,181.3
1975-01-12,178.6
1975-01-13,178.6
1975-01-14,177.3
1975-01-15,175.1
1975-01-16,172.1
1975-01-19,176.2
1975-01-20,173.7
1975-01-21,174.3
1975-01-22,176.4
1975-01-23,179.5
1975-01-26,176.8
1975-01-27,176
1975-01-28,179.1
1975-01-29,178.3
1975-01-30,178
1975-02-02,178.3
1975-02-03,177.3
1975-02-04,176.7
1975-02-05,176.3
1975-02-06,177.3
1975-02-09,175.6
1975-02-10,176.8
1975-02-12,185.8
1975-02-13,184.9
1975-02-17,185.4
1975-02-18,185.6
1975-02-19,187.7
1975-02-20,186
1975-02-23,186.9
1975-02-24,184.4
1975-02-25,185.2
1975-02-26,182.5
1975-02-27,183
1975-03-02,182.6
1975-03-03,177
1975-03-04,178.7
1975-03-05,180.6
1975-03-06,178
1975-03-09,177.2
1975-03-10,180
1975-03-11,178.1
1975-03-12,179.5
1975-03-13,178.7
1975-03-16,179
1975-03-17,178.6
1975-03-18,179.2
1975-03-19,175.5
1975-03-20,175.6
1975-03-23,175.9
1975-03-24,176.2
1975-03-25,178.1
1975-03-26,176
1975-03-30,179.5
1975-03-31,179.1
1975-04-01,178.1
1975-04-02,177.1
1975-04-03,173.8
1975-04-06,174.1
1975-04-07,174.5
1975-04-08,174.5
1975-04-09,173.1
1975-04-10,172.7
1975-04-13,166.2
1975-04-14,164.6
1975-04-15,166.5
1975-04-16,169.5
1975-04-17,169
1975-04-20,165.7
1975-04-21,166.7
1975-04-22,168.8
1975-04-23,167
1975-04-24,166.8
1975-04-27,166.3
1975-04-28,167.8
1975-04-29,166.8
1975-04-30,165.5
1975-05-01,165
1975-05-04,163.5
1975-05-05,164.9
1975-05-06,166.1
1975-05-07,167.3
1975-05-08,166.6
1975-05-11,165.9
1975-05-12,166.7
1975-05-13,169.3
1975-05-14,165.9
1975-05-15,166.9
1975-05-18,167.7
1975-05-19,168.2
1975-05-20,172.2
1975-05-21,173.5
1975-05-22,174.7
1975-05-26,172
1975-05-27,170
1975-05-28,170.1
1975-05-29,169
1975-06-01,165.2
1975-06-02,167.5
1975-06-03,165.9
1975-06-04,167.4
1975-06-05,167.2
1975-06-08,168.5
1975-06-09,167.3
1975-06-10,167.1
1975-06-11,166.5
1975-06-12,165.9
1975-06-15,164.4
1975-06-16,166
1975-06-17,165.4
1975-06-18,164.3
1975-06-19,164.3
1975-06-22,163.5
1975-06-23,164.5
1975-06-24,166.3
1975-06-25,166
1975-06-26,167.9
1975-06-29,167.8
1975-06-30,168.1
1975-07-01,166.3
1975-07-02,166.4
1975-07-06,164
1975-07-07,166.7
1975-07-08,166.9
1975-07-09,165.3
1975-07-10,167.4
1975-07-13,167
1975-07-14,165.9
1975-07-15,165.3
1975-07-16,165.3
1975-07-17,165.4
1975-07-20,165.1
1975-07-21,166.4
1975-07-22,165.5
1975-07-23,166
1975-07-24,167.9
1975-07-27,169.8
1975-07-28,167.7
1975-07-29,173.8
1975-07-30,173.4
1975-07-31,173.4
1975-08-03,173.1
1975-08-04,171.6
1975-08-05,171
1975-08-06,171.3
1975-08-07,166.6
1975-08-10,166.7
1975-08-11,168.4
1975-08-12,165
1975-08-13,163.9
1975-08-14,166.8
1975-08-17,162.2
1975-08-18,166.2
1975-08-19,167
1975-08-20,166.3
1975-08-21,165.8
1975-08-24,166
1975-08-25,165.9
1975-08-26,166.3
1975-08-27,165.5
1975-08-28,162.8
1975-09-01,152.8
1975-09-02,153.7
1975-09-03,155.2
1975-09-04,156
1975-09-07,153
1975-09-08,151.8
1975-09-09,150.4
1975-09-10,149.6
1975-09-11,149.7
1975-09-14,150
1975-09-15,147.7
1975-09-16,144.3
1975-09-17,137.8
1975-09-18,138.4
1975-09-21,134.8
1975-09-22,131.2
1975-09-23,137.5
1975-09-24,137
1975-09-25,139
1975-09-28,139.8
1975-09-29,142.2
1975-09-30,144.2
1975-10-01,143.4
1975-10-02,139.9
1975-10-05,142.6
1975-10-06,143.7
1975-10-07,139.6
1975-10-08,141.7
1975-10-09,143.6
1975-10-13,142.9
1975-10-14,142.9
1975-10-15,144
1975-10-16,146.1
1975-10-19,146.8
1975-10-20,145.2
1975-10-21,146.5
1975-10-22,145.1
1975-10-23,144.1
1975-10-26,143
1975-10-27,143.3
1975-10-28,144.1
1975-10-29,143.6
1975-10-30,142.8
1975-11-02,143.3
1975-11-04,148.4
1975-11-05,146
1975-11-06,146.1
1975-11-09,144.7
1975-11-11,144
1975-11-12,142.9
1975-11-13,141.6
1975-11-16,139.3
1975-11-17,140.3
1975-11-18,142.9
1975-11-19,141.8
1975-11-20,141.1
1975-11-23,141.3
1975-11-24,140.3
1975-11-25,139.6
1975-11-27,138.8
1975-11-30,138.4
1975-12-01,140
1975-12-02,139
1975-12-03,139
1975-12-04,138.7
1975-12-07,136.9
1975-12-08,138.2
1975-12-09,139.9
1975-12-10,140
1975-12-11,138.9
1975-12-14,138.1
1975-12-15,138.9
1975-12-16,139.2
1975-12-17,139.1
1975-12-18,146.1
1975-12-21,143.7
1975-12-22,141.9
1975-12-23,141.7
1975-12-28,141.9
1975-12-29,141.8
1975-12-30,141
1976-01-01,141.2
1976-01-04,139.6
1976-01-05,140.1
1976-01-06,139.4
1976-01-07,136.1
1976-01-08,136.9
1976-01-11,136.9
1976-01-12,132
1976-01-13,133
1976-01-14,131.5
1976-01-15,131
1976-01-18,127.6
1976-01-19,124.1
1976-01-20,123.7
1976-01-21,125.5
1976-01-22,127.9
1976-01-25,125.5
1976-01-26,125.9
1976-01-27,128.2
1976-01-28,129
1976-01-29,129
1976-02-01,131.3
1976-02-02,131.1
1976-02-03,129.2
1976-02-04,129.2
1976-02-05,131.2
1976-02-08,130.2
1976-02-09,130.6
1976-02-10,130.1
1976-02-11,130.5
1976-02-12,131
1976-02-16,130
1976-02-17,130.3
1976-02-18,130.5
1976-02-19,131.6
1976-02-22,131.5
1976-02-23,134.2
1976-02-24,133.6
1976-02-25,132.4
1976-02-26,132.6
1976-02-29,132.3
1976-03-01,131.8
1976-03-02,132.2
1976-03-03,133.2
1976-03-04,134.5
1976-03-07,133.5
1976-03-08,133.7
1976-03-09,134.2
1976-03-10,133.8
1976-03-11,133.5
1976-03-14,133.5
1976-03-15,133.3
1976-03-16,134.4
1976-03-17,134.3
1976-03-18,134.8
1976-03-21,134.2
1976-03-22,133.9
1976-03-23,133.4
1976-03-24,133.1
1976-03-25,129.2
1976-03-28,128.1
1976-03-29,130.1
1976-03-30,129.7
1976-03-31,129.7
1976-04-01,129.6
1976-04-04,128.1
1976-04-05,128.5
1976-04-06,128
1976-04-07,129.4
1976-04-08,127.5
1976-04-11,128.5
1976-04-12,128.5
1976-04-13,128.1
1976-04-14,128.1
1976-04-18,128.8
1976-04-19,128.9
1976-04-20,127.8
1976-04-21,127.9
1976-04-22,127.9
1976-04-25,128.6
1976-04-26,129.2
1976-04-27,128.5
1976-04-28,128.5
1976-04-29,128.9
1976-05-02,128.9
1976-05-03,128.2
1976-05-04,128.3
1976-05-05,129.4
1976-05-06,129
1976-05-09,128.7
1976-05-10,128.6
1976-05-11,128.5
1976-05-12,128.2
1976-05-13,128.2
1976-05-16,128.1
1976-05-17,127.8
1976-05-18,126
1976-05-19,126.1
1976-05-20,126.2
1976-05-23,125.5
1976-05-24,124.9
1976-05-25,126.9
1976-05-26,126.8
1976-05-27,127.3
1976-05-31,129.4
1976-06-01,131.2
1976-06-02,129.3
1976-06-03,128
1976-06-06,128.8
1976-06-07,128.6
1976-06-08,128.1
1976-06-09,127.8
1976-06-10,126.9
1976-06-13,127.2
1976-06-14,127.1
1976-06-15,126.5
1976-06-16,127.1
1976-06-17,127.2
1976-06-20,127.2
1976-06-21,126
1976-06-22,125.6
1976-06-23,125.7
1976-06-24,125.5
1976-06-27,124
1976-06-28,124.2
1976-06-29,123.9
1976-06-30,123.6
1976-07-01,124.1
1976-07-05,124.2
1976-07-06,123.9
1976-07-07,123.7
1976-07-08,122.8
1976-07-11,122.2
1976-07-12,123
1976-07-13,123.1
1976-07-14,117.5
1976-07-15,117.9
1976-07-18,112.6
1976-07-19,108.9
1976-07-20,112.8
1976-07-21,111
1976-07-22,111.2
1976-07-25,112.1
1976-07-26,113.1
1976-07-27,112.9
1976-07-28,113.7
1976-07-29,114.2
1976-08-01,113.3
1976-08-02,113.9
1976-08-03,114.3
1976-08-04,113.3
1976-08-05,113.8
1976-08-08,113.6
1976-08-09,114.7
1976-08-10,114.5
1976-08-11,113.9
1976-08-12,114.5
1976-08-15,114
1976-08-16,112.2
1976-08-17,108.8
1976-08-18,108.9
1976-08-19,108.6
1976-08-22,104.5
1976-08-23,103.4
1976-08-24,106.1
1976-08-25,104.9
1976-08-26,103.1
1976-08-29,102.8
1976-08-30,103.2
1976-08-31,105.4
1976-09-01,105.4
1976-09-02,108
1976-09-06,111.8
1976-09-07,112.4
1976-09-08,113.9
1976-09-09,118.4
1976-09-12,114.7
1976-09-13,110.8
1976-09-14,112.3
1976-09-15,114
1976-09-16,117.5
1976-09-19,115
1976-09-20,119.1
1976-09-21,118.5
1976-09-22,117.8
1976-09-23,118.6
1976-09-26,117.7
1976-09-27,116.2
1976-09-28,116.1
1976-09-29,116.1
1976-09-30,116
1976-10-03,114.2
1976-10-04,114.5
1976-10-05,116.6
1976-10-06,115.5
1976-10-07,114
1976-10-10,114.6
1976-10-11,114.7
1976-10-12,115
1976-10-13,114.9
1976-10-14,117
1976-10-17,116.9
1976-10-18,115.3
1976-10-19,114.9
1976-10-20,116.3
1976-10-21,115.8
1976-10-24,116.9
1976-10-25,118.4
1976-10-26,120
1976-10-27,125.8
1976-10-28,123.8
1976-10-31,123.7
1976-11-02,125.2
1976-11-03,126
1976-11-04,128
1976-11-07,133
1976-11-08,133.2
1976-11-09,137.1
1976-11-10,135.8
1976-11-11,136.9
1976-11-14,135.9
1976-11-15,133.3
1976-11-16,131.8
1976-11-17,128.6
1976-11-18,130.8
1976-11-21,135.1
1976-11-22,132.4
1976-11-23,132.5
1976-11-25,129.7
1976-11-28,131.2
1976-11-29,132.6
1976-11-30,132.2
1976-12-01,132.1
1976-12-02,133.3
1976-12-05,136
1976-12-06,134.8
1976-12-07,138.1
1976-12-08,138.6
1976-12-09,139
1976-12-12,136.4
1976-12-13,137
1976-12-14,133.5
1976-12-15,134.9
1976-12-16,132
1976-12-19,132.4
1976-12-20,135.2
1976-12-21,134.4
1976-12-22,133.9
1976-12-26,134.2
1976-12-27,134.5
1976-12-28,135.1
1976-12-29,135.7
1977-01-02,136
1977-01-03,136.4
1977-01-04,133.2
1977-01-05,133.6
1977-01-06,133.1
1977-01-09,127.6
1977-01-10,130.7
1977-01-11,131.7
1977-01-12,132
1977-01-13,131.6
1977-01-16,132.8
1977-01-17,132.5
1977-01-18,133.1
1977-01-19,133.1
1977-01-20,132.6
1977-01-23,132.8
1977-01-24,134.5
1977-01-25,131.7
1977-01-26,131.2
1977-01-27,132.9
1977-01-30,134
1977-01-31,133.5
1977-02-01,133.9
1977-02-02,133.6
1977-02-03,134
1977-02-06,136.4
1977-02-07,135.6
1977-02-08,137.1
1977-02-09,136.4
1977-02-10,137
1977-02-13,136.6
1977-02-14,136.3
1977-02-15,137.3
1977-02-16,137.7
1977-02-17,138.3
1977-02-21,139.8
1977-02-22,140.7
1977-02-23,142.1
1977-02-24,142.3
1977-02-27,144.6
1977-02-28,143.6
1977-03-01,147.4
1977-03-02,146.1
1977-03-03,148.2
1977-03-06,148.1
1977-03-07,148.1
1977-03-08,148
1977-03-09,146.7
1977-03-10,146.1
1977-03-13,145.7
1977-03-14,148.1
1977-03-15,149.1
1977-03-16,150.2
1977-03-17,151
1977-03-20,153.7
1977-03-21,151
1977-03-22,153.8
1977-03-23,153
1977-03-24,153.3
1977-03-27,149.8
1977-03-28,148.6
1977-03-29,151.5
1977-03-30,151
1977-03-31,152.2
1977-04-03,151.1
1977-04-04,147.7
1977-04-05,149
1977-04-06,149.5
1977-04-10,150.7
1977-04-11,151.3
1977-04-12,153.8
1977-04-13,153.3
1977-04-14,152.7
1977-04-17,152.3
1977-04-18,151.1
1977-04-19,149.2
1977-04-20,150
1977-04-21,150.1
1977-04-24,148.3
1977-04-25,146.7
1977-04-26,146.9
1977-04-27,146.2
1977-04-28,148
1977-05-01,149.6
1977-05-02,147.9
1977-05-03,148
1977-05-04,147.6
1977-05-05,148.5
1977-05-08,148.2
1977-05-09,148
1977-05-10,147.5
1977-05-11,148
1977-05-12,148.3
1977-05-15,148.5
1977-05-16,147.5
1977-05-17,146.8
1977-05-18,147
1977-05-19,146.9
1977-05-22,145.3
1977-05-23,144
1977-05-24,144.1
1977-05-25,142.6
1977-05-26,144.5
1977-05-30,144.3
1977-05-31,145
1977-06-01,143.5
1977-06-02,143.5
1977-06-05,144.2
1977-06-06,143.7
1977-06-07,142.8
1977-06-08,140.7
1977-06-09,142.1
1977-06-12,138.7
1977-06-13,137.9
1977-06-14,140.5
1977-06-15,140.3
1977-06-16,140.7
1977-06-19,141.1
1977-06-20,141.7
1977-06-21,140.7
1977-06-22,141.7
1977-06-23,141.9
1977-06-26,144.6
1977-06-27,143
1977-06-28,143.7
1977-06-29,143.6
1977-06-30,142.1
1977-07-04,140.9
1977-07-05,141.4
1977-07-06,141.9
1977-07-07,142.5
1977-07-10,141.6
1977-07-11,143.6
1977-07-12,145
1977-07-14,144.7
1977-07-17,145.8
1977-07-18,145.2
1977-07-19,144.8
1977-07-20,144.2
1977-07-21,145.3
1977-07-24,147.3
1977-07-25,146.7
1977-07-26,145.4
1977-07-27,146.4
1977-07-28,147.1
1977-07-31,148.2
1977-08-01,148.3
1977-08-02,149.1
1977-08-03,148.6
1977-08-04,149.2
1977-08-07,149.3
1977-08-08,148.5
1977-08-09,148.6
1977-08-10,148.6
1977-08-11,146
1977-08-14,144.7
1977-08-15,145.9
1977-08-16,146.4
1977-08-17,147
1977-08-18,146.8
1977-08-21,146.2
1977-08-22,146.4
1977-08-23,146.9
1977-08-24,146.4
1977-08-25,148.6
1977-08-28,148.1
1977-08-29,148.5
1977-08-30,148.1
1977-08-31,148.3
1977-09-01,150.8
1977-09-05,149.3
1977-09-06,150.6
1977-09-07,149.4
1977-09-08,150.4
1977-09-11,150.3
1977-09-12,150
1977-09-13,150.4
1977-09-14,150.3
1977-09-15,151.5
1977-09-18,152
1977-09-19,153.5
1977-09-20,154
1977-09-21,154.1
1977-09-22,154
1977-09-25,155.9
1977-09-26,155.3
1977-09-27,155.6
1977-09-28,156
1977-09-29,156.4
1977-10-02,157.8
1977-10-03,157.8
1977-10-04,156.8
1977-10-05,155.5
1977-10-06,157.3
1977-10-09,159
1977-10-10,160.2
1977-10-11,160
1977-10-12,159.5
1977-10-13,162.1
1977-10-16,164.1
1977-10-17,162.6
1977-10-18,160.2
1977-10-19,162.5
1977-10-20,164.3
1977-10-23,166.6
1977-10-24,166.5
1977-10-25,164.1
1977-10-26,161.7
1977-10-27,162
1977-10-30,162.7
1977-10-31,163.6
1977-11-01,163.4
1977-11-02,166.1
1977-11-03,168.3
1977-11-06,166.2
1977-11-07,167.5
1977-11-08,168.2
1977-11-09,168.7
1977-11-10,168.9
1977-11-13,164.3
1977-11-14,163.5
1977-11-15,158.4
1977-11-16,160.6
1977-11-17,161.5
1977-11-20,155.2
1977-11-21,155.9
1977-11-22,158.6
1977-11-24,159.5
1977-11-27,160.8
1977-11-28,165.1
1977-11-29,162.3
1977-11-30,159.6
1977-12-01,160.1
1977-12-04,161.7
1977-12-05,161.8
1977-12-06,163.6
1977-12-07,162
1977-12-08,160
1977-12-11,157.2
1977-12-12,159.5
1977-12-13,161.5
1977-12-14,161.5
1977-12-15,161.6
1977-12-18,160.8
1977-12-19,161.5
1977-12-20,161.2
1977-12-21,162.9
1977-12-22,164.7
1977-12-26,166.2
1977-12-27,166.2
1977-12-28,167.7
1977-12-29,167.5
1978-01-02,173
1978-01-03,168
1978-01-04,170.8
1978-01-05,171.3
1978-01-08,173.3
1978-01-09,172.8
1978-01-10,175
1978-01-11,172.6
1978-01-12,175.5
1978-01-15,176.2
1978-01-16,173.9
1978-01-17,172.3
1978-01-18,173.7
1978-01-22,176.8
1978-01-23,176.7
1978-01-24,176.6
1978-01-25,176.2
1978-01-26,174.8
1978-01-29,176.7
1978-01-30,178.9
1978-01-31,178
1978-02-01,176.2
1978-02-02,176.7
1978-02-05,177.5
1978-02-07,175.9
1978-02-08,176.4
1978-02-09,178
1978-02-12,179.7
1978-02-13,179.2
1978-02-14,182
1978-02-15,182.5
1978-02-16,181.2
1978-02-20,183
1978-02-21,182
1978-02-22,184.6
1978-02-23,181.5
1978-02-26,182.7
1978-02-27,184.4
1978-02-28,184
1978-03-01,185
1978-03-02,184.6
1978-03-05,187.1
1978-03-06,189.2
1978-03-07,190.7
1978-03-08,188.1
1978-03-09,188.9
1978-03-12,189.4
1978-03-13,186.2
1978-03-14,183.7
1978-03-15,185.7
1978-03-16,181.9
1978-03-19,176
1978-03-20,177.2
1978-03-21,180.3
1978-03-22,180.8
1978-03-26,183.2
1978-03-27,182.6
1978-03-28,179.3
1978-03-29,182.9
1978-03-30,186.2
1978-04-02,179.8
1978-04-03,179.2
1978-04-04,180.4
1978-04-05,182.5
1978-04-06,179.5
1978-04-09,180.5
1978-04-10,182
1978-04-11,181.2
1978-04-12,179.6
1978-04-13,178.3
1978-04-16,173
1978-04-17,174.6
1978-04-18,174.3
1978-04-19,171.4
1978-04-20,171.5
1978-04-23,168.4
1978-04-24,168.4
1978-04-25,169.4
1978-04-26,171.7
1978-04-27,170.6
1978-04-30,169.8
1978-05-01,170.7
1978-05-02,172.2
1978-05-03,174.1
1978-05-04,174
1978-05-07,172.6
1978-05-08,172.8
1978-05-09,174.9
1978-05-10,174.4
1978-05-11,174.4
1978-05-14,176.6
1978-05-15,177.6
1978-05-16,177.2
1978-05-17,179
1978-05-18,178.6
1978-05-21,179.9
1978-05-22,181.8
1978-05-23,179.4
1978-05-24,180.3
1978-05-25,179.8
1978-05-29,186.6
1978-05-30,187
1978-05-31,186.7
1978-06-01,185.2
1978-06-04,184
1978-06-05,184.3
1978-06-06,182.7
1978-06-07,184
1978-06-08,183.5
1978-06-11,183.3
1978-06-12,185.5
1978-06-13,185
1978-06-14,185.9
1978-06-15,187.5
1978-06-18,188.3
1978-06-19,187.7
1978-06-20,187.6
1978-06-21,188
1978-06-22,187.4
1978-06-25,186.5
1978-06-26,186.5
1978-06-27,186
1978-06-28,183.9
1978-06-29,183.7
1978-07-02,184.8
1978-07-04,184.9
1978-07-05,183.9
1978-07-06,186.5
1978-07-09,187.2
1978-07-10,186.6
1978-07-11,187.2
1978-07-12,186.1
1978-07-13,186.6
1978-07-16,184.8
1978-07-17,186
1978-07-18,187.4
1978-07-19,192.2
1978-07-20,196.3
1978-07-23,193.8
1978-07-24,195.5
1978-07-25,195
1978-07-26,198.2
1978-07-27,206.9
1978-07-30,209.8
1978-07-31,207.5
1978-08-01,208.4
1978-08-02,205.7
1978-08-03,209.6
1978-08-06,213.1
1978-08-07,214
1978-08-08,210.8
1978-08-09,215.3
1978-08-10,216
1978-08-13,220.3
1978-08-14,218
1978-08-15,217.3
1978-08-16,211.7
1978-08-17,212.7
1978-08-20,212.7
1978-08-21,209.5
1978-08-22,207.1
1978-08-23,204.8
1978-08-24,202.6
1978-08-27,202.8
1978-08-28,211.4
1978-08-29,211.6
1978-08-30,210.6
1978-08-31,215.5
1978-09-04,217.6
1978-09-05,216.5
1978-09-06,211.3
1978-09-07,210.2
1978-09-10,210.4
1978-09-11,211.5
1978-09-12,215.6
1978-09-13,214.2
1978-09-14,214.5
1978-09-17,219.3
1978-09-18,214.4
1978-09-19,219.4
1978-09-20,220.1
1978-09-21,222.8
1978-09-24,221.7
1978-09-25,219.7
1978-09-26,222.3
1978-09-27,221.4
1978-09-28,220.9
1978-10-01,223.1
1978-10-02,226.4
1978-10-03,227
1978-10-04,227.2
1978-10-05,225.5
1978-10-08,227.1
1978-10-09,227.9
1978-10-10,230.7
1978-10-11,226.3
1978-10-12,226.9
1978-10-15,229.6
1978-10-16,231.1
1978-10-17,230.9
1978-10-18,227.7
1978-10-19,230
1978-10-22,227.8
1978-10-23,229.8
1978-10-24,235.5
1978-10-25,236.5
1978-10-26,239.4
1978-10-29,247
1978-10-30,240.7
1978-10-31,230.7
1978-11-01,220.7
1978-11-02,215
1978-11-05,213.2
1978-11-07,218.3
1978-11-08,208.5
1978-11-09,210.2
1978-11-12,211.2
1978-11-13,209
1978-11-14,199.1
1978-11-15,199.3
1978-11-16,200
1978-11-19,198.3
1978-11-20,197.9
1978-11-21,201.4
1978-11-23,201.4
1978-11-26,196.6
1978-11-27,192.6
1978-11-28,195.4
1978-11-29,196.4
1978-11-30,200.1
1978-12-03,199.9
1978-12-04,199.1
1978-12-05,200.9
1978-12-06,202.2
1978-12-07,207.6
1978-12-10,206.2
1978-12-11,208.3
1978-12-12,204.6
1978-12-13,207.1
1978-12-14,208.1
1978-12-17,217.6
1978-12-18,223.7
1978-12-19,217.6
1978-12-20,217.6
1978-12-21,216.7
1978-12-25,221.6
1978-12-26,224.8
1978-12-27,225.1
1978-12-28,229
1979-01-01,224.1
1979-01-02,223
1979-01-03,226.9
1979-01-04,224.8
1979-01-07,226.7
1979-01-08,222
1979-01-09,223.4
1979-01-10,218.6
1979-01-11,219.4
1979-01-14,220
1979-01-15,226.3
1979-01-16,227.4
1979-01-17,230.8
1979-01-18,232.6
1979-01-21,231.3
1979-01-22,233.3
1979-01-23,238.2
1979-01-24,234.5
1979-01-25,235.8
1979-01-28,232.2
1979-01-29,238
1979-01-30,236.6
1979-01-31,235.2
1979-02-01,242.5
1979-02-04,250.4
1979-02-05,247
1979-02-06,257
1979-02-07,247
1979-02-08,247.3
1979-02-11,248.6
1979-02-12,241.9
1979-02-13,249
1979-02-14,248
1979-02-15,250.6
1979-02-19,252.7
1979-02-20,252.6
1979-02-21,253.8
1979-02-22,255.7
1979-02-25,247.7
1979-02-26,251.2
1979-02-27,252.9
1979-02-28,252
1979-03-01,243.2
1979-03-04,236.7
1979-03-05,239.7
1979-03-06,242.5
1979-03-07,240.1
1979-03-08,241.6
1979-03-11,240.2
1979-03-12,240.3
1979-03-13,240.3
1979-03-14,244
1979-03-15,243.7
1979-03-18,244.1
1979-03-19,239.5
1979-03-20,243
1979-03-21,242.1
1979-03-22,241.8
1979-03-25,246.2
1979-03-26,242.8
1979-03-27,242.3
1979-03-28,243.9
1979-03-29,243.8
1979-04-01,243.8
1979-04-02,242.8
1979-04-03,245.3
1979-04-04,243.5
1979-04-05,244.3
1979-04-08,243.2
1979-04-09,242.4
1979-04-10,235.3
1979-04-11,235.6
1979-04-15,233.1
1979-04-16,235.6
1979-04-17,242.5
1979-04-18,240.5
1979-04-19,239
1979-04-22,243.8
1979-04-23,244.2
1979-04-24,245.4
1979-04-25,245.1
1979-04-26,248.6
1979-04-29,249.2
1979-04-30,247.8
1979-05-01,248.5
1979-05-02,249.5
1979-05-03,250.3
1979-05-06,251.7
1979-05-07,247.7
1979-05-08,252.3
1979-05-09,252.6
1979-05-10,249.8
1979-05-13,254.2
1979-05-14,255.8
1979-05-15,258.7
1979-05-16,259.7
1979-05-17,260
1979-05-20,267.5
1979-05-21,265.8
1979-05-22,264.7
1979-05-23,265.6
1979-05-24,270.5
1979-05-28,269.6
1979-05-29,276.3
1979-05-30,281.1
1979-05-31,276.9
1979-06-03,279.9
1979-06-04,283.9
1979-06-05,284.3
1979-06-06,281.6
1979-06-07,284.6
1979-06-10,284.6
1979-06-11,279.4
1979-06-12,283
1979-06-13,281.1
1979-06-14,283.1
1979-06-17,281.2
1979-06-18,285
1979-06-19,282.6
1979-06-20,284.5
1979-06-21,284.6
1979-06-24,286.5
1979-06-25,281.9
1979-06-26,280
1979-06-27,280.3
1979-06-28,283.8
1979-07-01,284
1979-07-02,285.8
1979-07-04,292.8
1979-07-05,290.9
1979-07-08,293
1979-07-09,292.3
1979-07-10,293.2
1979-07-11,291.2
1979-07-12,290.8
1979-07-15,297
1979-07-16,299
1979-07-17,301.8
1979-07-18,301.4
1979-07-19,302.5
1979-07-22,305.7
1979-07-23,307.1
1979-07-24,304.9
1979-07-25,305.6
1979-07-26,305.9
1979-07-29,307.3
1979-07-30,297.3
1979-07-31,300.9
1979-08-01,295.5
1979-08-02,295.8
1979-08-05,290.4
1979-08-06,294.2
1979-08-07,303
1979-08-08,309.1
1979-08-09,312.7
1979-08-12,305.8
1979-08-13,308.8
1979-08-14,309.6
1979-08-15,310.2
1979-08-16,307.3
1979-08-19,307
1979-08-20,316.2
1979-08-21,320.4
1979-08-22,324.7
1979-08-23,320.7
1979-08-26,323.9
1979-08-27,326.8
1979-08-28,326
1979-08-29,329.2
1979-08-30,326.7
1979-09-03,330.6
1979-09-04,340.6
1979-09-05,339
1979-09-06,346.3
1979-09-09,348.9
1979-09-10,346
1979-09-11,343.3
1979-09-12,352.9
1979-09-13,354.4
1979-09-16,364.4
1979-09-17,374.4
1979-09-18,384.8
1979-09-19,381.5
1979-09-20,384.2
1979-09-23,383.2
1979-09-24,381
1979-09-25,389
1979-09-26,408
1979-09-27,404.5
1979-09-30,424.5
1979-10-01,421
1979-10-02,402.5
1979-10-03,382.5
1979-10-04,393
1979-10-07,374.5
1979-10-08,399.5
1979-10-09,424.5
1979-10-10,396
1979-10-11,404
1979-10-14,407
1979-10-15,396
1979-10-16,393
1979-10-17,393.5
1979-10-18,400
1979-10-21,396.8
1979-10-22,392.5
1979-10-23,402.5
1979-10-24,394.7
1979-10-25,377.7
1979-10-28,379.5
1979-10-29,383.5
1979-10-30,385.7
1979-10-31,372
1979-11-01,378.5
1979-11-04,383.3
1979-11-05,397.5
1979-11-06,396
1979-11-07,394
1979-11-08,391.2
1979-11-11,397
1979-11-12,387
1979-11-13,392.4
1979-11-14,388.3
1979-11-15,391.2
1979-11-18,388.7
1979-11-19,393.5
1979-11-20,394.2
1979-11-22,394.6
1979-11-25,390.8
1979-11-26,398.2
1979-11-27,411
1979-11-28,419.5
1979-11-29,430.5
1979-12-02,443.7
1979-12-03,438.5
1979-12-04,444
1979-12-05,436.7
1979-12-06,436
1979-12-09,446
1979-12-10,460
1979-12-11,459.3
1979-12-12,472
1979-12-13,474.5
1979-12-16,479
1979-12-17,492
1979-12-18,480
1979-12-19,481
1979-12-20,495.5
1979-12-25,514.3
1979-12-26,523.5
1979-12-27,525
1979-12-30,541
1980-01-01,566
1980-01-02,591
1980-01-03,611
1980-01-06,634
1980-01-07,609
1980-01-08,605
1980-01-09,603
1980-01-10,628
1980-01-13,653
1980-01-14,690.5
1980-01-15,740.5
1980-01-16,790.5
1980-01-17,823
1980-01-20,834
1980-01-21,784
1980-01-22,734
1980-01-23,684
1980-01-24,635
1980-01-27,639
1980-01-28,702
1980-01-29,681
1980-01-30,704
1980-01-31,704
1980-02-03,677
1980-02-04,702
1980-02-05,727
1980-02-06,710
1980-02-07,717.5
1980-02-10,726
1980-02-11,718.5
1980-02-12,709
1980-02-13,690.5
1980-02-14,680.5
1980-02-18,655.5
1980-02-19,673
1980-02-20,666.5
1980-02-21,641.5
1980-02-24,659
1980-02-25,635.5
1980-02-26,639
1980-02-27,650.5
1980-02-28,640
1980-03-02,641
1980-03-03,651.5
1980-03-04,643
1980-03-05,618
1980-03-06,605
1980-03-09,567.5
1980-03-10,570.5
1980-03-11,581.5
1980-03-12,544
1980-03-13,530
1980-03-16,480
1980-03-17,488.5
1980-03-18,538.5
1980-03-19,538.5
1980-03-20,565
1980-03-23,549
1980-03-24,529
1980-03-25,504
1980-03-26,463
1980-03-27,525
1980-03-30,519
1980-03-31,515
1980-04-01,506
1980-04-02,501.5
1980-04-06,526.5
1980-04-07,551.5
1980-04-08,550
1980-04-09,544.5
1980-04-10,544
1980-04-13,519.5
1980-04-14,530
1980-04-15,516
1980-04-16,522
1980-04-17,520
1980-04-20,497
1980-04-21,510
1980-04-22,515
1980-04-23,538
1980-04-24,547
1980-04-27,522
1980-04-28,529
1980-04-29,507
1980-04-30,520
1980-05-01,516
1980-05-04,523
1980-05-05,510
1980-05-06,517
1980-05-07,512.5
1980-05-08,515.7
1980-05-11,510
1980-05-12,520
1980-05-13,524.5
1980-05-14,514.5
1980-05-15,514.8
1980-05-18,511
1980-05-19,512
1980-05-20,506.5
1980-05-21,515
1980-05-22,510
1980-05-26,524
1980-05-27,519.2
1980-05-28,537.5
1980-05-29,555
1980-06-01,576.5
1980-06-02,569
1980-06-03,592.5
1980-06-04,597
1980-06-05,616
1980-06-08,633.5
1980-06-09,608.5
1980-06-10,594.5
1980-06-11,609
1980-06-12,613
1980-06-15,598
1980-06-16,606.5
1980-06-17,603
1980-06-18,613
1980-06-19,609.5
1980-06-22,610
1980-06-23,624
1980-06-24,623.5
1980-06-25,633
1980-06-26,657.5
1980-06-29,654
1980-06-30,676
1980-07-01,667.5
1980-07-02,676
1980-07-06,684
1980-07-07,678.5
1980-07-08,666.5
1980-07-09,672
1980-07-10,670.5
1980-07-13,645.5
1980-07-14,620.5
1980-07-15,628.5
1980-07-16,620.2
1980-07-17,614
1980-07-20,613.5
1980-07-21,638
1980-07-22,631.5
1980-07-23,639.5
1980-07-24,653
1980-07-27,648
1980-07-28,637.5
1980-07-29,636
1980-07-30,642
1980-07-31,640
1980-08-03,650
1980-08-04,649.5
1980-08-05,654
1980-08-06,656
1980-08-07,647
1980-08-10,623
1980-08-11,633
1980-08-12,635
1980-08-13,647.4
1980-08-14,635
1980-08-17,640.5
1980-08-18,642
1980-08-19,667
1980-08-20,659
1980-08-21,658
1980-08-24,643.3
1980-08-25,651
1980-08-26,653.5
1980-08-27,654
1980-08-28,656
1980-09-01,660
1980-09-02,658
1980-09-03,673
1980-09-04,670
1980-09-07,695
1980-09-08,693.5
1980-09-09,703.5
1980-09-10,713.5
1980-09-11,704
1980-09-14,685
1980-09-15,700
1980-09-16,692
1980-09-17,693
1980-09-18,708
1980-09-21,733
1980-09-22,731.5
1980-09-23,729.5
1980-09-24,728.5
1980-09-25,703.5
1980-09-28,678.5
1980-09-29,688.5
1980-09-30,696.5
1980-10-01,685
1980-10-02,684.5
1980-10-05,693.5
1980-10-06,688
1980-10-07,690
1980-10-08,699.5
1980-10-09,700
1980-10-12,691.7
1980-10-13,691.5
1980-10-14,686
1980-10-15,677.5
1980-10-16,665
1980-10-19,667
1980-10-20,668
1980-10-21,660
1980-10-22,635
1980-10-23,639
1980-10-26,640.5
1980-10-27,642
1980-10-28,645
1980-10-29,647.5
1980-10-30,642
1980-11-02,655
1980-11-04,643
1980-11-05,618
1980-11-06,607
1980-11-09,609.5
1980-11-10,617
1980-11-11,618.5
1980-11-12,611
1980-11-13,621
1980-11-16,617
1980-11-17,621.5
1980-11-18,634
1980-11-19,645
1980-11-20,638.5
1980-11-23,618
1980-11-24,628
1980-11-25,622.6
1980-11-27,644.5
1980-11-30,647
1980-12-01,641.5
1980-12-02,647.3
1980-12-03,639.5
1980-12-04,638
1980-12-07,630.4
1980-12-08,608
1980-12-09,583
1980-12-10,558
1980-12-11,587
1980-12-14,587.5
1980-12-15,580
1980-12-16,588
1980-12-17,583
1980-12-18,607.5
1980-12-21,604
1980-12-22,616
1980-12-23,617
1980-12-28,595
1980-12-29,595
1980-12-30,599.5
1981-01-01,594.5
1981-01-04,601.5
1981-01-05,605
1981-01-06,580
1981-01-07,577.5
1981-01-08,581
1981-01-11,566.5
1981-01-12,565.5
1981-01-13,573.5
1981-01-14,562
1981-01-15,567.5
1981-01-18,565.5
1981-01-19,571
1981-01-20,568
1981-01-21,557
1981-01-22,552.5
1981-01-25,527.5
1981-01-26,520.5
1981-01-27,507
1981-01-28,529
1981-01-29,512.5
1981-02-01,492.5
1981-02-02,505
1981-02-03,500
1981-02-04,510
1981-02-05,514
1981-02-08,527.5
1981-02-09,517.5
1981-02-10,507
1981-02-11,504
1981-02-12,501
1981-02-16,507
1981-02-17,500.5
1981-02-18,515.5
1981-02-19,514.5
1981-02-22,505
1981-02-23,511
1981-02-24,504
1981-02-25,499
1981-02-26,486.5
1981-03-01,465
1981-03-02,476
1981-03-03,461
1981-03-04,466.5
1981-03-05,467
1981-03-08,475
1981-03-09,485.5
1981-03-10,478
1981-03-11,485
1981-03-12,488.5
1981-03-15,495.5
1981-03-16,509
1981-03-17,508.5
1981-03-18,512
1981-03-19,537
1981-03-22,527
1981-03-23,536.5
1981-03-24,532
1981-03-25,545
1981-03-26,529.3
1981-03-29,524.5
1981-03-30,525.5
1981-03-31,528
1981-04-01,528.5
1981-04-02,532.5
1981-04-05,538
1981-04-06,522.5
1981-04-07,524.5
1981-04-08,501.5
1981-04-09,496
1981-04-12,487
1981-04-13,492
1981-04-14,482.3
1981-04-15,495.5
1981-04-19,495.7
1981-04-20,497.5
1981-04-21,496
1981-04-22,498
1981-04-23,491.3
1981-04-26,491
1981-04-27,489.8
1981-04-28,484.5
1981-04-29,489
1981-04-30,496
1981-05-03,486.5
1981-05-04,486.5
1981-05-05,484.5
1981-05-06,487
1981-05-07,496.5
1981-05-10,488
1981-05-11,491.5
1981-05-12,482
1981-05-13,486.5
1981-05-14,479.5
1981-05-17,485
1981-05-18,478.5
1981-05-19,482.5
1981-05-20,468
1981-05-21,471
1981-05-25,465.5
1981-05-26,469.7
1981-05-27,494.5
1981-05-28,492.5
1981-05-31,487.5
1981-06-01,487
1981-06-02,481.5
1981-06-03,476
1981-06-04,462.5
1981-06-07,473
1981-06-08,469
1981-06-09,477
1981-06-10,476
1981-06-11,476
1981-06-14,472
1981-06-15,472.5
1981-06-16,469
1981-06-17,467
1981-06-18,467.5
1981-06-21,472.3
1981-06-22,471.2
1981-06-23,460.5
1981-06-24,451
1981-06-25,447
1981-06-28,432
1981-06-29,428.5
1981-06-30,419
1981-07-01,416.5
1981-07-05,404
1981-07-06,409.5
1981-07-07,407
1981-07-08,415.5
1981-07-09,422
1981-07-12,409
1981-07-13,414.5
1981-07-14,414
1981-07-15,417.5
1981-07-16,420
1981-07-19,411
1981-07-20,411.5
1981-07-21,408
1981-07-22,408.7
1981-07-23,408.2
1981-07-26,402
1981-07-27,406.5
1981-07-28,403.5
1981-07-29,424.4
1981-07-30,423.2
1981-08-02,406.5
1981-08-03,408.5
1981-08-04,409.3
1981-08-05,418.2
1981-08-06,414.8
1981-08-09,415.5
1981-08-10,429
1981-08-11,423
1981-08-12,429
1981-08-13,430.5
1981-08-16,433
1981-08-17,455.5
1981-08-18,456
1981-08-19,448
1981-08-20,452.5
1981-08-23,433
1981-08-24,427.5
1981-08-25,430.5
1981-08-26,436
1981-08-27,445
1981-08-30,443.5
1981-08-31,444.7
1981-09-01,452.5
1981-09-02,462.5
1981-09-03,455.5
1981-09-07,448.5
1981-09-08,463.5
1981-09-09,464.5
1981-09-10,470
1981-09-13,476.4
1981-09-14,469
1981-09-15,466
1981-09-16,456.5
1981-09-17,465
1981-09-20,482
1981-09-21,475
1981-09-22,469.5
1981-09-23,459.5
1981-09-24,441.5
1981-09-27,441.8
1981-09-28,441.5
1981-09-29,443
1981-09-30,440
1981-10-01,447.5
1981-10-04,445.5
1981-10-05,461.5
1981-10-06,453.5
1981-10-07,457.5
1981-10-08,457
1981-10-11,452
1981-10-12,456
1981-10-13,452
1981-10-14,450.2
1981-10-15,447.5
1981-10-18,442.7
1981-10-19,437.5
1981-10-20,438
1981-10-21,439.2
1981-10-22,436
1981-10-25,429.8
1981-10-26,435.3
1981-10-27,428
1981-10-28,433.3
1981-10-29,431.2
1981-11-01,432.5
1981-11-02,434.2
1981-11-03,433.3
1981-11-04,431.2
1981-11-05,430.9
1981-11-08,423.5
1981-11-09,414.5
1981-11-10,412.1
1981-11-11,414
1981-11-12,415.2
1981-11-15,401.4
1981-11-16,405
1981-11-17,398
1981-11-18,400.5
1981-11-19,398
1981-11-22,394
1981-11-23,401.8
1981-11-24,412.5
1981-11-26,419.8
1981-11-29,413.3
1981-11-30,412
1981-12-01,429
1981-12-02,428
1981-12-03,429
1981-12-06,424
1981-12-07,415.8
1981-12-08,416.8
1981-12-09,413.5
1981-12-10,412.5
1981-12-13,419.5
1981-12-14,423
1981-12-15,428.3
1981-12-16,422.3
1981-12-17,418.2
1981-12-20,405.8
1981-12-21,408.4
1981-12-22,408
1981-12-23,406.3
1981-12-27,397.2
1981-12-28,399
1981-12-29,403
1981-12-30,402.8
1982-01-03,407.3
1982-01-04,405.6
1982-01-05,403
1982-01-06,402
1982-01-07,397.5
1982-01-10,388
1982-01-11,390
1982-01-12,379.6
1982-01-13,378.6
1982-01-14,372
1982-01-17,377
1982-01-18,371.2
1982-01-19,374.5
1982-01-20,376.5
1982-01-21,378.5
1982-01-24,375.6
1982-01-25,376.4
1982-01-26,384.2
1982-01-27,392.4
1982-01-28,391.8
1982-01-31,389.2
1982-02-01,384.7
1982-02-02,386.8
1982-02-03,393.8
1982-02-04,392
1982-02-07,386.8
1982-02-08,387.6
1982-02-09,391.3
1982-02-10,384.5
1982-02-11,384.9
1982-02-15,381.8
1982-02-16,381.1
1982-02-17,374.1
1982-02-18,369.3
1982-02-21,368.8
1982-02-22,367.7
1982-02-23,372.4
1982-02-24,369.8
1982-02-25,364.5
1982-02-28,365.8
1982-03-01,361.6
1982-03-02,354.2
1982-03-03,346.8
1982-03-04,336.3
1982-03-07,331
1982-03-08,336
1982-03-09,338.8
1982-03-10,330
1982-03-11,319.6
1982-03-14,326.2
1982-03-15,314.5
1982-03-16,319.3
1982-03-17,325.2
1982-03-18,317.7
1982-03-21,324.6
1982-03-22,327
1982-03-23,334.2
1982-03-24,326.7
1982-03-25,322.2
1982-03-28,323.2
1982-03-29,326.5
1982-03-30,334.2
1982-03-31,332.8
1982-04-01,336.8
1982-04-04,353.3
1982-04-05,367
1982-04-06,357
1982-04-07,366
1982-04-11,357.5
1982-04-12,362.7
1982-04-13,376
1982-04-14,371.8
1982-04-15,366
1982-04-18,346.5
1982-04-19,350.5
1982-04-20,349.1
1982-04-21,349.6
1982-04-22,356.7
1982-04-25,356.5
1982-04-26,360
1982-04-27,359.1
1982-04-28,360.5
1982-04-29,346.5
1982-05-02,349
1982-05-03,346.5
1982-05-04,339.8
1982-05-05,335
1982-05-06,336.5
1982-05-09,331.5
1982-05-10,335.8
1982-05-11,335
1982-05-12,333.5
1982-05-13,340
1982-05-16,336.2
1982-05-17,342.1
1982-05-18,342.5
1982-05-19,344
1982-05-20,337.2
1982-05-23,328.8
1982-05-24,329.5
1982-05-25,324.8
1982-05-26,326.4
1982-05-27,329
1982-05-31,323.8
1982-06-01,326.4
1982-06-02,323.5
1982-06-03,325.3
1982-06-06,342.5
1982-06-07,337.3
1982-06-08,333.2
1982-06-09,332.6
1982-06-10,333.2
1982-06-13,322.5
1982-06-14,321
1982-06-15,321.4
1982-06-16,312.2
1982-06-17,308.5
1982-06-20,305
1982-06-21,301.5
1982-06-22,311
1982-06-23,307.5
1982-06-24,310.2
1982-06-27,313.7
1982-06-28,318
1982-06-29,317.8
1982-06-30,316.5
1982-07-01,315
1982-07-05,311.5
1982-07-06,313.5
1982-07-07,324.7
1982-07-08,348
1982-07-11,343.5
1982-07-12,359.5
1982-07-13,349.2
1982-07-14,345.7
1982-07-15,351.5
1982-07-18,346.5
1982-07-19,360.3
1982-07-20,356.2
1982-07-21,359.5
1982-07-22,361.2
1982-07-25,355.5
1982-07-26,352.2
1982-07-27,339.5
1982-07-28,351.7
1982-07-29,355.5
1982-08-01,366.1
1982-08-02,358
1982-08-03,363.1
1982-08-04,356.8
1982-08-05,355.5
1982-08-08,346.5
1982-08-09,343.3
1982-08-10,344.5
1982-08-11,348.5
1982-08-12,344.9
1982-08-15,348.4
1982-08-16,354.5
1982-08-17,368.9
1982-08-18,384.5
1982-08-19,396
1982-08-22,408.7
1982-08-23,413.2
1982-08-24,417
1982-08-25,437.5
1982-08-26,413
1982-08-29,419.5
1982-08-30,418.5
1982-08-31,415.5
1982-09-01,440.5
1982-09-02,465.5
1982-09-06,481
1982-09-07,497
1982-09-08,472
1982-09-09,452
1982-09-12,457
1982-09-13,447
1982-09-14,454.5
1982-09-15,454
1982-09-16,443
1982-09-19,436
1982-09-20,447
1982-09-21,445.5
1982-09-22,447.3
1982-09-23,424.3
1982-09-26,412
1982-09-27,420.5
1982-09-28,400
1982-09-29,404.8
1982-09-30,413
1982-10-03,392.5
1982-10-04,398.4
1982-10-05,403.8
1982-10-06,428.8
1982-10-07,424.5
1982-10-10,449.5
1982-10-11,443.5
1982-10-12,460
1982-10-13,445.5
1982-10-14,433
1982-10-17,439.5
1982-10-18,427
1982-10-19,437
1982-10-20,427.5
1982-10-21,435.5
1982-10-24,420.5
1982-10-25,426.7
1982-10-26,425
1982-10-27,422.7
1982-10-28,423
1982-10-31,432.5
1982-11-02,426
1982-11-03,429.3
1982-11-04,419
1982-11-07,407.5
1982-11-08,414
1982-11-09,405
1982-11-10,406
1982-11-11,410.5
1982-11-14,406.5
1982-11-15,411.5
1982-11-16,408.5
1982-11-17,413.2
1982-11-18,414.8
1982-11-21,406
1982-11-22,405.3
1982-11-23,411.5
1982-11-25,427.3
1982-11-28,440.6
1982-11-29,449
1982-11-30,441.7
1982-12-01,449.5
1982-12-02,447.8
1982-12-05,452
1982-12-06,458.5
1982-12-07,444.5
1982-12-08,449.2
1982-12-09,441.5
1982-12-12,449.5
1982-12-13,436.8
1982-12-14,443.7
1982-12-15,446
1982-12-16,444.2
1982-12-19,446.9
1982-12-20,455.5
1982-12-21,448
1982-12-22,450.8
1982-12-26,462.2
1982-12-27,460
1982-12-28,465.5
1982-12-29,453
1983-01-02,453.4
1983-01-03,456.7
1983-01-04,461
1983-01-05,456.5
1983-01-06,469.5
1983-01-09,483.2
1983-01-10,482.4
1983-01-11,492.6
1983-01-12,490
1983-01-13,490
1983-01-16,492.5
1983-01-17,503.8
1983-01-18,489.6
1983-01-19,492.5
1983-01-20,485
1983-01-23,482.5
1983-01-24,490
1983-01-25,491.3
1983-01-26,496
1983-01-27,502.8
1983-01-30,518.2
1983-01-31,511.5
1983-02-01,515
1983-02-02,504
1983-02-03,501
1983-02-06,501
1983-02-07,499.2
1983-02-08,498.3
1983-02-09,509.5
1983-02-10,510
1983-02-13,514.2
1983-02-14,511.5
1983-02-15,511
1983-02-16,508
1983-02-17,510.5
1983-02-21,485.5
1983-02-22,471.5
1983-02-23,473.7
1983-02-24,448.7
1983-02-27,423.7
1983-02-28,415
1983-03-01,436
1983-03-02,433
1983-03-03,420
1983-03-06,429.5
1983-03-07,424.5
1983-03-08,426.3
1983-03-09,433
1983-03-10,429.3
1983-03-13,438.5
1983-03-14,427.8
1983-03-15,419.5
1983-03-16,420.8
1983-03-17,416.5
1983-03-20,421
1983-03-21,419.5
1983-03-22,418.5
1983-03-23,410.5
1983-03-24,414.5
1983-03-27,412.3
1983-03-28,415.8
1983-03-29,419.5
1983-03-30,422
1983-04-03,433.5
1983-04-04,434.8
1983-04-05,435.5
1983-04-06,431
1983-04-07,427.2
1983-04-10,436.8
1983-04-11,437
1983-04-12,437.4
1983-04-13,443
1983-04-14,442.2
1983-04-17,449.8
1983-04-18,437.5
1983-04-19,443
1983-04-20,439.7
1983-04-21,443.3
1983-04-24,440.8
1983-04-25,442.3
1983-04-26,435
1983-04-27,434.2
1983-04-28,433.5
1983-05-01,432.3
1983-05-02,436.4
1983-05-03,437.7
1983-05-04,434.8
1983-05-05,439.5
1983-05-08,443.8
1983-05-09,445.3
1983-05-10,445.7
1983-05-11,440.4
1983-05-12,442.8
1983-05-15,440.2
1983-05-16,444.3
1983-05-17,441.2
1983-05-18,439.3
1983-05-19,438
1983-05-22,439
1983-05-23,437.5
1983-05-24,440.1
1983-05-25,437.3
1983-05-26,435.9
1983-05-30,418.5
1983-05-31,411.5
1983-06-01,417.8
1983-06-02,418
1983-06-05,407.5
1983-06-06,409.9
1983-06-07,408
1983-06-08,418
1983-06-09,412.4
1983-06-12,418.5
1983-06-13,416.2
1983-06-14,413.9
1983-06-15,419.7
1983-06-16,417.8
1983-06-19,420.3
1983-06-20,422.8
1983-06-21,424.2
1983-06-22,425.3
1983-06-23,426.8
1983-06-26,419
1983-06-27,417.5
1983-06-28,419.3
1983-06-29,418.5
1983-06-30,421.2
1983-07-04,416
1983-07-05,415.5
1983-07-06,432.8
1983-07-07,430.3
1983-07-10,432.7
1983-07-11,430
1983-07-12,426.5
1983-07-13,422.3
1983-07-14,421.7
1983-07-17,426.3
1983-07-18,424.8
1983-07-19,430.2
1983-07-20,423.8
1983-07-21,425.7
1983-07-24,428.3
1983-07-25,426.7
1983-07-26,425
1983-07-27,440.2
1983-07-28,427.4
1983-07-31,426.5
1983-08-01,428
1983-08-02,429.2
1983-08-03,424.4
1983-08-04,426.8
1983-08-07,425.3
1983-08-08,423
1983-08-09,424.9
1983-08-10,423.6
1983-08-11,426.2
1983-08-14,432.8
1983-08-15,432.2
1983-08-16,434
1983-08-17,432.7
1983-08-18,430.3
1983-08-21,437.6
1983-08-22,436.8
1983-08-23,433.4
1983-08-24,428.7
1983-08-25,430.8
1983-08-28,428.5
1983-08-29,428.5
1983-08-30,424.8
1983-08-31,425.8
1983-09-01,427
1983-09-05,422.3
1983-09-06,423.9
1983-09-07,424.3
1983-09-08,422.9
1983-09-11,414
1983-09-12,415.7
1983-09-13,416.5
1983-09-14,413.2
1983-09-15,418.7
1983-09-18,421.5
1983-09-19,419.2
1983-09-20,419.1
1983-09-21,419.5
1983-09-22,423.6
1983-09-25,421.9
1983-09-26,420.2
1983-09-27,417.6
1983-09-28,411.5
1983-09-29,407.8
1983-10-02,396.4
1983-10-03,398.8
1983-10-04,402.3
1983-10-05,400.5
1983-10-06,405.3
1983-10-09,408.4
1983-10-10,403
1983-10-11,401.8
1983-10-12,403.7
1983-10-13,403.7
1983-10-16,401.6
1983-10-17,400.3
1983-10-18,394.8
1983-10-19,397.5
1983-10-20,396.8
1983-10-23,401.8
1983-10-24,400.8
1983-10-25,389.3
1983-10-26,389
1983-10-27,389.8
1983-10-30,378.8
1983-10-31,380.8
1983-11-01,385.5
1983-11-02,385
1983-11-03,382.3
1983-11-06,383.4
1983-11-07,383
1983-11-08,383.5
1983-11-09,383.4
1983-11-10,385.7
1983-11-13,384.1
1983-11-14,384.2
1983-11-15,376.3
1983-11-16,378.2
1983-11-17,376.3
1983-11-20,376.7
1983-11-21,376.2
1983-11-22,375.7
1983-11-24,377.2
1983-11-27,395.2
1983-11-28,403.8
1983-11-29,409
1983-11-30,406.9
1983-12-01,404.1
1983-12-04,404.5
1983-12-05,404.4
1983-12-06,408.8
1983-12-07,394
1983-12-08,393.4
1983-12-11,395.5
1983-12-12,395.3
1983-12-13,393.4
1983-12-14,385.1
1983-12-15,377
1983-12-18,377.3
1983-12-19,383.4
1983-12-20,381.7
1983-12-21,385.7
1983-12-22,383.6
1983-12-26,382.9
1983-12-27,381.6
1983-12-28,385.5
1983-12-29,388
1984-01-02,381.7
1984-01-03,379.7
1984-01-04,377.7
1984-01-05,370
1984-01-08,367.7
1984-01-09,370.2
1984-01-10,372.9
1984-01-11,371.8
1984-01-12,372.5
1984-01-15,371.3
1984-01-16,370.8
1984-01-17,370.2
1984-01-18,375.3
1984-01-19,372.4
1984-01-22,366.3
1984-01-23,366.8
1984-01-24,367.5
1984-01-25,366.3
1984-01-26,369.5
1984-01-29,375.8
1984-01-30,379.2
1984-01-31,384.9
1984-02-01,391.8
1984-02-02,391.5
1984-02-05,387
1984-02-06,386.2
1984-02-07,387.3
1984-02-08,383.6
1984-02-09,382.5
1984-02-12,381.8
1984-02-13,387.8
1984-02-14,385.7
1984-02-15,387.4
1984-02-16,388.7
1984-02-20,392.4
1984-02-21,403.5
1984-02-22,402.8
1984-02-23,399.5
1984-02-26,405
1984-02-27,398.3
1984-02-28,398.9
1984-02-29,397.8
1984-03-01,403.7
1984-03-04,407.3
1984-03-05,407
1984-03-06,401.2
1984-03-07,405.3
1984-03-08,402.8
1984-03-11,398.3
1984-03-12,400.4
1984-03-13,395.8
1984-03-14,394.7
1984-03-15,395.3
1984-03-18,395.5
1984-03-19,395.3
1984-03-20,394
1984-03-21,387.8
1984-03-22,386.8
1984-03-25,388.5
1984-03-26,387.3
1984-03-27,390.3
1984-03-28,396.7
1984-03-29,394.3
1984-04-01,385.7
1984-04-02,387.5
1984-04-03,388.2
1984-04-04,385.4
1984-04-05,387.1
1984-04-08,388
1984-04-09,387.9
1984-04-10,388.7
1984-04-11,384.7
1984-04-12,387
1984-04-15,384.5
1984-04-16,385.6
1984-04-17,392
1984-04-18,388.8
1984-04-22,390.6
1984-04-23,386.1
1984-04-24,385.9
1984-04-25,381.2
1984-04-26,381.5
1984-04-29,379.6
1984-04-30,380.3
1984-05-01,381.3
1984-05-02,381.3
1984-05-03,378.5
1984-05-06,374.5
1984-05-07,375.9
1984-05-08,373.3
1984-05-09,375
1984-05-10,373.3
1984-05-13,375.5
1984-05-14,376.4
1984-05-15,378.1
1984-05-16,376.4
1984-05-17,379.6
1984-05-20,380.2
1984-05-21,380.4
1984-05-22,377.2
1984-05-23,379
1984-05-24,390
1984-05-28,385.2
1984-05-29,391.6
1984-05-30,393.6
1984-05-31,397
1984-06-03,402.2
1984-06-04,401.1
1984-06-05,398.9
1984-06-06,396.4
1984-06-07,389.5
1984-06-10,378.9
1984-06-11,379.5
1984-06-12,379.2
1984-06-13,379.9
1984-06-14,375.3
1984-06-17,375.7
1984-06-18,375.8
1984-06-19,376.6
1984-06-20,377.6
1984-06-21,376.6
1984-06-24,372.5
1984-06-25,374.5
1984-06-26,373.7
1984-06-27,376.9
1984-06-28,376.1
1984-07-01,373.6
1984-07-02,372.4
1984-07-04,362
1984-07-05,347.2
1984-07-08,349.8
1984-07-09,345.3
1984-07-10,343.3
1984-07-11,339.5
1984-07-12,345.8
1984-07-15,349.8
1984-07-16,347.3
1984-07-17,350.3
1984-07-18,348.3
1984-07-19,340
1984-07-22,337.8
1984-07-23,337.8
1984-07-24,343.7
1984-07-25,333.8
1984-07-26,342
1984-07-29,355.1
1984-07-30,350.3
1984-07-31,358
1984-08-01,357.1
1984-08-02,363
1984-08-05,361.5
1984-08-06,356.3
1984-08-07,356.7
1984-08-08,361.3
1984-08-09,354.8
1984-08-12,362.7
1984-08-13,366.8
1984-08-14,365.7
1984-08-15,362.2
1984-08-16,362.3
1984-08-19,354.8
1984-08-20,357.1
1984-08-21,365
1984-08-22,360.4
1984-08-23,362.3
1984-08-26,358.9
1984-08-27,358.7
1984-08-28,360
1984-08-29,358.2
1984-08-30,358
1984-09-03,347.3
1984-09-04,348.8
1984-09-05,352.7
1984-09-06,344.3
1984-09-09,347.2
1984-09-10,347.7
1984-09-11,346.8
1984-09-12,346.2
1984-09-13,348.1
1984-09-16,343.5
1984-09-17,348.3
1984-09-18,348
1984-09-19,349.3
1984-09-20,354.3
1984-09-23,352.3
1984-09-24,352.4
1984-09-25,348.7
1984-09-26,350.3
1984-09-27,351.3
1984-09-30,350.9
1984-10-01,353.4
1984-10-02,351.9
1984-10-03,352.8
1984-10-04,347
1984-10-07,347.8
1984-10-08,342
1984-10-09,343.6
1984-10-10,341.3
1984-10-11,346.3
1984-10-14,345.2
1984-10-15,343.2
1984-10-16,340.7
1984-10-17,344.3
1984-10-18,342.4
1984-10-21,342
1984-10-22,343.4
1984-10-23,342.9
1984-10-24,340.4
1984-10-25,340.3
1984-10-28,338
1984-10-29,336.5
1984-10-30,336
1984-10-31,338
1984-11-01,345.4
1984-11-04,349.8
1984-11-05,347.2
1984-11-06,352.5
1984-11-07,349.7
1984-11-08,347.5
1984-11-11,349.2
1984-11-12,347.7
1984-11-13,347.8
1984-11-14,345.8
1984-11-15,345
1984-11-18,343.3
1984-11-19,343.8
1984-11-20,342.9
1984-11-22,340.5
1984-11-25,331.5
1984-11-26,327.4
1984-11-27,330.8
1984-11-28,335.4
1984-11-29,333.5
1984-12-02,336.1
1984-12-03,334.1
1984-12-04,334.3
1984-12-05,334.7
1984-12-06,330.8
1984-12-09,329.4
1984-12-10,329.3
1984-12-11,329.5
1984-12-12,327.8
1984-12-13,325.4
1984-12-16,316.9
1984-12-17,311.5
1984-12-18,311.1
1984-12-19,309.6
1984-12-20,313.2
1984-12-25,314.2
1984-12-26,309.2
1984-12-27,310
1984-12-30,309.7
1985-01-01,304.2
1985-01-02,303.2
1985-01-03,299.7
1985-01-06,303.7
1985-01-07,298
1985-01-08,305.5
1985-01-09,304.3
1985-01-10,300.3
1985-01-13,303.9
1985-01-14,302.3
1985-01-15,304.5
1985-01-16,308.5
1985-01-17,307.2
1985-01-20,308.4
1985-01-21,303.9
1985-01-22,301.7
1985-01-23,299.7
1985-01-24,300.4
1985-01-27,302.9
1985-01-28,301.8
1985-01-29,307.9
1985-01-30,307.4
1985-01-31,306.5
1985-02-03,305.4
1985-02-04,305.5
1985-02-05,305.3
1985-02-06,302.7
1985-02-07,303.4
1985-02-10,307.5
1985-02-11,304.7
1985-02-12,305.7
1985-02-13,305.9
1985-02-14,306.9
1985-02-18,306.4
1985-02-19,306
1985-02-20,301.1
1985-02-21,296.5
1985-02-24,284.1
1985-02-25,290
1985-02-26,289.8
1985-02-27,288.7
1985-02-28,291.6
1985-03-03,291.9
1985-03-04,287.9
1985-03-05,292.9
1985-03-06,291
1985-03-07,288.5
1985-03-10,290.1
1985-03-11,292.3
1985-03-12,291.9
1985-03-13,291.8
1985-03-14,295.2
1985-03-17,303.8
1985-03-18,328.8
1985-03-19,324.3
1985-03-20,317.5
1985-03-21,316.8
1985-03-24,316.4
1985-03-25,324.4
1985-03-26,327.8
1985-03-27,331.4
1985-03-28,334.1
1985-03-31,322.7
1985-04-01,326.2
1985-04-02,320.7
1985-04-03,324
1985-04-07,329
1985-04-08,327.9
1985-04-09,330
1985-04-10,336.4
1985-04-11,331.6
1985-04-14,333.2
1985-04-15,330.8
1985-04-16,327.9
1985-04-17,330.8
1985-04-18,331.3
1985-04-21,330.1
1985-04-22,325.6
1985-04-23,325.3
1985-04-24,326.2
1985-04-25,325.2
1985-04-28,327.2
1985-04-29,316.5
1985-04-30,315.3
1985-05-01,316.3
1985-05-02,313.3
1985-05-05,310.5
1985-05-06,316.5
1985-05-07,314.2
1985-05-08,314.3
1985-05-09,317.5
1985-05-12,326.3
1985-05-13,325.8
1985-05-14,323.9
1985-05-15,321.5
1985-05-16,321
1985-05-19,314
1985-05-20,317.9
1985-05-21,316.1
1985-05-22,316.1
1985-05-23,314.8
1985-05-27,310.3
1985-05-28,315.5
1985-05-29,316.6
1985-05-30,319.5
1985-06-02,320.3
1985-06-03,319.1
1985-06-04,318.4
1985-06-05,318.9
1985-06-06,317.7
1985-06-09,317.2
1985-06-10,316.9
1985-06-11,316.7
1985-06-12,317.4
1985-06-13,322
1985-06-16,321.8
1985-06-17,330.5
1985-06-18,324.8
1985-06-19,316
1985-06-20,316.6
1985-06-23,317.9
1985-06-24,318.3
1985-06-25,317.8
1985-06-26,319
1985-06-27,317.7
1985-06-30,310.8
1985-07-01,311.4
1985-07-02,311.4
1985-07-07,316.6
1985-07-08,314.5
1985-07-09,316.2
1985-07-10,315.1
1985-07-11,319.2
1985-07-14,318.4
1985-07-15,321
1985-07-16,324
1985-07-17,318.8
1985-07-18,318.8
1985-07-21,322.3
1985-07-22,318.3
1985-07-23,319.3
1985-07-24,319.6
1985-07-25,322
1985-07-28,324.2
1985-07-29,332
1985-07-30,335.2
1985-07-31,328
1985-08-01,329.7
1985-08-04,330.6
1985-08-05,328.6
1985-08-06,330.2
1985-08-07,329.6
1985-08-08,336.3
1985-08-11,334.7
1985-08-12,334.3
1985-08-13,334.2
1985-08-14,340.4
1985-08-15,345.6
1985-08-18,345.8
1985-08-19,343
1985-08-20,346.2
1985-08-21,340.9
1985-08-22,342.7
1985-08-25,342.9
1985-08-26,344
1985-08-27,347.3
1985-08-28,341.6
1985-08-29,339.8
1985-09-02,331
1985-09-03,331.1
1985-09-04,326.3
1985-09-05,326.6
1985-09-08,325.2
1985-09-09,327.6
1985-09-10,326.7
1985-09-11,326.3
1985-09-12,324
1985-09-15,324.5
1985-09-16,321.5
1985-09-17,319.8
1985-09-18,324.6
1985-09-19,323.8
1985-09-22,333.7
1985-09-23,334.8
1985-09-24,334.3
1985-09-25,332.2
1985-09-26,332.9
1985-09-29,327.1
1985-09-30,327.1
1985-10-01,328.3
1985-10-02,333.9
1985-10-03,332.2
1985-10-06,330.5
1985-10-07,328.6
1985-10-08,329
1985-10-09,329.1
1985-10-10,330.7
1985-10-13,329.8
1985-10-14,329.1
1985-10-15,326.8
1985-10-16,328.4
1985-10-17,329.7
1985-10-20,329.4
1985-10-21,330.1
1985-10-22,329
1985-10-23,328.2
1985-10-24,329.4
1985-10-27,328.9
1985-10-28,329.3
1985-10-29,327.8
1985-10-30,326.7
1985-10-31,328.1
1985-11-03,327.1
1985-11-04,326.2
1985-11-05,325.5
1985-11-06,323.1
1985-11-07,325.6
1985-11-10,324.5
1985-11-11,325.8
1985-11-12,326.2
1985-11-13,325.8
1985-11-14,324.7
1985-11-17,324.7
1985-11-18,324.7
1985-11-19,326.8
1985-11-20,327.4
1985-11-21,327.4
1985-11-24,332.7
1985-11-25,331.2
1985-11-26,325.7
1985-11-28,327.3
1985-12-01,326.5
1985-12-02,326.7
1985-12-03,325.7
1985-12-04,326.9
1985-12-05,326.2
1985-12-08,319.8
1985-12-09,321.2
1985-12-10,320.1
1985-12-11,320.4
1985-12-12,322.2
1985-12-15,324.9
1985-12-16,323.9
1985-12-17,327.3
1985-12-18,327.2
1985-12-19,328.7
1985-12-22,328.3
1985-12-23,328.2
1985-12-25,327.7
1985-12-26,329
1985-12-29,330.6
1985-12-30,331.1
1986-01-01,328.9
1986-01-02,330
1986-01-05,330.7
1986-01-06,332.8
1986-01-07,336.1
1986-01-08,339.9
1986-01-09,343.3
1986-01-12,341.5
1986-01-13,341
1986-01-14,350.7
1986-01-15,357.6
1986-01-16,358
1986-01-19,355.1
1986-01-20,352.8
1986-01-21,351.5
1986-01-22,351.9
1986-01-23,358.4
1986-01-26,354.3
1986-01-27,353.7
1986-01-28,356.3
1986-01-29,359.4
1986-01-30,352.9
1986-02-02,347.4
1986-02-03,337.4
1986-02-04,339.3
1986-02-05,340.4
1986-02-06,342.5
1986-02-09,340.8
1986-02-10,341.6
1986-02-11,340.8
1986-02-12,335.3
1986-02-13,336.2
1986-02-17,339.7
1986-02-18,339
1986-02-19,341.4
1986-02-20,343.3
1986-02-23,351
1986-02-24,350
1986-02-25,338.5
1986-02-26,339.2
1986-02-27,341
1986-03-02,340.5
1986-03-03,346
1986-03-04,344.5
1986-03-05,344.3
1986-03-06,345.7
1986-03-09,343.3
1986-03-10,344.9
1986-03-11,353
1986-03-12,349.2
1986-03-13,348.9
1986-03-16,350.8
1986-03-17,350.3
1986-03-18,350.8
1986-03-19,352.7
1986-03-20,357.4
1986-03-23,351.3
1986-03-24,344
1986-03-25,344.7
1986-03-26,343.1
1986-03-30,334.8
1986-03-31,337
1986-04-01,339.5
1986-04-02,338.4
1986-04-03,338.4
1986-04-06,342.5
1986-04-07,342.9
1986-04-08,342.2
1986-04-09,341.7
1986-04-10,347.5
1986-04-13,344.2
1986-04-14,343.4
1986-04-15,341.9
1986-04-16,341.5
1986-04-17,346.7
1986-04-20,345.7
1986-04-21,349
1986-04-22,348.1
1986-04-23,347.1
1986-04-24,346.2
1986-04-27,345.8
1986-04-28,346.9
1986-04-29,348.1
1986-04-30,342.8
1986-05-01,344.7
1986-05-04,344.2
1986-05-05,344
1986-05-06,345.8
1986-05-07,345.5
1986-05-08,345.5
1986-05-11,345.5
1986-05-12,345.1
1986-05-13,343.1
1986-05-14,343.4
1986-05-15,343.8
1986-05-18,340.7
1986-05-19,339.8
1986-05-20,339.8
1986-05-21,342.6
1986-05-22,342.4
1986-05-26,341.8
1986-05-27,342.5
1986-05-28,347
1986-05-29,347.1
1986-06-01,345.1
1986-06-02,345.3
1986-06-03,344.8
1986-06-04,344.6
1986-06-05,344.8
1986-06-08,354.2
1986-06-09,351.2
1986-06-10,351.7
1986-06-11,349.8
1986-06-12,348.8
1986-06-15,337.5
1986-06-16,339.3
1986-06-17,340.5
1986-06-18,340.9
1986-06-19,342.7
1986-06-22,343.3
1986-06-23,345.2
1986-06-24,347.1
1986-06-25,346.6
1986-06-26,346.9
1986-06-29,347.7
1986-06-30,345.8
1986-07-01,344.9
1986-07-02,345.4
1986-07-06,345.9
1986-07-07,351.2
1986-07-08,349.6
1986-07-09,348.6
1986-07-10,347.8
1986-07-13,346.4
1986-07-14,349.1
1986-07-15,348.7
1986-07-16,348.7
1986-07-17,356.5
1986-07-20,355.6
1986-07-21,353.7
1986-07-22,349
1986-07-23,349.3
1986-07-24,348.2
1986-07-27,355.1
1986-07-28,352.2
1986-07-29,358.6
1986-07-30,369.7
1986-07-31,367.5
1986-08-03,367
1986-08-04,366.1
1986-08-05,367.5
1986-08-06,369.3
1986-08-07,382.5
1986-08-10,398.5
1986-08-11,392.4
1986-08-12,391.7
1986-08-13,393.7
1986-08-14,390.2
1986-08-17,382.8
1986-08-18,381
1986-08-19,385.1
1986-08-20,390.6
1986-08-21,379.5
1986-08-24,386.5
1986-08-25,385.6
1986-08-26,386.3
1986-08-27,392
1986-08-28,393.3
1986-09-01,411.5
1986-09-02,410.3
1986-09-03,415.5
1986-09-04,428.3
1986-09-07,416.4
1986-09-08,414.4
1986-09-09,409.8
1986-09-10,413
1986-09-11,421.5
1986-09-14,422.3
1986-09-15,420.2
1986-09-16,418.8
1986-09-17,422.6
1986-09-18,441
1986-09-21,445.2
1986-09-22,436
1986-09-23,436
1986-09-24,438.8
1986-09-25,431.5
1986-09-28,427.1
1986-09-29,429.8
1986-09-30,429.2
1986-10-01,441.1
1986-10-02,437.5
1986-10-05,442.8
1986-10-06,444.8
1986-10-07,442.4
1986-10-08,433
1986-10-09,434.5
1986-10-12,437.2
1986-10-13,430.5
1986-10-14,428.7
1986-10-15,427.4
1986-10-16,422.2
1986-10-19,428.9
1986-10-20,427.9
1986-10-21,428.7
1986-10-22,417.5
1986-10-23,409.7
1986-10-26,410.3
1986-10-27,413.9
1986-10-28,407.3
1986-10-29,409.9
1986-10-30,405.5
1986-11-02,406.8
1986-11-03,411.1
1986-11-04,408.5
1986-11-05,412.4
1986-11-06,410.6
1986-11-09,407.5
1986-11-10,409.3
1986-11-11,409.4
1986-11-12,409.5
1986-11-13,398.8
1986-11-16,389.3
1986-11-17,394.5
1986-11-18,388.5
1986-11-19,391.7
1986-11-20,379.3
1986-11-23,382.4
1986-11-24,385.6
1986-11-25,383.1
1986-11-27,394.8
1986-11-30,397.5
1986-12-01,392.9
1986-12-02,395.8
1986-12-03,391.7
1986-12-04,392.9
1986-12-07,393.7
1986-12-08,390.4
1986-12-09,393.1
1986-12-10,393.7
1986-12-11,395.8
1986-12-14,398.4
1986-12-15,396.3
1986-12-16,395.3
1986-12-17,397.8
1986-12-18,395.8
1986-12-21,396.3
1986-12-22,391.5
1986-12-23,393
1986-12-28,391.9
1986-12-29,392.4
1986-12-30,406.9
1987-01-01,404
1987-01-04,405
1987-01-05,402.2
1987-01-06,404.3
1987-01-07,403.9
1987-01-08,407.5
1987-01-11,410.2
1987-01-12,412.3
1987-01-13,419.2
1987-01-14,417
1987-01-15,417.3
1987-01-18,423.3
1987-01-19,408.2
1987-01-20,408.8
1987-01-21,408.9
1987-01-22,405.3
1987-01-25,411.3
1987-01-26,415.7
1987-01-27,410.6
1987-01-28,416.6
1987-01-29,408.9
1987-02-01,404.8
1987-02-02,407.2
1987-02-03,406.2
1987-02-04,408.2
1987-02-05,407.4
1987-02-08,407.2
1987-02-09,406.2
1987-02-10,405.5
1987-02-11,398.3
1987-02-12,400.7
1987-02-16,394.9
1987-02-17,395.3
1987-02-18,402.7
1987-02-19,408.7
1987-02-22,404.6
1987-02-23,404.6
1987-02-24,405.2
1987-02-25,408.5
1987-02-26,407.4
1987-03-01,405.6
1987-03-02,409.1
1987-03-03,412.2
1987-03-04,408.8
1987-03-05,407.8
1987-03-08,406.5
1987-03-09,408.3
1987-03-10,408.3
1987-03-11,409.9
1987-03-12,405
1987-03-15,406.6
1987-03-16,406.8
1987-03-17,406
1987-03-18,406.1
1987-03-19,406.3
1987-03-22,410.8
1987-03-23,414.1
1987-03-24,413.3
1987-03-25,411.7
1987-03-26,422.7
1987-03-29,425.9
1987-03-30,422.7
1987-03-31,422.5
1987-04-01,422.2
1987-04-02,423.9
1987-04-05,422.6
1987-04-06,426.2
1987-04-07,424.1
1987-04-08,436.5
1987-04-09,436.7
1987-04-12,440.8
1987-04-13,454.6
1987-04-14,446.5
1987-04-15,447.3
1987-04-19,456.8
1987-04-20,451
1987-04-21,452.5
1987-04-22,463.4
1987-04-23,465.5
1987-04-26,446
1987-04-27,454.7
1987-04-28,453.5
1987-04-29,456.5
1987-04-30,459.5
1987-05-03,465.2
1987-05-04,460.8
1987-05-05,460.8
1987-05-06,459.6
1987-05-07,456.7
1987-05-10,457.7
1987-05-11,461.5
1987-05-12,460
1987-05-13,465.6
1987-05-14,476.2
1987-05-17,472.8
1987-05-18,478.3
1987-05-19,473.3
1987-05-20,470.3
1987-05-21,464.6
1987-05-25,451.8
1987-05-26,448.5
1987-05-27,459.5
1987-05-28,456
1987-05-31,451.6
1987-06-01,461.8
1987-06-02,455.5
1987-06-03,458.2
1987-06-04,458.8
1987-06-07,454.3
1987-06-08,462.8
1987-06-09,461.3
1987-06-10,468.3
1987-06-11,458.9
1987-06-14,456.7
1987-06-15,451.9
1987-06-16,451.8
1987-06-17,454.6
1987-06-18,448.7
1987-06-21,440.8
1987-06-22,443.8
1987-06-23,446.4
1987-06-24,443.8
1987-06-25,450.1
1987-06-28,449.4
1987-06-29,452.2
1987-06-30,449.4
1987-07-01,448.8
1987-07-05,450.3
1987-07-06,446.1
1987-07-07,446.8
1987-07-08,446.8
1987-07-09,446
1987-07-12,448.6
1987-07-13,449.5
1987-07-14,455.3
1987-07-15,455.4
1987-07-16,449.3
1987-07-19,452.3
1987-07-20,453.7
1987-07-21,455.7
1987-07-22,455.7
1987-07-23,454.5
1987-07-26,454.2
1987-07-27,457
1987-07-28,457.6
1987-07-29,473.3
1987-07-30,475.1
1987-08-02,488.3
1987-08-03,488.9
1987-08-04,477.6
1987-08-05,478.6
1987-08-06,464.8
1987-08-09,470.6
1987-08-10,474.2
1987-08-11,473
1987-08-12,467.8
1987-08-13,461.2
1987-08-16,463.1
1987-08-17,467.7
1987-08-18,467.3
1987-08-19,462.2
1987-08-20,465.7
1987-08-23,469.3
1987-08-24,465.8
1987-08-25,465.8
1987-08-26,463.7
1987-08-27,461.3
1987-08-30,458.7
1987-08-31,462.8
1987-09-01,473.4
1987-09-02,471.7
1987-09-03,470.8
1987-09-07,465.5
1987-09-08,464.5
1987-09-09,470.6
1987-09-10,464.3
1987-09-13,463.8
1987-09-14,465.9
1987-09-15,465.1
1987-09-16,466.9
1987-09-17,465.3
1987-09-20,469.3
1987-09-21,468.9
1987-09-22,468.7
1987-09-23,468.7
1987-09-24,466.6
1987-09-27,466.4
1987-09-28,464.4
1987-09-29,458.8
1987-09-30,459.7
1987-10-01,460.3
1987-10-04,462.8
1987-10-05,462.7
1987-10-06,463.4
1987-10-07,466.5
1987-10-08,466.9
1987-10-11,466.7
1987-10-12,464
1987-10-13,465.8
1987-10-14,467.8
1987-10-15,476.3
1987-10-18,486.8
1987-10-19,467.5
1987-10-20,471.7
1987-10-21,473.2
1987-10-22,476.7
1987-10-25,479.4
1987-10-26,478.8
1987-10-27,480.5
1987-10-28,468.7
1987-10-29,471.2
1987-11-01,472.5
1987-11-02,470.6
1987-11-03,468.2
1987-11-04,459.2
1987-11-05,462.1
1987-11-08,463.3
1987-11-09,462.4
1987-11-10,463.1
1987-11-11,464.7
1987-11-12,465.6
1987-11-15,464.3
1987-11-16,465.8
1987-11-17,464.8
1987-11-18,465.8
1987-11-19,470.3
1987-11-22,476
1987-11-23,475.4
1987-11-24,476.9
1987-11-26,492.3
1987-11-29,497.2
1987-11-30,496.2
1987-12-01,493.7
1987-12-02,493.8
1987-12-03,487.8
1987-12-06,486.5
1987-12-07,488.6
1987-12-08,489.4
1987-12-09,497.2
1987-12-10,502
1987-12-13,500.4
1987-12-14,487.2
1987-12-15,490.1
1987-12-16,489.7
1987-12-17,484
1987-12-20,483.7
1987-12-21,487.9
1987-12-22,486.5
1987-12-23,489.6
1987-12-27,491.1
1987-12-28,489.4
1987-12-29,485.5
1987-12-30,488.9
1988-01-03,480.5
1988-01-04,483.2
1988-01-05,485.3
1988-01-06,483.1
1988-01-07,485.5
1988-01-10,483.6
1988-01-11,482.3
1988-01-12,481.6
1988-01-13,488.2
1988-01-14,474.5
1988-01-17,476.8
1988-01-18,478.2
1988-01-19,476.8
1988-01-20,478.8
1988-01-21,477.8
1988-01-24,469.5
1988-01-25,469.3
1988-01-26,467
1988-01-27,471.5
1988-01-28,458.5
1988-01-31,458.4
1988-02-01,458.3
1988-02-02,442.5
1988-02-03,448.2
1988-02-04,443.2
1988-02-07,444
1988-02-08,444.9
1988-02-09,443.9
1988-02-10,443.2
1988-02-11,448.7
1988-02-15,447.6
1988-02-16,449.2
1988-02-17,445.8
1988-02-18,448
1988-02-21,447.6
1988-02-22,444.3
1988-02-23,434.1
1988-02-24,434.7
1988-02-25,431.1
1988-02-28,431.9
1988-02-29,432.4
1988-03-01,432.2
1988-03-02,429.1
1988-03-03,438.8
1988-03-06,438.6
1988-03-07,436.6
1988-03-08,437.5
1988-03-09,444.5
1988-03-10,442.6
1988-03-13,443.1
1988-03-14,447.5
1988-03-15,446.5
1988-03-16,444.9
1988-03-17,445.2
1988-03-20,450.2
1988-03-21,449.6
1988-03-22,452
1988-03-23,454.3
1988-03-24,453.3
1988-03-27,455.9
1988-03-28,455.6
1988-03-29,461.3
1988-03-30,457.9
1988-04-03,459.5
1988-04-04,456.2
1988-04-05,451.3
1988-04-06,452.7
1988-04-07,453.7
1988-04-10,454.7
1988-04-11,453.7
1988-04-12,449.6
1988-04-13,456.5
1988-04-14,458.5
1988-04-17,461.7
1988-04-18,460.4
1988-04-19,459
1988-04-20,457.2
1988-04-21,452.4
1988-04-24,450.1
1988-04-25,451.3
1988-04-26,454.3
1988-04-27,452.6
1988-04-28,452.6
1988-05-01,447.2
1988-05-02,445.1
1988-05-03,446.6
1988-05-04,447
1988-05-05,445.3
1988-05-08,448.8
1988-05-09,451.6
1988-05-10,451.2
1988-05-11,453.3
1988-05-12,453.7
1988-05-15,456
1988-05-16,456.4
1988-05-17,458.1
1988-05-18,458.2
1988-05-19,458.7
1988-05-22,462.8
1988-05-23,461.1
1988-05-24,454.8
1988-05-25,454.1
1988-05-26,450.8
1988-05-30,459.8
1988-05-31,462.4
1988-06-01,471.5
1988-06-02,469.3
1988-06-05,468.1
1988-06-06,464.8
1988-06-07,460.7
1988-06-08,461.7
1988-06-09,453.3
1988-06-12,453.8
1988-06-13,454.6
1988-06-14,455.8
1988-06-15,453.9
1988-06-16,458.3
1988-06-19,454.5
1988-06-20,455.4
1988-06-21,453
1988-06-22,450.9
1988-06-23,446
1988-06-26,445.9
1988-06-27,440.5
1988-06-28,438.3
1988-06-29,437.7
1988-06-30,439.6
1988-07-04,440.3
1988-07-05,440.7
1988-07-06,441.1
1988-07-07,441
1988-07-10,436.4
1988-07-11,438.7
1988-07-12,441.8
1988-07-13,439.9
1988-07-14,441.3
1988-07-17,438.8
1988-07-18,447.5
1988-07-19,445.7
1988-07-20,442.7
1988-07-21,442.9
1988-07-24,426.6
1988-07-25,431.7
1988-07-26,433.5
1988-07-27,443.8
1988-07-28,447.3
1988-07-31,445.6
1988-08-01,442.5
1988-08-02,444.3
1988-08-03,443.8
1988-08-04,442.6
1988-08-07,440.8
1988-08-08,437.8
1988-08-09,439.4
1988-08-10,439.2
1988-08-11,441.2
1988-08-14,442.9
1988-08-15,438.8
1988-08-16,440.9
1988-08-17,442.1
1988-08-18,441.4
1988-08-21,443.2
1988-08-22,441.8
1988-08-23,444.4
1988-08-24,442.2
1988-08-25,441.4
1988-08-28,438.7
1988-08-29,437.7
1988-08-30,439.9
1988-08-31,438.7
1988-09-01,437.4
1988-09-05,434.8
1988-09-06,435.7
1988-09-07,436.3
1988-09-08,428.5
1988-09-11,428
1988-09-12,428.2
1988-09-13,428
1988-09-14,425
1988-09-15,418.2
1988-09-18,415.4
1988-09-19,411.3
1988-09-20,404
1988-09-21,404.6
1988-09-22,399.3
1988-09-25,400.3
1988-09-26,402.5
1988-09-27,403.4
1988-09-28,401.6
1988-09-29,399.2
1988-10-02,402.2
1988-10-03,402.7
1988-10-04,405.3
1988-10-05,408
1988-10-06,407.3
1988-10-09,412.7
1988-10-10,408.4
1988-10-11,412.2
1988-10-12,410.4
1988-10-13,412.5
1988-10-16,415.5
1988-10-17,415.1
1988-10-18,414.7
1988-10-19,415.4
1988-10-20,411.5
1988-10-23,408.8
1988-10-24,409.4
1988-10-25,411.1
1988-10-26,410.1
1988-10-27,414.9
1988-10-30,415.1
1988-10-31,414
1988-11-01,424.2
1988-11-02,423.7
1988-11-03,423.5
1988-11-06,424.7
1988-11-07,421.2
1988-11-08,424.7
1988-11-09,420.5
1988-11-10,423.1
1988-11-13,425.2
1988-11-14,425.6
1988-11-15,425.6
1988-11-16,421.1
1988-11-17,418.1
1988-11-20,416.5
1988-11-21,418.1
1988-11-22,420.1
1988-11-27,423.3
1988-11-28,427.1
1988-11-29,429.6
1988-11-30,428.6
1988-12-01,436.7
1988-12-04,434.2
1988-12-05,432.6
1988-12-06,427.7
1988-12-07,426.7
1988-12-08,427.6
1988-12-11,424.6
1988-12-12,424.1
1988-12-13,425.7
1988-12-14,416.6
1988-12-15,417.6
1988-12-18,418
1988-12-19,417.5
1988-12-20,418.8
1988-12-21,421.3
1988-12-22,421.6
1988-12-26,420.9
1988-12-27,416.6
1988-12-28,410.5
1988-12-29,412.3
1989-01-02,413.4
1989-01-03,411
1989-01-04,410.1
1989-01-05,408.1
1989-01-08,406.7
1989-01-09,405.6
1989-01-10,405.2
1989-01-11,405.8
1989-01-12,403.5
1989-01-15,403.3
1989-01-16,404
1989-01-17,403.3
1989-01-18,404.5
1989-01-19,409.3
1989-01-22,408.5
1989-01-23,406.3
1989-01-24,406.4
1989-01-25,403.2
1989-01-26,396.1
1989-01-29,399.6
1989-01-30,395.8
1989-01-31,397.2
1989-02-01,395.9
1989-02-02,396.3
1989-02-05,396.9
1989-02-06,395.5
1989-02-07,399.1
1989-02-08,398
1989-02-09,391.7
1989-02-12,389.7
1989-02-13,389
1989-02-14,388.2
1989-02-15,387.1
1989-02-16,384.3
1989-02-20,389.4
1989-02-21,390.2
1989-02-22,394
1989-02-23,392.6
1989-02-26,389.8
1989-02-27,390.4
1989-02-28,387.1
1989-03-01,386.6
1989-03-02,389.3
1989-03-05,390.5
1989-03-06,395.7
1989-03-07,395.4
1989-03-08,397.3
1989-03-09,396.5
1989-03-12,396.4
1989-03-13,398.1
1989-03-14,393.8
1989-03-15,391.3
1989-03-16,395
1989-03-19,397.4
1989-03-20,395.6
1989-03-21,395.1
1989-03-22,393.4
1989-03-26,391.6
1989-03-27,383.5
1989-03-28,383.5
1989-03-29,386.2
1989-03-30,390
1989-04-02,391.1
1989-04-03,390.9
1989-04-04,388.6
1989-04-05,388.7
1989-04-06,388
1989-04-09,390.3
1989-04-10,389.9
1989-04-11,392.1
1989-04-12,394.2
1989-04-13,389.8
1989-04-16,390.1
1989-04-17,387.4
1989-04-18,387.1
1989-04-19,389.3
1989-04-20,388.2
1989-04-23,391
1989-04-24,388.8
1989-04-25,388.2
1989-04-26,386.1
1989-04-27,380.5
1989-04-30,380.7
1989-05-01,380.1
1989-05-02,380.4
1989-05-03,379.6
1989-05-04,379.3
1989-05-07,378.4
1989-05-08,380.3
1989-05-09,379
1989-05-10,382.1
1989-05-11,378.9
1989-05-14,376.5
1989-05-15,376.2
1989-05-16,373.9
1989-05-17,370.3
1989-05-18,366.6
1989-05-21,363.7
1989-05-22,364.3
1989-05-23,364.7
1989-05-24,367.2
1989-05-25,365.9
1989-05-29,369.7
1989-05-30,366.5
1989-05-31,367.3
1989-06-01,371.9
1989-06-04,370.8
1989-06-05,383.2
1989-06-06,380.8
1989-06-07,378.1
1989-06-08,362
1989-06-11,365.8
1989-06-12,366.8
1989-06-13,367.5
1989-06-14,370.7
1989-06-15,368.8
1989-06-18,370.6
1989-06-19,369.6
1989-06-20,375.7
1989-06-21,374.2
1989-06-22,381.8
1989-06-25,378.3
1989-06-26,379.8
1989-06-27,379.2
1989-06-28,373.9
1989-06-29,377.3
1989-07-02,381.1
1989-07-04,388.4
1989-07-05,388.6
1989-07-06,385.7
1989-07-09,386.6
1989-07-10,383.3
1989-07-11,380.4
1989-07-12,378.5
1989-07-13,372.2
1989-07-16,372.2
1989-07-17,373.8
1989-07-18,369.3
1989-07-19,372.2
1989-07-20,373
1989-07-23,373.9
1989-07-24,374.1
1989-07-25,375
1989-07-26,373.7
1989-07-27,375.4
1989-07-30,378.7
1989-07-31,378.8
1989-08-01,377.8
1989-08-02,381.4
1989-08-03,375.4
1989-08-06,373.4
1989-08-07,373.6
1989-08-08,373.9
1989-08-09,374.2
1989-08-10,371.4
1989-08-13,373.2
1989-08-14,377.5
1989-08-15,374.7
1989-08-16,374.6
1989-08-17,373.9
1989-08-20,374.5
1989-08-21,374.5
1989-08-22,371.9
1989-08-23,370.6
1989-08-24,366.7
1989-08-27,366
1989-08-28,369.3
1989-08-29,367.6
1989-08-30,365.4
1989-08-31,366.1
1989-09-04,365.1
1989-09-05,367.4
1989-09-06,366
1989-09-07,365
1989-09-10,364.6
1989-09-11,364.8
1989-09-12,365
1989-09-13,365.5
1989-09-14,368.9
1989-09-17,366.5
1989-09-18,366.2
1989-09-19,370.1
1989-09-20,370.3
1989-09-21,370.7
1989-09-24,374.6
1989-09-25,373.1
1989-09-26,372.3
1989-09-27,372.8
1989-09-28,372
1989-10-01,372.1
1989-10-02,371.4
1989-10-03,371.5
1989-10-04,367.9
1989-10-05,368.2
1989-10-08,367.4
1989-10-09,365.2
1989-10-10,366.1
1989-10-11,367.4
1989-10-12,367.3
1989-10-15,371.2
1989-10-16,371.2
1989-10-17,372.4
1989-10-18,370.6
1989-10-19,370.6
1989-10-22,370.2
1989-10-23,373.4
1989-10-24,372.3
1989-10-25,375.4
1989-10-26,381.2
1989-10-29,380.8
1989-10-30,377.6
1989-10-31,376.9
1989-11-01,382.9
1989-11-02,381
1989-11-05,383.8
1989-11-06,388.4
1989-11-07,390.8
1989-11-08,389
1989-11-09,388.6
1989-11-12,392.7
1989-11-13,394.9
1989-11-14,392.8
1989-11-15,392.7
1989-11-16,395.8
1989-11-19,399.3
1989-11-20,404.4
1989-11-21,411.6
1989-11-23,419.3
1989-11-26,414.1
1989-11-27,413.5
1989-11-28,415.5
1989-11-29,417.5
1989-11-30,419.3
1989-12-03,406.6
1989-12-04,408.9
1989-12-05,410.1
1989-12-06,415
1989-12-07,416.8
1989-12-10,421.8
1989-12-11,422.8
1989-12-12,412.9
1989-12-13,412.8
1989-12-14,418.3
1989-12-17,416.1
1989-12-18,416.1
1989-12-19,417.5
1989-12-20,415.5
1989-12-21,416.7
1989-12-25,410.1
1989-12-26,403.8
1989-12-27,401.4
1989-12-28,405.2
1990-01-01,402.1
1990-01-02,396.4
1990-01-03,400.8
1990-01-04,408.5
1990-01-07,405
1990-01-08,406.2
1990-01-09,414.2
1990-01-10,415.6
1990-01-11,414.7
1990-01-14,415.1
1990-01-15,412.2
1990-01-16,413.7
1990-01-17,411.2
1990-01-18,410.9
1990-01-21,408
1990-01-22,413.7
1990-01-23,417.7
1990-01-24,416.3
1990-01-25,420.3
1990-01-28,419.2
1990-01-29,423.9
1990-01-30,417.8
1990-01-31,423.3
1990-02-01,423.4
1990-02-04,427.5
1990-02-05,426.4
1990-02-06,423.1
1990-02-07,423.5
1990-02-08,420.6
1990-02-11,423.6
1990-02-12,422
1990-02-13,420.7
1990-02-14,416.2
1990-02-15,420.8
1990-02-19,423.6
1990-02-20,421.6
1990-02-21,419
1990-02-22,418.2
1990-02-25,411.8
1990-02-26,411
1990-02-27,408.9
1990-02-28,409
1990-03-01,405.6
1990-03-04,406.6
1990-03-05,406.1
1990-03-06,402.3
1990-03-07,401.9
1990-03-08,401.6
1990-03-11,401.1
1990-03-12,400.7
1990-03-13,399.5
1990-03-14,399.6
1990-03-15,400.9
1990-03-18,401.9
1990-03-19,393.3
1990-03-20,392.5
1990-03-21,394.7
1990-03-22,389.4
1990-03-25,366.2
1990-03-26,369.1
1990-03-27,369.1
1990-03-28,376
1990-03-29,375
1990-04-01,374.5
1990-04-02,380.1
1990-04-03,381.8
1990-04-04,379.3
1990-04-05,385.2
1990-04-08,380.4
1990-04-09,379.3
1990-04-10,378.4
1990-04-11,379.7
1990-04-15,378.9
1990-04-16,378.8
1990-04-17,379.7
1990-04-18,380.7
1990-04-19,379.9
1990-04-22,382.1
1990-04-23,379
1990-04-24,373.6
1990-04-25,373.3
1990-04-26,374
1990-04-29,371.4
1990-04-30,372.7
1990-05-01,372
1990-05-02,373.7
1990-05-03,373.1
1990-05-06,374
1990-05-07,372
1990-05-08,373.7
1990-05-09,371.9
1990-05-10,370.5
1990-05-13,369.9
1990-05-14,372.3
1990-05-15,370.3
1990-05-16,370.6
1990-05-17,375.6
1990-05-20,374.1
1990-05-21,376.4
1990-05-22,364.6
1990-05-23,366.9
1990-05-24,368.4
1990-05-28,367.4
1990-05-29,368.9
1990-05-30,368.6
1990-05-31,363.5
1990-06-03,362.4
1990-06-04,363.6
1990-06-05,361
1990-06-06,358.1
1990-06-07,359.2
1990-06-10,359.7
1990-06-11,359.1
1990-06-12,355.1
1990-06-13,349.8
1990-06-14,352.3
1990-06-17,352
1990-06-18,351.8
1990-06-19,353.1
1990-06-20,353.1
1990-06-21,352.8
1990-06-24,356.2
1990-06-25,352.9
1990-06-26,353.2
1990-06-27,354.1
1990-06-28,359.9
1990-07-01,360.8
1990-07-02,364.1
1990-07-04,363.3
1990-07-05,362.9
1990-07-08,359.9
1990-07-09,357.1
1990-07-10,355.6
1990-07-11,359.5
1990-07-12,365.7
1990-07-15,364.5
1990-07-16,363
1990-07-17,362.5
1990-07-18,362.1
1990-07-19,362
1990-07-22,369.7
1990-07-23,368.4
1990-07-24,372.4
1990-07-25,369.6
1990-07-26,368
1990-07-29,376.8
1990-07-30,379.2
1990-07-31,382.4
1990-08-01,385.9
1990-08-02,386.4
1990-08-05,393.8
1990-08-06,393.7
1990-08-07,392.2
1990-08-08,394.8
1990-08-09,405.9
1990-08-12,414
1990-08-13,414
1990-08-14,411.3
1990-08-15,417.9
1990-08-16,418.3
1990-08-19,418.8
1990-08-20,416
1990-08-21,419.3
1990-08-22,420.3
1990-08-23,423.2
1990-08-26,396.2
1990-08-27,392.8
1990-08-28,392.7
1990-08-29,393.7
1990-08-30,389.2
1990-09-03,390.5
1990-09-04,393
1990-09-05,396.2
1990-09-06,396
1990-09-09,384.8
1990-09-10,386.6
1990-09-11,388.1
1990-09-12,388.8
1990-09-13,391
1990-09-16,395.2
1990-09-17,393.3
1990-09-18,391.4
1990-09-19,394.2
1990-09-20,394.5
1990-09-23,408.3
1990-09-24,407.6
1990-09-25,412.8
1990-09-26,410.8
1990-09-27,408.1
1990-09-30,391.6
1990-10-01,393.9
1990-10-02,398.5
1990-10-03,396.9
1990-10-04,398.1
1990-10-07,399.3
1990-10-08,394
1990-10-09,392.2
1990-10-10,393.6
1990-10-11,391.3
1990-10-14,378.5
1990-10-15,365.1
1990-10-16,369.8
1990-10-17,373
1990-10-18,375.7
1990-10-21,372.4
1990-10-22,373.9
1990-10-23,376
1990-10-24,378.3
1990-10-25,373.2
1990-10-28,375.8
1990-10-29,381.7
1990-10-30,381.3
1990-10-31,383.1
1990-11-01,378
1990-11-04,381.1
1990-11-05,388.1
1990-11-06,387.9
1990-11-07,388.9
1990-11-08,386.3
1990-11-11,383.3
1990-11-12,387
1990-11-13,378.5
1990-11-14,380
1990-11-15,379.8
1990-11-18,382.3
1990-11-19,378.5
1990-11-20,379.8
1990-11-22,384.5
1990-11-25,386.7
1990-11-26,385.8
1990-11-27,385.7
1990-11-28,391.7
1990-11-29,385.7
1990-12-02,378.5
1990-12-03,380.5
1990-12-04,375.8
1990-12-05,373.2
1990-12-06,372.1
1990-12-09,375.9
1990-12-10,373.6
1990-12-11,374.5
1990-12-12,376.1
1990-12-13,378.6
1990-12-16,379.3
1990-12-17,378.4
1990-12-18,388
1990-12-19,386.7
1990-12-20,384.3
1990-12-23,384.3
1990-12-25,387.4
1990-12-26,387.6
1990-12-27,396.2
1990-12-30,396.2
1991-01-01,391.1
1991-01-02,388.9
1991-01-03,387.2
1991-01-06,396.2
1991-01-07,392.3
1991-01-08,393
1991-01-09,392.1
1991-01-10,393.3
1991-01-13,401.6
1991-01-14,400.2
1991-01-15,404.5
1991-01-16,374.4
1991-01-17,375.1
1991-01-20,379.5
1991-01-21,380.1
1991-01-22,378.9
1991-01-23,373.5
1991-01-24,376.1
1991-01-27,377.1
1991-01-28,376.4
1991-01-29,371.5
1991-01-30,368.5
1991-01-31,368.7
1991-02-03,371.6
1991-02-04,368.9
1991-02-05,365.2
1991-02-06,370
1991-02-07,372.4
1991-02-10,369.1
1991-02-11,370.3
1991-02-12,369.5
1991-02-13,370.2
1991-02-14,366.1
1991-02-18,366.1
1991-02-19,366.1
1991-02-20,364.1
1991-02-21,358.3
1991-02-24,360.8
1991-02-25,360.2
1991-02-26,363.3
1991-02-27,369
1991-02-28,368.6
1991-03-03,369.5
1991-03-04,366.3
1991-03-05,367.5
1991-03-06,368.5
1991-03-07,371.2
1991-03-10,366.2
1991-03-11,366.1
1991-03-12,368.1
1991-03-13,366.3
1991-03-14,365.8
1991-03-17,363.7
1991-03-18,364.5
1991-03-19,363.6
1991-03-20,363.5
1991-03-21,363.5
1991-03-24,359.4
1991-03-25,357.6
1991-03-26,356.3
1991-03-27,359.4
1991-03-31,362.4
1991-04-01,360.5
1991-04-02,362.2
1991-04-03,361.7
1991-04-04,362.1
1991-04-07,364
1991-04-08,367.2
1991-04-09,366.3
1991-04-10,364.8
1991-04-11,362.7
1991-04-14,363.2
1991-04-15,363.1
1991-04-16,363.7
1991-04-17,360.2
1991-04-18,359
1991-04-21,359.7
1991-04-22,358.9
1991-04-23,358.1
1991-04-24,355.8
1991-04-25,355.5
1991-04-28,354.1
1991-04-29,357.7
1991-04-30,357.7
1991-05-01,356.7
1991-05-02,355.5
1991-05-05,356.9
1991-05-06,358.1
1991-05-07,358.5
1991-05-08,359.3
1991-05-09,358.3
1991-05-12,359.8
1991-05-13,361.2
1991-05-14,360.9
1991-05-15,357.1
1991-05-16,356
1991-05-19,358.1
1991-05-20,357.9
1991-05-21,356.8
1991-05-22,355.5
1991-05-23,356.8
1991-05-27,363.7
1991-05-28,361.2
1991-05-29,366.5
1991-05-30,364.8
1991-06-02,366.4
1991-06-03,365.8
1991-06-04,365.7
1991-06-05,368.1
1991-06-06,369.5
1991-06-09,376.6
1991-06-10,373.9
1991-06-11,373.1
1991-06-12,372.9
1991-06-13,369.8
1991-06-16,370.8
1991-06-17,370.9
1991-06-18,371.1
1991-06-19,370.4
1991-06-20,368.1
1991-06-23,365.2
1991-06-24,366.7
1991-06-25,367.9
1991-06-26,367.9
1991-06-27,370
1991-06-30,369.9
1991-07-01,369.4
1991-07-02,371.6
1991-07-07,372.1
1991-07-08,370.6
1991-07-09,371.2
1991-07-10,368.9
1991-07-11,369.6
1991-07-14,370.1
1991-07-15,369.8
1991-07-16,370.5
1991-07-17,370.9
1991-07-18,371.2
1991-07-21,368.1
1991-07-22,368.5
1991-07-23,364.7
1991-07-24,364.7
1991-07-25,366.3
1991-07-28,363.4
1991-07-29,369.8
1991-07-30,370.8
1991-07-31,370.3
1991-08-01,362.3
1991-08-04,362.7
1991-08-05,363.1
1991-08-06,362.8
1991-08-07,363.3
1991-08-08,364.4
1991-08-11,363.5
1991-08-12,362.2
1991-08-13,363.6
1991-08-14,362.7
1991-08-15,363.5
1991-08-18,364.1
1991-08-19,361.3
1991-08-20,362.1
1991-08-21,359.4
1991-08-22,358.6
1991-08-25,360.3
1991-08-26,359.5
1991-08-27,358.9
1991-08-28,355.7
1991-08-29,352.9
1991-09-02,352.9
1991-09-03,353
1991-09-04,351.4
1991-09-05,353.4
1991-09-08,355.2
1991-09-09,354
1991-09-10,349.4
1991-09-11,348.2
1991-09-12,348.2
1991-09-15,348.3
1991-09-16,350.4
1991-09-17,352.3
1991-09-18,352
1991-09-19,352.1
1991-09-22,354.3
1991-09-23,357.2
1991-09-24,356.3
1991-09-25,354.1
1991-09-26,352.4
1991-09-29,357.3
1991-09-30,357.3
1991-10-01,358.6
1991-10-02,360.6
1991-10-03,361.7
1991-10-06,362
1991-10-07,360.2
1991-10-08,362.1
1991-10-09,361.3
1991-10-10,362.4
1991-10-13,361.3
1991-10-14,360.1
1991-10-15,360.5
1991-10-16,362.3
1991-10-17,364.4
1991-10-20,365.9
1991-10-21,366
1991-10-22,364.3
1991-10-23,364
1991-10-24,362.7
1991-10-27,360.8
1991-10-28,361.1
1991-10-29,360.5
1991-10-30,359.5
1991-10-31,356.9
1991-11-03,358.1
1991-11-04,355.4
1991-11-05,355.8
1991-11-06,354.7
1991-11-07,355.2
1991-11-10,356.2
1991-11-11,356.7
1991-11-12,357.3
1991-11-13,355.7
1991-11-14,360.1
1991-11-17,361.5
1991-11-18,364.4
1991-11-19,364.7
1991-11-20,368.6
1991-11-21,369.6
1991-11-24,368.3
1991-11-25,366.3
1991-11-26,367.9
1991-11-28,371.1
1991-12-01,369.9
1991-12-02,366.4
1991-12-03,367.9
1991-12-04,370
1991-12-05,371.9
1991-12-08,371.6
1991-12-09,371.1
1991-12-10,368.6
1991-12-11,359.9
1991-12-12,361.3
1991-12-15,360.9
1991-12-16,359.1
1991-12-17,360.8
1991-12-18,359.1
1991-12-19,360.3
1991-12-22,361
1991-12-23,360.7
1991-12-25,355.9
1991-12-26,355
1991-12-29,353.9
1991-12-30,353.9
1992-01-01,353.2
1992-01-02,351.5
1992-01-05,350.3
1992-01-06,350.5
1992-01-07,351.5
1992-01-08,357.5
1992-01-09,356.9
1992-01-12,354.5
1992-01-13,355.2
1992-01-14,354.7
1992-01-15,357
1992-01-16,354.5
1992-01-19,358.2
1992-01-20,358.4
1992-01-21,358.3
1992-01-22,354.9
1992-01-23,354.7
1992-01-26,355
1992-01-27,355.9
1992-01-28,356.1
1992-01-29,355.6
1992-01-30,358.9
1992-02-02,358.4
1992-02-03,357.9
1992-02-04,357.3
1992-02-05,357.4
1992-02-06,356.5
1992-02-09,357.4
1992-02-10,357.8
1992-02-11,359.6
1992-02-12,357.3
1992-02-13,355.1
1992-02-17,354.7
1992-02-18,354.5
1992-02-19,354.7
1992-02-20,352.5
1992-02-23,351.1
1992-02-24,350.6
1992-02-25,350.8
1992-02-26,355
1992-02-27,354.1
1992-03-01,352.5
1992-03-02,351.4
1992-03-03,351.6
1992-03-04,352.3
1992-03-05,350.3
1992-03-08,349.7
1992-03-09,349.8
1992-03-10,351.4
1992-03-11,348
1992-03-12,347.3
1992-03-15,343.9
1992-03-16,340.6
1992-03-17,338.8
1992-03-18,339.1
1992-03-19,338.5
1992-03-22,338.5
1992-03-23,339.8
1992-03-24,341.3
1992-03-25,341.1
1992-03-26,342.5
1992-03-29,343.8
1992-03-30,345.5
1992-03-31,344.6
1992-04-01,342.4
1992-04-02,342.7
1992-04-05,341.8
1992-04-06,340.1
1992-04-07,339.3
1992-04-08,340.9
1992-04-09,342.5
1992-04-12,340.6
1992-04-13,340.8
1992-04-14,337
1992-04-15,338.3
1992-04-19,337.7
1992-04-20,341.7
1992-04-21,339.8
1992-04-22,339.3
1992-04-23,337.5
1992-04-26,337.1
1992-04-27,337.2
1992-04-28,336.4
1992-04-29,337.9
1992-04-30,339.3
1992-05-03,337.6
1992-05-04,337.8
1992-05-05,337.5
1992-05-06,335.9
1992-05-07,336.3
1992-05-10,337
1992-05-11,335.8
1992-05-12,336.1
1992-05-13,338.4
1992-05-14,339.1
1992-05-17,339.3
1992-05-18,338.2
1992-05-19,338.4
1992-05-20,337.4
1992-05-21,338.1
1992-05-25,338.4
1992-05-26,338.2
1992-05-27,339
1992-05-28,338.4
1992-05-31,339.6
1992-06-01,341.2
1992-06-02,340.6
1992-06-03,340.6
1992-06-04,340.7
1992-06-07,340.1
1992-06-08,340.2
1992-06-09,339.8
1992-06-10,342.3
1992-06-11,344.7
1992-06-14,344.9
1992-06-15,344
1992-06-16,342.9
1992-06-17,344.2
1992-06-18,342.4
1992-06-21,345.2
1992-06-22,346
1992-06-23,344.3
1992-06-24,344.6
1992-06-25,343.9
1992-06-28,345.1
1992-06-29,344.4
1992-06-30,345.6
1992-07-01,347.6
1992-07-05,347.5
1992-07-06,347.1
1992-07-07,348.4
1992-07-08,349.4
1992-07-09,349
1992-07-12,349.8
1992-07-13,351.8
1992-07-14,354.7
1992-07-15,353.2
1992-07-16,358
1992-07-19,359.6
1992-07-20,358.1
1992-07-21,359.3
1992-07-22,358.9
1992-07-23,359.5
1992-07-26,358.1
1992-07-27,359
1992-07-28,356.5
1992-07-29,360.6
1992-07-30,361.4
1992-08-02,356.5
1992-08-03,356.5
1992-08-04,352.9
1992-08-05,352.7
1992-08-06,353.9
1992-08-09,354
1992-08-10,350.9
1992-08-11,342
1992-08-12,337.2
1992-08-13,337.8
1992-08-16,339.9
1992-08-17,338.7
1992-08-18,340.8
1992-08-19,340.2
1992-08-20,340
1992-08-23,344.3
1992-08-24,343.3
1992-08-25,340.9
1992-08-26,341.7
1992-08-27,342.4
1992-08-30,345.3
1992-08-31,343.4
1992-09-01,341.1
1992-09-02,343.4
1992-09-03,343.8
1992-09-07,344.6
1992-09-08,344.2
1992-09-09,344.2
1992-09-10,342.9
1992-09-13,348.8
1992-09-14,348.4
1992-09-15,351.7
1992-09-16,349.8
1992-09-17,353
1992-09-20,349.4
1992-09-21,350.7
1992-09-22,350.4
1992-09-23,351
1992-09-24,351.1
1992-09-27,349.4
1992-09-28,349.9
1992-09-29,349.4
1992-09-30,349.1
1992-10-01,349.6
1992-10-04,352
1992-10-05,351.4
1992-10-06,352.2
1992-10-07,351
1992-10-08,351.4
1992-10-11,346.1
1992-10-12,344.9
1992-10-13,343.7
1992-10-14,341.9
1992-10-15,343.2
1992-10-18,343.4
1992-10-19,344.6
1992-10-20,344.8
1992-10-21,343.7
1992-10-22,344.2
1992-10-25,341.7
1992-10-26,338
1992-10-27,340.1
1992-10-28,340.2
1992-10-29,340.1
1992-11-01,340.6
1992-11-02,338.2
1992-11-03,337.7
1992-11-04,336.8
1992-11-05,336.2
1992-11-08,333.1
1992-11-09,330.1
1992-11-10,332.1
1992-11-11,333.5
1992-11-12,335.4
1992-11-15,334
1992-11-16,334.4
1992-11-17,335.2
1992-11-18,335.4
1992-11-19,335.3
1992-11-22,334.4
1992-11-23,334.3
1992-11-24,333.5
1992-11-26,335.5
1992-11-29,335.5
1992-11-30,336.1
1992-12-01,336.9
1992-12-02,336.4
1992-12-03,336.6
1992-12-06,337
1992-12-07,336.3
1992-12-08,334.5
1992-12-09,335
1992-12-10,336
1992-12-13,335.4
1992-12-14,335.3
1992-12-15,338.7
1992-12-16,339.2
1992-12-17,337.7
1992-12-20,334.6
1992-12-21,332.8
1992-12-22,333.4
1992-12-23,333.4
1992-12-27,333.4
1992-12-28,332.8
1992-12-29,333.3
1992-12-30,333.1
1993-01-03,328.4
1993-01-04,329
1993-01-05,330.1
1993-01-06,329
1993-01-07,329.5
1993-01-10,327.8
1993-01-11,328.8
1993-01-12,327.6
1993-01-13,327.3
1993-01-14,327
1993-01-17,328
1993-01-18,328.6
1993-01-19,329.8
1993-01-20,329.3
1993-01-21,328.6
1993-01-24,328.8
1993-01-25,331.1
1993-01-26,329.9
1993-01-27,331.1
1993-01-28,330.7
1993-01-31,330.7
1993-02-01,330.6
1993-02-02,329.5
1993-02-03,329.2
1993-02-04,328.9
1993-02-07,329.1
1993-02-08,329.6
1993-02-09,333.7
1993-02-10,332.7
1993-02-11,330
1993-02-15,333.4
1993-02-16,331.5
1993-02-17,331.5
1993-02-18,331
1993-02-21,328.8
1993-02-22,331.6
1993-02-23,330.4
1993-02-24,330.6
1993-02-25,329.1
1993-02-28,329.3
1993-03-01,330.5
1993-03-02,329.7
1993-03-03,329.6
1993-03-04,330.4
1993-03-07,327.7
1993-03-08,327.2
1993-03-09,326.9
1993-03-10,327.6
1993-03-11,328.5
1993-03-14,329.8
1993-03-15,329.6
1993-03-16,329.7
1993-03-17,331.2
1993-03-18,332.3
1993-03-21,333.3
1993-03-22,332.3
1993-03-23,332.7
1993-03-24,332.8
1993-03-25,332.5
1993-03-28,332.2
1993-03-29,338.8
1993-03-30,339.3
1993-03-31,340.2
1993-04-01,342.3
1993-04-04,341
1993-04-05,339.3
1993-04-06,339.7
1993-04-07,338.9
1993-04-11,338.2
1993-04-12,338.8
1993-04-13,340.8
1993-04-14,338.3
1993-04-15,340.2
1993-04-18,341.5
1993-04-19,341.1
1993-04-20,340.7
1993-04-21,341.2
1993-04-22,347.5
1993-04-25,353.8
1993-04-26,352.1
1993-04-27,354.4
1993-04-28,357.4
1993-04-29,357.2
1993-05-02,355.3
1993-05-03,355.7
1993-05-04,355.5
1993-05-05,358.3
1993-05-06,357.4
1993-05-09,357.2
1993-05-10,357.3
1993-05-11,361.8
1993-05-12,369.3
1993-05-13,368.3
1993-05-16,368
1993-05-17,376
1993-05-18,374.2
1993-05-19,374.7
1993-05-20,377.9
1993-05-23,374.2
1993-05-24,378.7
1993-05-25,375.3
1993-05-26,381.4
1993-05-27,380.3
1993-05-31,371.3
1993-06-01,370.8
1993-06-02,376.2
1993-06-03,378.5
1993-06-06,375.7
1993-06-07,375.6
1993-06-08,373
1993-06-09,371
1993-06-10,367.5
1993-06-13,366.6
1993-06-14,370.8
1993-06-15,371.5
1993-06-16,372.2
1993-06-17,372.5
1993-06-20,371.1
1993-06-21,369.7
1993-06-22,375.5
1993-06-23,376.1
1993-06-24,378.1
1993-06-27,376.1
1993-06-28,379.5
1993-06-29,379.2
1993-06-30,388.2
1993-07-01,386.7
1993-07-05,393.1
1993-07-06,397.8
1993-07-07,395.6
1993-07-08,392.3
1993-07-11,394.9
1993-07-12,394.5
1993-07-13,391.4
1993-07-14,393.9
1993-07-15,392.9
1993-07-18,392.4
1993-07-19,392.2
1993-07-20,389.5
1993-07-21,391.3
1993-07-22,390
1993-07-25,393.1
1993-07-26,391.2
1993-07-27,393.4
1993-07-28,402.2
1993-07-29,411.3
1993-08-01,410.2
1993-08-02,407.6
1993-08-03,403.3
1993-08-04,380.7
1993-08-05,379.9
1993-08-08,386.8
1993-08-09,384.4
1993-08-10,378.7
1993-08-11,370.7
1993-08-12,372.6
1993-08-15,376.4
1993-08-16,374.9
1993-08-17,377.5
1993-08-18,374.4
1993-08-19,376.4
1993-08-22,375.5
1993-08-23,374.9
1993-08-24,375.5
1993-08-25,370.8
1993-08-26,372.1
1993-08-29,373.3
1993-08-30,375.7
1993-08-31,372.6
1993-09-01,366.3
1993-09-02,367.1
1993-09-06,352.5
1993-09-07,353.6
1993-09-08,356.5
1993-09-09,352.4
1993-09-12,344.8
1993-09-13,346.9
1993-09-14,349.6
1993-09-15,354.7
1993-09-16,352.8
1993-09-19,355.5
1993-09-20,365
1993-09-21,356
1993-09-22,360
1993-09-23,359.4
1993-09-26,355.7
1993-09-27,357.3
1993-09-28,354.7
1993-09-29,357.1
1993-09-30,356.9
1993-10-03,354.6
1993-10-04,354.8
1993-10-05,358.2
1993-10-06,358.5
1993-10-07,361.5
1993-10-10,361.7
1993-10-11,369.2
1993-10-12,367.6
1993-10-13,366.6
1993-10-14,366.2
1993-10-17,369.6
1993-10-18,370.3
1993-10-19,373.8
1993-10-20,372.8
1993-10-21,371.3
1993-10-24,370.5
1993-10-25,370.3
1993-10-26,370.7
1993-10-27,370.2
1993-10-28,369.6
1993-10-31,362.1
1993-11-01,363.6
1993-11-02,368
1993-11-03,372.4
1993-11-04,377.8
1993-11-07,375.5
1993-11-08,376.6
1993-11-09,377.4
1993-11-10,376.4
1993-11-11,373.6
1993-11-14,375.7
1993-11-15,374.6
1993-11-16,377.2
1993-11-17,376.7
1993-11-18,378.3
1993-11-21,378.5
1993-11-22,377.3
1993-11-23,377.2
1993-11-28,371.5
1993-11-29,371.9
1993-11-30,376.6
1993-12-01,375.6
1993-12-02,378.6
1993-12-05,377.8
1993-12-06,379.3
1993-12-07,385.7
1993-12-08,384.4
1993-12-09,384.9
1993-12-12,388.6
1993-12-13,388.6
1993-12-14,389
1993-12-15,387.5
1993-12-16,388.9
1993-12-19,390.8
1993-12-20,389.3
1993-12-21,387.2
1993-12-22,387
1993-12-26,389.1
1993-12-27,388.5
1993-12-28,391.8
1993-12-29,391.9
1994-01-02,394.7
1994-01-03,395.1
1994-01-04,392.1
1994-01-05,390.1
1994-01-06,387.2
1994-01-09,385.7
1994-01-10,388.7
1994-01-11,386.9
1994-01-12,390.6
1994-01-13,390.1
1994-01-16,392.2
1994-01-17,393.6
1994-01-18,392.7
1994-01-19,387.9
1994-01-20,381.7
1994-01-23,381.4
1994-01-24,381.6
1994-01-25,384.6
1994-01-26,377.4
1994-01-27,379
1994-01-30,383.6
1994-01-31,386.1
1994-02-01,386.5
1994-02-02,389.1
1994-02-03,388.3
1994-02-06,380.7
1994-02-07,384.1
1994-02-08,385.7
1994-02-09,383.7
1994-02-10,381.7
1994-02-13,385.6
1994-02-14,385.5
1994-02-15,385.3
1994-02-16,384.3
1994-02-17,381.6
1994-02-21,379.2
1994-02-22,378.9
1994-02-23,377.6
1994-02-24,379.8
1994-02-27,382.5
1994-02-28,379.4
1994-03-01,378.9
1994-03-02,378.3
1994-03-03,378.6
1994-03-06,376.9
1994-03-07,377.7
1994-03-08,380.1
1994-03-09,388.2
1994-03-10,386.1
1994-03-13,387.2
1994-03-14,387.6
1994-03-15,385.6
1994-03-16,383
1994-03-17,387.6
1994-03-20,386.3
1994-03-21,389.7
1994-03-22,387.4
1994-03-23,391.9
1994-03-24,391.2
1994-03-27,388.1
1994-03-28,386
1994-03-29,388.6
1994-03-30,394.3
1994-04-03,388.7
1994-04-04,386.7
1994-04-05,387.1
1994-04-06,386.1
1994-04-07,386.3
1994-04-10,379.9
1994-04-11,380.4
1994-04-12,380
1994-04-13,380.3
1994-04-14,379.4
1994-04-17,378.5
1994-04-18,373.2
1994-04-19,373.9
1994-04-20,374.7
1994-04-21,372.1
1994-04-24,374.9
1994-04-25,375.3
1994-04-27,376.8
1994-04-28,377.8
1994-05-01,377.4
1994-05-02,376.8
1994-05-03,377.7
1994-05-04,374.7
1994-05-05,384.5
1994-05-08,382.3
1994-05-09,379.8
1994-05-10,382.7
1994-05-11,380.8
1994-05-12,381.5
1994-05-15,383.7
1994-05-16,382
1994-05-17,382.5
1994-05-18,381.8
1994-05-19,386.3
1994-05-22,389.9
1994-05-23,387.3
1994-05-24,386.8
1994-05-25,383.9
1994-05-26,384.7
1994-05-30,390
1994-05-31,386.3
1994-06-01,386.8
1994-06-02,383.2
1994-06-05,382.9
1994-06-06,383.5
1994-06-07,384.1
1994-06-08,385.3
1994-06-09,385.8
1994-06-12,385.6
1994-06-13,386.4
1994-06-14,389
1994-06-15,387.5
1994-06-16,393.7
1994-06-19,390.9
1994-06-20,396.3
1994-06-21,391.4
1994-06-22,391.5
1994-06-23,392.9
1994-06-26,386.4
1994-06-27,387.9
1994-06-28,386.3
1994-06-29,387.3
1994-06-30,388.1
1994-07-04,386.9
1994-07-05,384.6
1994-07-06,385.7
1994-07-07,385.1
1994-07-10,388.1
1994-07-11,386.3
1994-07-12,384
1994-07-13,384.4
1994-07-14,386.4
1994-07-17,386.2
1994-07-18,387.1
1994-07-19,385.6
1994-07-20,384.3
1994-07-21,385
1994-07-24,384.9
1994-07-25,387.1
1994-07-26,387.7
1994-07-27,391.2
1994-07-28,389.2
1994-07-31,389.4
1994-08-01,384.4
1994-08-02,383.1
1994-08-03,383.1
1994-08-04,382.9
1994-08-07,382.3
1994-08-08,383
1994-08-09,382.6
1994-08-10,384
1994-08-11,381.5
1994-08-14,382.4
1994-08-15,382.9
1994-08-16,382.3
1994-08-17,385.9
1994-08-18,386.9
1994-08-21,386.7
1994-08-22,386.5
1994-08-23,388.6
1994-08-24,388.1
1994-08-25,388
1994-08-28,391.8
1994-08-29,390.8
1994-08-30,390.8
1994-08-31,391.3
1994-09-01,391.4
1994-09-05,392.2
1994-09-06,394.4
1994-09-07,394.6
1994-09-08,395.8
1994-09-11,394.9
1994-09-12,394.5
1994-09-13,392.9
1994-09-14,391.9
1994-09-15,393.6
1994-09-18,393.6
1994-09-19,397.2
1994-09-20,397.8
1994-09-21,399
1994-09-22,399.6
1994-09-25,397.8
1994-09-26,401.4
1994-09-27,397.9
1994-09-28,398.7
1994-09-29,397.6
1994-10-02,398.2
1994-10-03,395.7
1994-10-04,395.2
1994-10-05,395.1
1994-10-06,393.8
1994-10-09,393.4
1994-10-10,390.2
1994-10-11,390.6
1994-10-12,388.6
1994-10-13,390
1994-10-16,392.1
1994-10-17,391.3
1994-10-18,392.3
1994-10-19,393.3
1994-10-20,392.8
1994-10-23,391.4
1994-10-24,391.2
1994-10-25,391
1994-10-26,390.2
1994-10-27,388.7
1994-10-30,384.9
1994-10-31,385.7
1994-11-01,385.5
1994-11-02,384.4
1994-11-03,384.7
1994-11-06,383.3
1994-11-07,384.8
1994-11-08,384.5
1994-11-09,385.9
1994-11-10,385.7
1994-11-13,385.3
1994-11-14,387.4
1994-11-15,386.8
1994-11-16,385.9
1994-11-17,384.5
1994-11-20,383.6
1994-11-21,383.9
1994-11-22,384.7
1994-11-27,382.9
1994-11-28,386.1
1994-11-29,384.5
1994-11-30,382.3
1994-12-01,379
1994-12-04,379
1994-12-05,379.1
1994-12-06,379.2
1994-12-07,379.7
1994-12-08,379.9
1994-12-11,380.3
1994-12-12,380.3
1994-12-13,381.5
1994-12-14,382.7
1994-12-15,381.1
1994-12-18,381.7
1994-12-19,384.2
1994-12-20,383.8
1994-12-21,382.9
1994-12-22,382.3
1994-12-26,383.3
1994-12-27,385.3
1994-12-28,384.1
1994-12-29,384.4
1995-01-02,380.9
1995-01-03,375.3
1995-01-04,376.6
1995-01-05,372.2
1995-01-08,374
1995-01-09,375.1
1995-01-10,377.3
1995-01-11,381.4
1995-01-12,379.3
1995-01-15,378.3
1995-01-16,380.6
1995-01-17,382.6
1995-01-18,383.6
1995-01-19,385.4
1995-01-22,381.4
1995-01-23,381.8
1995-01-24,380.9
1995-01-25,381.7
1995-01-26,376.8
1995-01-29,379.4
1995-01-30,377.7
1995-01-31,378.7
1995-02-01,379.1
1995-02-02,378.8
1995-02-05,378.3
1995-02-06,377.3
1995-02-07,378.3
1995-02-08,378.8
1995-02-09,378.4
1995-02-12,377.9
1995-02-13,378.4
1995-02-14,378.6
1995-02-15,378.6
1995-02-16,380.6
1995-02-20,380.6
1995-02-21,381.5
1995-02-22,381
1995-02-23,378.2
1995-02-26,378
1995-02-27,378.3
1995-02-28,376.2
1995-03-01,378
1995-03-02,377.8
1995-03-05,380.2
1995-03-06,385.4
1995-03-07,380.9
1995-03-08,382.4
1995-03-09,383.1
1995-03-12,386.1
1995-03-13,386.7
1995-03-14,387.2
1995-03-15,385.6
1995-03-16,384.2
1995-03-19,383.5
1995-03-20,382.8
1995-03-21,383.5
1995-03-22,384.3
1995-03-23,382.7
1995-03-26,382.3
1995-03-27,383.2
1995-03-28,382.9
1995-03-29,388.6
1995-03-30,394.3
1995-04-02,394.9
1995-04-03,395.1
1995-04-04,397.2
1995-04-05,396.5
1995-04-06,395.7
1995-04-09,392.6
1995-04-10,393
1995-04-11,392.7
1995-04-12,392.4
1995-04-16,396.5
1995-04-17,397.8
1995-04-18,397.4
1995-04-19,394.7
1995-04-20,392.7
1995-04-23,393.1
1995-04-24,392.3
1995-04-25,388
1995-04-26,389.9
1995-04-27,388.5
1995-04-30,389.8
1995-05-01,390.6
1995-05-02,391.4
1995-05-03,393
1995-05-04,392.4
1995-05-07,390.9
1995-05-08,384.6
1995-05-09,384.5
1995-05-10,384.4
1995-05-11,384.3
1995-05-14,385.6
1995-05-15,385.5
1995-05-16,384.2
1995-05-17,384.2
1995-05-18,383.1
1995-05-21,382.8
1995-05-22,383.8
1995-05-23,384.7
1995-05-24,385.9
1995-05-25,386.6
1995-05-29,387.9
1995-05-30,387.6
1995-05-31,388.3
1995-06-01,387
1995-06-04,387.7
1995-06-05,387.8
1995-06-06,389.5
1995-06-07,389.5
1995-06-08,391.1
1995-06-11,390.2
1995-06-12,389.4
1995-06-13,390.6
1995-06-14,393.9
1995-06-15,392.7
1995-06-18,394.2
1995-06-19,393.4
1995-06-20,392.5
1995-06-21,391.9
1995-06-22,392.1
1995-06-25,391.8
1995-06-26,391
1995-06-27,388.8
1995-06-28,389.4
1995-06-29,385.6
1995-07-04,385.2
1995-07-05,385.2
1995-07-06,386.7
1995-07-09,386.6
1995-07-10,386.7
1995-07-11,390.2
1995-07-12,389.4
1995-07-13,389.6
1995-07-16,389.9
1995-07-17,390.1
1995-07-18,388.4
1995-07-19,386.3
1995-07-20,386.6
1995-07-23,387.3
1995-07-24,386.2
1995-07-25,386.5
1995-07-26,383.2
1995-07-27,389.3
1995-07-30,388.4
1995-07-31,388.9
1995-08-01,388.9
1995-08-02,390.3
1995-08-03,389.3
1995-08-06,389.6
1995-08-07,390.4
1995-08-08,390.3
1995-08-09,390
1995-08-10,389.3
1995-08-13,389.9
1995-08-14,390.9
1995-08-15,387.9
1995-08-16,389
1995-08-17,389.9
1995-08-20,389.7
1995-08-21,388.1
1995-08-22,388.4
1995-08-23,387.9
1995-08-24,387.8
1995-08-27,387.8
1995-08-28,386.9
1995-08-29,385.8
1995-08-30,386.9
1995-08-31,384.7
1995-09-04,384.1
1995-09-05,384.2
1995-09-06,386.7
1995-09-07,385.6
1995-09-10,386.6
1995-09-11,389.1
1995-09-12,388.2
1995-09-13,389.5
1995-09-14,389
1995-09-17,389.7
1995-09-18,389.3
1995-09-19,387.7
1995-09-20,388.1
1995-09-21,386.1
1995-09-24,386.3
1995-09-25,386.9
1995-09-26,386.5
1995-09-27,386.4
1995-09-28,386.5
1995-10-01,384.8
1995-10-02,385.2
1995-10-03,385.6
1995-10-04,385.1
1995-10-05,386.1
1995-10-08,387.8
1995-10-09,387.6
1995-10-10,387.4
1995-10-11,387
1995-10-12,386.4
1995-10-15,386.1
1995-10-16,386
1995-10-17,385.9
1995-10-18,383.8
1995-10-19,384.1
1995-10-22,384.2
1995-10-23,384.2
1995-10-24,384.5
1995-10-25,384.3
1995-10-26,383.9
1995-10-29,383.8
1995-10-30,384.3
1995-10-31,383.8
1995-11-01,384.2
1995-11-02,383.7
1995-11-05,383.7
1995-11-06,386.6
1995-11-07,386.2
1995-11-08,387.4
1995-11-09,390.5
1995-11-12,388.1
1995-11-13,386.5
1995-11-14,385.6
1995-11-15,386.2
1995-11-16,387.5
1995-11-19,387.1
1995-11-20,385.4
1995-11-21,382.1
1995-11-26,384.9
1995-11-27,387.9
1995-11-28,389.2
1995-11-29,388.6
1995-11-30,387.4
1995-12-03,387.3
1995-12-04,388.7
1995-12-05,390.3
1995-12-06,390.5
1995-12-07,391.4
1995-12-10,390
1995-12-11,389.8
1995-12-12,387.9
1995-12-13,387.3
1995-12-14,387.6
1995-12-17,388.6
1995-12-18,388.4
1995-12-19,389.6
1995-12-20,388.7
1995-12-21,388.2
1995-12-25,388.6
1995-12-26,387.7
1995-12-27,387.8
1995-12-28,388.1
1996-01-01,391.9
1996-01-02,396.2
1996-01-03,395.4
1996-01-04,396.5
1996-01-07,396.5
1996-01-08,396.9
1996-01-09,400.2
1996-01-10,399.3
1996-01-11,396.7
1996-01-14,396.1
1996-01-15,398.8
1996-01-16,400
1996-01-17,397.6
1996-01-18,399.9
1996-01-21,403.5
1996-01-22,403.6
1996-01-23,403.5
1996-01-24,406.7
1996-01-25,405.8
1996-01-28,405.8
1996-01-29,407
1996-01-30,408.5
1996-01-31,413.7
1996-02-01,417.7
1996-02-04,415.9
1996-02-05,414.6
1996-02-06,411.4
1996-02-07,411.5
1996-02-08,407.8
1996-02-11,403.3
1996-02-12,405.1
1996-02-13,406.5
1996-02-14,405.7
1996-02-15,407.5
1996-02-19,401.1
1996-02-20,404
1996-02-21,401.5
1996-02-22,399.9
1996-02-25,400.6
1996-02-26,399.6
1996-02-27,402.1
1996-02-28,401.2
1996-02-29,400.2
1996-03-03,395.2
1996-03-04,394.6
1996-03-05,394.4
1996-03-06,396.4
1996-03-07,398.2
1996-03-10,396.7
1996-03-11,397.5
1996-03-12,397.7
1996-03-13,396.5
1996-03-14,396.9
1996-03-17,396.3
1996-03-18,396
1996-03-19,396.5
1996-03-20,398.7
1996-03-21,398.9
1996-03-24,399
1996-03-25,400.5
1996-03-26,400.4
1996-03-27,399.7
1996-03-28,398.4
1996-03-31,397.7
1996-04-01,396.6
1996-04-02,396.8
1996-04-03,397.6
1996-04-07,400.7
1996-04-08,397.1
1996-04-09,397.5
1996-04-10,398.3
1996-04-11,397.1
1996-04-14,395.5
1996-04-15,393.5
1996-04-16,393
1996-04-17,392.4
1996-04-18,392.7
1996-04-21,393.6
1996-04-22,393.4
1996-04-23,392.7
1996-04-24,395.3
1996-04-25,392.2
1996-04-28,392.4
1996-04-29,393.5
1996-04-30,394.9
1996-05-01,395.7
1996-05-02,394.1
1996-05-05,395.7
1996-05-06,395.8
1996-05-07,394.8
1996-05-08,394.5
1996-05-09,392
1996-05-12,392.7
1996-05-13,392.9
1996-05-14,393.5
1996-05-15,393.5
1996-05-16,393
1996-05-19,391.3
1996-05-20,391.4
1996-05-21,392
1996-05-22,391.8
1996-05-23,390.9
1996-05-27,391.6
1996-05-28,391.2
1996-05-29,394
1996-05-30,394.4
1996-06-02,393.6
1996-06-03,390.8
1996-06-04,388.9
1996-06-05,388.4
1996-06-06,387.6
1996-06-09,388.5
1996-06-10,386.9
1996-06-11,386.8
1996-06-12,386.5
1996-06-13,387.1
1996-06-16,387.3
1996-06-17,387.7
1996-06-18,386.5
1996-06-19,386.3
1996-06-20,386.8
1996-06-23,386.7
1996-06-24,385.6
1996-06-25,384.7
1996-06-26,383.6
1996-06-27,381.6
1996-06-30,382.7
1996-07-01,383.3
1996-07-02,382.5
1996-07-07,382.1
1996-07-08,383.5
1996-07-09,383.4
1996-07-10,384.6
1996-07-11,384.4
1996-07-14,385.7
1996-07-15,384.2
1996-07-16,384.2
1996-07-17,384.6
1996-07-18,385.3
1996-07-21,385.5
1996-07-22,385.5
1996-07-23,386.3
1996-07-24,385.7
1996-07-25,385.7
1996-07-28,385
1996-07-29,390.3
1996-07-30,393.1
1996-07-31,392.1
1996-08-01,393.2
1996-08-04,395
1996-08-05,394.4
1996-08-06,394.1
1996-08-07,394.4
1996-08-08,393.3
1996-08-11,393.4
1996-08-12,393.2
1996-08-13,391.7
1996-08-14,391.7
1996-08-15,391.4
1996-08-18,392.4
1996-08-19,392.9
1996-08-20,391.8
1996-08-21,392.5
1996-08-22,393.2
1996-08-25,394.5
1996-08-26,394
1996-08-27,393
1996-08-28,392.4
1996-08-29,391.3
1996-09-02,390.5
1996-09-03,389.7
1996-09-04,389.6
1996-09-05,388.8
1996-09-08,387.2
1996-09-09,386.8
1996-09-10,386.6
1996-09-11,385.8
1996-09-12,385.6
1996-09-15,386.3
1996-09-16,386.1
1996-09-17,386.3
1996-09-18,385.6
1996-09-19,383.9
1996-09-22,384.4
1996-09-23,385.7
1996-09-24,385.3
1996-09-25,383.6
1996-09-26,382.8
1996-09-29,380.5
1996-09-30,381
1996-10-01,382.3
1996-10-02,382.7
1996-10-03,382.6
1996-10-06,382.6
1996-10-07,383.4
1996-10-08,383.5
1996-10-09,384.5
1996-10-10,383.4
1996-10-13,383.8
1996-10-14,383.3
1996-10-15,383
1996-10-16,382.6
1996-10-17,382.1
1996-10-20,383.9
1996-10-21,386.1
1996-10-22,385.9
1996-10-23,384.9
1996-10-24,384.6
1996-10-27,384.6
1996-10-28,381.6
1996-10-29,381.3
1996-10-30,379.1
1996-10-31,379.2
1996-11-03,379.6
1996-11-04,379.6
1996-11-05,378.7
1996-11-06,379.6
1996-11-07,380.5
1996-11-10,382.8
1996-11-11,383.4
1996-11-12,384.2
1996-11-13,381.8
1996-11-14,381.1
1996-11-17,379.7
1996-11-18,378.4
1996-11-19,379
1996-11-20,376.5
1996-11-21,376.3
1996-11-24,374.5
1996-11-25,374.7
1996-11-26,373
1996-12-01,370.9
1996-12-02,370.4
1996-12-03,372.5
1996-12-04,373
1996-12-05,370.8
1996-12-08,369.7
1996-12-09,370.5
1996-12-10,370.6
1996-12-11,370.8
1996-12-12,370.4
1996-12-15,369.9
1996-12-16,370.5
1996-12-17,371.3
1996-12-18,371.1
1996-12-19,370.5
1996-12-22,370.6
1996-12-23,370.6
1996-12-25,371.1
1996-12-26,371.1
1996-12-29,371.2
1996-12-30,369.2
1997-01-01,366.6
1997-01-02,362
1997-01-05,358.7
1997-01-06,359.7
1997-01-07,356.8
1997-01-08,358.8
1997-01-09,360.2
1997-01-12,359.7
1997-01-13,354.7
1997-01-14,353.2
1997-01-15,355
1997-01-16,356.4
1997-01-19,354.6
1997-01-20,353.8
1997-01-21,351.7
1997-01-22,352.5
1997-01-23,353.4
1997-01-26,357.3
1997-01-27,354
1997-01-28,351.8
1997-01-29,347.5
1997-01-30,346
1997-02-02,348.5
1997-02-03,346.4
1997-02-04,346.4
1997-02-05,345.1
1997-02-06,344
1997-02-09,343.1
1997-02-10,341.9
1997-02-11,345.4
1997-02-12,343
1997-02-13,346.7
1997-02-17,347.7
1997-02-18,347.6
1997-02-19,352.6
1997-02-20,354.1
1997-02-23,355.2
1997-02-24,356.1
1997-02-25,356
1997-02-26,361
1997-02-27,365.1
1997-03-02,363.8
1997-03-03,360.5
1997-03-04,354.4
1997-03-05,353.6
1997-03-06,349.9
1997-03-09,353.1
1997-03-10,355.1
1997-03-11,353.2
1997-03-12,354.5
1997-03-13,353
1997-03-16,348.3
1997-03-17,350.4
1997-03-18,352.9
1997-03-19,352.2
1997-03-20,353.5
1997-03-23,350.9
1997-03-24,348.2
1997-03-25,351.5
1997-03-26,350.2
1997-03-30,354
1997-03-31,354.7
1997-04-01,352.1
1997-04-02,351.4
1997-04-03,351.7
1997-04-06,351.1
1997-04-07,351.2
1997-04-08,350.4
1997-04-09,350.9
1997-04-10,349.3
1997-04-13,348.7
1997-04-14,343.9
1997-04-15,343.3
1997-04-16,344.3
1997-04-17,343.4
1997-04-20,344.9
1997-04-21,343.4
1997-04-22,343.3
1997-04-23,342.7
1997-04-24,343.9
1997-04-27,341.4
1997-04-28,341.6
1997-04-29,341.2
1997-04-30,341.7
1997-05-01,341.6
1997-05-04,344.3
1997-05-05,341.5
1997-05-06,342.4
1997-05-07,344.8
1997-05-08,349.3
1997-05-11,348.7
1997-05-12,350.5
1997-05-13,348.2
1997-05-14,348.4
1997-05-15,344.9
1997-05-18,342.2
1997-05-19,343.4
1997-05-20,343.7
1997-05-21,343.2
1997-05-22,343.1
1997-05-26,344.7
1997-05-27,345.3
1997-05-28,348.6
1997-05-29,347.5
1997-06-01,346.5
1997-06-02,345.7
1997-06-03,343.6
1997-06-04,345.6
1997-06-05,345.7
1997-06-08,346.3
1997-06-09,346.1
1997-06-10,346
1997-06-11,343.6
1997-06-12,343.1
1997-06-15,344.8
1997-06-16,343.7
1997-06-17,341
1997-06-18,342.4
1997-06-19,339.4
1997-06-22,341.1
1997-06-23,339.5
1997-06-24,339
1997-06-25,339.8
1997-06-26,335.9
1997-06-29,335.3
1997-06-30,335.1
1997-07-01,332.3
1997-07-02,325.2
1997-07-06,319
1997-07-07,321
1997-07-08,318.9
1997-07-09,320.8
1997-07-10,322.2
1997-07-13,320.8
1997-07-14,319
1997-07-15,318.7
1997-07-16,324.7
1997-07-17,329.6
1997-07-20,326.2
1997-07-21,326
1997-07-22,323.8
1997-07-23,323.8
1997-07-24,326.5
1997-07-27,329.5
1997-07-28,325.8
1997-07-29,330.6
1997-07-30,328.6
1997-07-31,328.9
1997-08-03,328.1
1997-08-04,324.6
1997-08-05,322.5
1997-08-06,325.8
1997-08-07,330.4
1997-08-10,332.5
1997-08-11,330.8
1997-08-12,330.7
1997-08-13,328
1997-08-14,329.5
1997-08-17,324.7
1997-08-18,326.5
1997-08-19,324.7
1997-08-20,326.6
1997-08-21,329.7
1997-08-24,328
1997-08-25,329
1997-08-26,328.8
1997-08-27,327.1
1997-08-28,327.4
1997-09-01,325.8
1997-09-02,325
1997-09-03,324.3
1997-09-04,325.4
1997-09-07,324.6
1997-09-08,324.1
1997-09-09,324.1
1997-09-10,326.6
1997-09-11,326.2
1997-09-14,324.7
1997-09-15,322.8
1997-09-16,322.2
1997-09-17,322.7
1997-09-18,323
1997-09-21,323.1
1997-09-22,324.2
1997-09-23,325.9
1997-09-24,329.5
1997-09-25,329
1997-09-28,330.4
1997-09-29,336.9
1997-09-30,336.1
1997-10-01,333.5
1997-10-02,336.9
1997-10-05,334.6
1997-10-06,333.3
1997-10-07,335.3
1997-10-08,329.2
1997-10-09,331.2
1997-10-12,329.8
1997-10-13,329.3
1997-10-14,328.1
1997-10-15,326.8
1997-10-16,326.2
1997-10-19,324.8
1997-10-20,323.9
1997-10-21,323.6
1997-10-22,324.7
1997-10-23,308.6
1997-10-26,312.3
1997-10-27,316.5
1997-10-28,314.4
1997-10-29,317.2
1997-10-30,312.1
1997-11-02,314.4
1997-11-03,314.8
1997-11-04,314.5
1997-11-05,313.2
1997-11-06,311.2
1997-11-09,311.1
1997-11-10,310.6
1997-11-11,308.4
1997-11-12,308.8
1997-11-13,304.3
1997-11-16,304.7
1997-11-17,307.6
1997-11-18,305
1997-11-19,303.8
1997-11-20,305.9
1997-11-23,303.9
1997-11-24,300.5
1997-11-25,296.9
1997-11-30,295.7
1997-12-01,295.9
1997-12-02,294.5
1997-12-03,288.5
1997-12-04,290.5
1997-12-07,290
1997-12-08,284.9
1997-12-09,288.6
1997-12-10,286
1997-12-11,284.8
1997-12-14,286.4
1997-12-15,285.4
1997-12-16,291.1
1997-12-17,289.2
1997-12-18,291.1
1997-12-21,292.7
1997-12-22,295.5
1997-12-23,297.9
1997-12-25,296.2
1997-12-28,292.5
1997-12-29,291.6
1997-12-30,289.9
1998-01-01,289.4
1998-01-04,282.7
1998-01-05,282.3
1998-01-06,284.7
1998-01-07,281.8
1998-01-08,279.1
1998-01-11,278.9
1998-01-12,283.8
1998-01-13,282.4
1998-01-14,286.4
1998-01-15,291.1
1998-01-19,291.3
1998-01-20,293.3
1998-01-21,291.3
1998-01-22,300.3
1998-01-25,297.1
1998-01-26,300.7
1998-01-27,306
1998-01-28,304.9
1998-01-29,304.6
1998-02-01,305
1998-02-02,297.2
1998-02-03,301.2
1998-02-04,300.7
1998-02-05,300
1998-02-08,301.6
1998-02-09,302.3
1998-02-10,301.8
1998-02-11,300.4
1998-02-12,301.6
1998-02-16,299.5
1998-02-17,299.1
1998-02-18,300.4
1998-02-19,298.7
1998-02-22,294.7
1998-02-23,292.7
1998-02-24,293.1
1998-02-25,295.4
1998-02-26,300.1
1998-03-01,300.5
1998-03-02,298.5
1998-03-03,296.8
1998-03-04,294.1
1998-03-05,295.2
1998-03-08,295
1998-03-09,296.5
1998-03-10,295.1
1998-03-11,295.1
1998-03-12,295.9
1998-03-15,295.1
1998-03-16,292.3
1998-03-17,291.6
1998-03-18,292.1
1998-03-19,292.2
1998-03-22,299.5
1998-03-23,299.9
1998-03-24,299.4
1998-03-25,301.8
1998-03-26,303.1
1998-03-29,303.9
1998-03-30,303.3
1998-03-31,301.9
1998-04-01,304.2
1998-04-02,310.3
1998-04-05,311.4
1998-04-06,312
1998-04-07,311.1
1998-04-08,310.2
1998-04-12,312.9
1998-04-13,310
1998-04-14,309
1998-04-15,309.8
1998-04-16,309.4
1998-04-19,309.6
1998-04-20,312.6
1998-04-21,314.9
1998-04-22,315.8
1998-04-23,314.2
1998-04-26,311.2
1998-04-27,309.4
1998-04-28,311.6
1998-04-29,307.9
1998-04-30,303.6
1998-05-03,305.4
1998-05-04,304.6
1998-05-05,301.6
1998-05-06,299.6
1998-05-07,300.7
1998-05-10,301.2
1998-05-11,298.9
1998-05-12,299.2
1998-05-13,299.7
1998-05-14,301.9
1998-05-17,300.2
1998-05-18,299.3
1998-05-19,299.9
1998-05-20,301.1
1998-05-21,300
1998-05-25,295.6
1998-05-26,293.7
1998-05-27,295.6
1998-05-28,295.1
1998-05-31,290.6
1998-06-01,293.2
1998-06-02,295.3
1998-06-03,295.6
1998-06-04,293.6
1998-06-07,298.4
1998-06-08,295.5
1998-06-09,295.1
1998-06-10,288.7
1998-06-11,287.3
1998-06-14,286.6
1998-06-15,290
1998-06-16,294.9
1998-06-17,294.6
1998-06-18,300.8
1998-06-21,297.1
1998-06-22,296.4
1998-06-23,294.2
1998-06-24,295.1
1998-06-25,295
1998-06-28,294.9
1998-06-29,298.1
1998-06-30,297.4
1998-07-01,295
1998-07-05,294.3
1998-07-06,295.9
1998-07-07,294.2
1998-07-08,292.5
1998-07-09,291.6
1998-07-12,292.4
1998-07-13,294
1998-07-14,294.5
1998-07-15,294
1998-07-16,295.1
1998-07-19,296.7
1998-07-20,295.5
1998-07-21,294.6
1998-07-22,293.7
1998-07-23,291.2
1998-07-26,290.2
1998-07-27,291.7
1998-07-28,289.9
1998-07-29,293.2
1998-07-30,290.5
1998-08-02,287.9
1998-08-03,292.5
1998-08-04,291.8
1998-08-05,291.4
1998-08-06,290.5
1998-08-09,291.3
1998-08-10,288
1998-08-11,286.8
1998-08-12,289.3
1998-08-13,287.9
1998-08-16,289.1
1998-08-17,289
1998-08-18,287.2
1998-08-19,289
1998-08-20,288.7
1998-08-23,288.5
1998-08-24,286.9
1998-08-25,285.9
1998-08-26,280.1
1998-08-27,277.9
1998-08-30,278.9
1998-08-31,282.2
1998-09-01,283.4
1998-09-02,288.3
1998-09-03,290.1
1998-09-07,289.2
1998-09-08,287.4
1998-09-09,293.8
1998-09-10,296.8
1998-09-13,293.4
1998-09-14,293
1998-09-15,290.6
1998-09-16,293.9
1998-09-17,294.2
1998-09-20,291.6
1998-09-21,290.5
1998-09-22,292.5
1998-09-23,296.4
1998-09-24,296.2
1998-09-27,298
1998-09-28,296.9
1998-09-29,299
1998-09-30,302.1
1998-10-01,302.8
1998-10-04,299
1998-10-05,298.3
1998-10-06,302.9
1998-10-07,302
1998-10-08,298.5
1998-10-11,298.2
1998-10-12,298.5
1998-10-13,297.8
1998-10-14,299.2
1998-10-15,301.7
1998-10-18,297.8
1998-10-19,297.8
1998-10-20,296.8
1998-10-21,293.6
1998-10-22,294.2
1998-10-25,293.6
1998-10-26,294.8
1998-10-27,294.4
1998-10-28,294.8
1998-10-29,293.7
1998-11-01,290.9
1998-11-02,289.7
1998-11-03,291.8
1998-11-04,294.8
1998-11-05,294
1998-11-08,293.4
1998-11-09,294.2
1998-11-10,293.7
1998-11-11,297.5
1998-11-12,296.5
1998-11-15,295.6
1998-11-16,294.9
1998-11-17,298.2
1998-11-18,296.1
1998-11-19,296.4
1998-11-22,297.1
1998-11-23,296.4
1998-11-24,296.5
1998-11-29,295.1
1998-11-30,295.9
1998-12-01,295.2
1998-12-02,293.7
1998-12-03,294.3
1998-12-06,296.9
1998-12-07,295.5
1998-12-08,295.8
1998-12-09,295.9
1998-12-10,292.6
1998-12-13,292.8
1998-12-14,294.3
1998-12-15,296.5
1998-12-16,292.9
1998-12-17,290.4
1998-12-20,290.2
1998-12-21,289
1998-12-22,288
1998-12-23,287.5
1998-12-27,287.8
1998-12-28,287.1
1998-12-29,288.1
1998-12-30,289.2
1999-01-03,288.3
1999-01-04,287.8
1999-01-05,288.5
1999-01-06,292.4
1999-01-07,292
1999-01-10,293.6
1999-01-11,289.3
1999-01-12,287
1999-01-13,287.4
1999-01-14,287.4
1999-01-18,286.8
1999-01-19,287.5
1999-01-20,288
1999-01-21,286.7
1999-01-24,288
1999-01-25,286.3
1999-01-26,283.4
1999-01-27,286.6
1999-01-28,288.2
1999-01-31,290.9
1999-02-01,290.7
1999-02-02,289.3
1999-02-03,291.2
1999-02-04,290.5
1999-02-07,291.3
1999-02-08,289.2
1999-02-09,288.7
1999-02-10,289.3
1999-02-11,291.2
1999-02-15,287.4
1999-02-16,286.3
1999-02-17,287.4
1999-02-18,289.5
1999-02-21,288.5
1999-02-22,288.7
1999-02-23,289.2
1999-02-24,289.2
1999-02-25,288.3
1999-02-28,287.7
1999-03-01,288
1999-03-02,288.3
1999-03-03,289.5
1999-03-04,289.5
1999-03-07,292.7
1999-03-08,293.4
1999-03-09,294.2
1999-03-10,295.5
1999-03-11,293.4
1999-03-14,287.6
1999-03-15,283.9
1999-03-16,284.1
1999-03-17,283.5
1999-03-18,284.5
1999-03-21,284.8
1999-03-22,284.7
1999-03-23,284.1
1999-03-24,283.1
1999-03-25,279.7
1999-03-28,280.3
1999-03-29,281.3
1999-03-30,281.9
1999-03-31,282
1999-04-04,280.3
1999-04-05,281.8
1999-04-06,282.3
1999-04-07,282.7
1999-04-08,283.4
1999-04-11,284.5
1999-04-12,285.6
1999-04-13,283.2
1999-04-14,285.3
1999-04-15,285.6
1999-04-18,286.3
1999-04-19,285.9
1999-04-20,285.5
1999-04-21,285.2
1999-04-22,284.9
1999-04-25,282.6
1999-04-26,283.5
1999-04-27,284.1
1999-04-28,287.3
1999-04-29,287.8
1999-05-02,287.6
1999-05-03,286.9
1999-05-04,288.5
1999-05-05,290.7
1999-05-06,283.7
1999-05-09,278.4
1999-05-10,278.8
1999-05-11,277.8
1999-05-12,278.1
1999-05-13,276.2
1999-05-16,274.8
1999-05-17,274.2
1999-05-18,273.5
1999-05-19,274.7
1999-05-20,273.3
1999-05-23,272.9
1999-05-24,270.8
1999-05-25,269.5
1999-05-26,270.5
1999-05-27,272
1999-05-31,269.5
1999-06-01,267.1
1999-06-02,267.6
1999-06-03,267.2
1999-06-06,267.2
1999-06-07,263.8
1999-06-08,261.1
1999-06-09,260.1
1999-06-10,262.3
1999-06-13,262
1999-06-14,261
1999-06-15,259.9
1999-06-16,260
1999-06-17,260.9
1999-06-20,260.3
1999-06-21,259.9
1999-06-22,261.8
1999-06-23,262.4
1999-06-24,260.8
1999-06-27,262
1999-06-28,262
1999-06-29,263.6
1999-06-30,264.4
1999-07-01,264.6
1999-07-05,257.8
1999-07-06,258
1999-07-07,257.7
1999-07-08,258.1
1999-07-11,256.5
1999-07-12,256.7
1999-07-13,255
1999-07-14,254.8
1999-07-15,254.5
1999-07-18,253.9
1999-07-19,254.1
1999-07-20,256.3
1999-07-21,256.7
1999-07-22,255.4
1999-07-25,254.7
1999-07-26,254.5
1999-07-27,254.5
1999-07-28,259.7
1999-07-29,258.8
1999-08-01,257.8
1999-08-02,258.5
1999-08-03,258.6
1999-08-04,258
1999-08-05,258.6
1999-08-08,259.3
1999-08-09,259.8
1999-08-10,261.5
1999-08-11,263
1999-08-12,263.2
1999-08-15,262.7
1999-08-16,264
1999-08-17,262.2
1999-08-18,261.2
1999-08-19,259.6
1999-08-22,256.2
1999-08-23,254.7
1999-08-24,254.2
1999-08-25,254.6
1999-08-26,255.5
1999-08-29,255.8
1999-08-30,257.3
1999-08-31,255.6
1999-09-01,256.7
1999-09-02,255.5
1999-09-06,257.3
1999-09-07,257.7
1999-09-08,258.6
1999-09-09,257.9
1999-09-12,257.8
1999-09-13,258.2
1999-09-14,257.3
1999-09-15,257.4
1999-09-16,255.9
1999-09-19,255.8
1999-09-20,261.8
1999-09-21,265.5
1999-09-22,267.3
1999-09-23,269.8
1999-09-26,283.8
1999-09-27,310
1999-09-28,302
1999-09-29,299.5
1999-09-30,305.3
1999-10-03,318
1999-10-04,326
1999-10-05,326
1999-10-06,324.3
1999-10-07,321.7
1999-10-10,320.3
1999-10-11,318.2
1999-10-12,321.8
1999-10-13,314.2
1999-10-14,316.4
1999-10-17,311.7
1999-10-18,309.5
1999-10-19,307.3
1999-10-20,305.5
1999-10-21,303.3
1999-10-24,300.5
1999-10-25,290.4
1999-10-26,294.2
1999-10-27,300.4
1999-10-28,300.3
1999-10-31,291.5
1999-11-01,292.4
1999-11-02,293.3
1999-11-03,293.7
1999-11-04,291
1999-11-07,291.1
1999-11-08,293.1
1999-11-09,299.1
1999-11-10,294.9
1999-11-11,292.1
1999-11-14,292.5
1999-11-15,295.3
1999-11-16,295.7
1999-11-17,295.1
1999-11-18,295.7
1999-11-21,295.6
1999-11-22,298.7
1999-11-23,299.4
1999-11-28,293.5
1999-11-29,293
1999-11-30,291.9
1999-12-01,287.1
1999-12-02,282.1
1999-12-05,278.2
1999-12-06,285.4
1999-12-07,284.1
1999-12-08,280.3
1999-12-09,281
1999-12-12,282.1
1999-12-13,282
1999-12-14,284.6
1999-12-15,283.8
1999-12-16,285.5
1999-12-19,286
1999-12-20,288.9
1999-12-21,288.7
1999-12-22,288.5
1999-12-26,289.8
1999-12-27,291.5
1999-12-28,292.4
1999-12-29,289.6
2000-01-03,283.7
2000-01-04,282.1
2000-01-05,282.4
2000-01-06,282.9
2000-01-09,282.7
2000-01-10,284.4
2000-01-11,283.7
2000-08-30,273.8999939
2000-08-31,278.2999878
2000-09-01,277
2000-09-05,275.7999878
2000-09-06,274.2000122
2000-09-07,274
2000-09-08,273.2999878
2000-09-11,273.1000061
2000-09-12,272.8999939
2000-09-13,272.7999878
2000-09-14,272.3999939
2000-09-15,272.2999878
2000-09-18,271.3999939
2000-09-19,271.8999939
2000-09-20,269
2000-09-21,270.2999878
2000-09-22,271.7999878
2000-09-25,274.1000061
2000-09-26,273.8999939
2000-09-27,278.3999939
2000-09-28,275.6000061
2000-09-29,273.6000061
2000-10-02,273.1000061
2000-10-03,271.6000061
2000-10-04,270.2999878
2000-10-05,270.6000061
2000-10-06,269.2999878
2000-10-09,270.1000061
2000-10-10,272.3999939
2000-10-11,270.5
2000-10-12,276.3999939
2000-10-13,272.3999939
2000-10-16,271.5
2000-10-17,271.1000061
2000-10-18,270.2999878
2000-10-19,270.1000061
2000-10-20,271.2000122
2000-10-23,270.1000061
2000-10-24,270.1000061
2000-10-25,266.2000122
2000-10-26,264.8999939
2000-10-27,264.3999939
2000-10-30,264.2999878
2000-10-31,264.8999939
2000-11-01,263.8999939
2000-11-02,264.3999939
2000-11-03,264.6000061
2000-11-06,264.5
2000-11-07,264.2999878
2000-11-08,265
2000-11-09,265.7999878
2000-11-10,264.5
2000-11-13,264.2999878
2000-11-14,264.8999939
2000-11-15,265.1000061
2000-11-16,265.7999878
2000-11-17,265.7000122
2000-11-20,266.2999878
2000-11-21,265.7000122
2000-11-22,266.2999878
2000-11-27,270.1000061
2000-11-28,269.7999878
2000-11-29,266.3999939
2000-11-30,270.1000061
2000-12-01,268.7000122
2000-12-04,270.7000122
2000-12-05,270.3999939
2000-12-06,274.2999878
2000-12-07,273.2000122
2000-12-08,272.2000122
2000-12-11,270.2000122
2000-12-12,270.2999878
2000-12-13,268.6000061
2000-12-14,269
2000-12-15,270.3999939
2000-12-18,269.7000122
2000-12-19,269.7000122
2000-12-20,272.5
2000-12-21,273.7000122
2000-12-22,273.7000122
2000-12-26,274.1000061
2000-12-27,275.2000122
2000-12-28,271.7000122
2000-12-29,272
2001-01-02,268.3999939
2001-01-03,268
2001-01-04,267.2999878
2001-01-05,268
2001-01-08,268
2001-01-09,267.5
2001-01-10,264.7000122
2001-01-11,264
2001-01-12,263.8999939
2001-01-16,263.2999878
2001-01-17,263.2000122
2001-01-18,264.2000122
2001-01-19,264.2999878
2001-01-22,266.3999939
2001-01-23,266.1000061
2001-01-24,264.2999878
2001-01-25,264.5
2001-01-26,262.7999878
2001-01-29,262.7999878
2001-01-30,265.5
2001-01-31,265.6000061
2001-02-01,268.5
2001-02-02,267.1000061
2001-02-05,265.2000122
2001-02-06,263.2999878
2001-02-07,262.7999878
2001-02-08,260.1000061
2001-02-09,259.8999939
2001-02-12,260.7000122
2001-02-13,260.2999878
2001-02-14,259.3999939
2001-02-15,255.1000061
2001-02-16,258.2000122
2001-02-20,256.1000061
2001-02-21,258.2000122
2001-02-22,258.5
2001-02-23,260.8999939
2001-02-26,265.7999878
2001-02-27,267.3999939
2001-02-28,266.7999878
2001-03-01,265.2000122
2001-03-02,262.1000061
2001-03-05,262.5
2001-03-06,259.8999939
2001-03-07,261.3999939
2001-03-08,265.3999939
2001-03-09,270.7999878
2001-03-12,271.6000061
2001-03-13,266.7999878
2001-03-14,262.5
2001-03-15,260
2001-03-16,258.1000061
2001-03-19,259.7999878
2001-03-20,260.5
2001-03-21,261.8999939
2001-03-22,261.1000061
2001-03-23,261.5
2001-03-26,261.8999939
2001-03-27,261
2001-03-28,259.7000122
2001-03-29,258.7999878
2001-03-30,257.8999939
2001-04-02,255.6000061
2001-04-03,256.7999878
2001-04-04,258.3999939
2001-04-05,258.1000061
2001-04-06,260
2001-04-09,258.2999878
2001-04-10,257.2999878
2001-04-11,258.7000122
2001-04-12,260.1000061
2001-04-16,263.2999878
2001-04-17,261.1000061
2001-04-18,261.2999878
2001-04-19,265.2999878
2001-04-20,264.7999878
2001-04-23,263.7000122
2001-04-24,264.1000061
2001-04-25,262.3999939
2001-04-26,264.3999939
2001-04-27,263.8999939
2001-04-30,264
2001-05-01,264.3999939
2001-05-02,265.3999939
2001-05-03,266.2999878
2001-05-04,266.1000061
2001-05-07,266.1000061
2001-05-08,265.1000061
2001-05-09,270
2001-05-10,269.1000061
2001-05-11,267.8999939
2001-05-14,268.2999878
2001-05-15,268.1000061
2001-05-16,272
2001-05-17,273.6000061
2001-05-18,287.3999939
2001-05-21,285.3999939
2001-05-22,285.1000061
2001-05-23,283.6000061
2001-05-24,279.1000061
2001-05-25,277.8999939
2001-05-29,273.7999878
2001-05-30,265.7000122
2001-05-31,265.2999878
2001-06-01,266.3999939
2001-06-04,264.8999939
2001-06-05,265.7000122
2001-06-06,265.7000122
2001-06-07,266
2001-06-08,273.3999939
2001-06-11,267.8999939
2001-06-12,271.5
2001-06-13,272
2001-06-14,275.2999878
2001-06-15,271.2000122
2001-06-18,272.3999939
2001-06-19,273.3999939
2001-06-20,272.3999939
2001-06-21,272.6000061
2001-06-22,272.2999878
2001-06-25,273.7000122
2001-06-26,276.2000122
2001-06-27,272.1000061
2001-06-28,269.2999878
2001-06-29,270.6000061
2001-07-02,269.3999939
2001-07-03,267.6000061
2001-07-05,265.1000061
2001-07-06,265.8999939
2001-07-09,266.5
2001-07-10,266.2000122
2001-07-11,268.2999878
2001-07-12,266.6000061
2001-07-13,267.1000061
2001-07-16,266.8999939
2001-07-17,268.1000061
2001-07-18,270.3999939
2001-07-19,269.3999939
2001-07-20,269.8999939
2001-07-23,268.7999878
2001-07-24,269.7000122
2001-07-25,267.7000122
2001-07-26,266.2000122
2001-07-27,267.3999939
2001-07-30,264.6000061
2001-07-31,266.2000122
2001-08-01,267.3999939
2001-08-02,267.3999939
2001-08-03,267.8999939
2001-08-06,267.1000061
2001-08-07,267.2000122
2001-08-08,267.8999939
2001-08-09,273.3999939
2001-08-10,273.8999939
2001-08-13,275.7000122
2001-08-14,276.2999878
2001-08-15,275.7000122
2001-08-16,275.2000122
2001-08-17,279.2999878
2001-08-20,276.1000061
2001-08-21,275
2001-08-22,274.8999939
2001-08-23,275.2999878
2001-08-24,272.5
2001-08-27,272.6000061
2001-08-28,272.2999878
2001-08-29,273.7000122
2001-08-30,275.3999939
2001-08-31,274.3999939
2001-09-04,271.6000061
2001-09-05,272
2001-09-06,273
2001-09-07,273.1000061
2001-09-10,271.6000061
2001-09-14,290.2000122
2001-09-17,289.7999878
2001-09-18,288.1000061
2001-09-19,291.5
2001-09-20,289
2001-09-21,291.8999939
2001-09-24,289.7000122
2001-09-25,290.5
2001-09-26,293.2999878
2001-09-27,291.7000122
2001-09-28,292.3999939
2001-10-01,292.2000122
2001-10-02,289.8999939
2001-10-03,290.5
2001-10-04,290.5
2001-10-05,291.3999939
2001-10-08,292.3999939
2001-10-09,288.8999939
2001-10-10,285.7000122
2001-10-11,281.7999878
2001-10-12,284.8999939
2001-10-15,282.1000061
2001-10-16,282.2999878
2001-10-17,283.3999939
2001-10-18,279.2000122
2001-10-19,280.1000061
2001-10-22,275.5
2001-10-23,276.1000061
2001-10-24,275.8999939
2001-10-25,277.7999878
2001-10-26,277.8999939
2001-10-29,279.1000061
2001-10-30,280.6000061
2001-10-31,279.5
2001-11-01,279.7000122
2001-11-02,279.7999878
2001-11-05,278.5
2001-11-06,279.7000122
2001-11-07,281
2001-11-08,276.7999878
2001-11-09,277.3999939
2001-11-12,278.2999878
2001-11-13,277.7999878
2001-11-14,277.7999878
2001-11-15,275.1000061
2001-11-16,274.7000122
2001-11-19,272.7000122
2001-11-20,273
2001-11-21,272.8999939
2001-11-26,272.2999878
2001-11-27,273.2000122
2001-11-28,274.1000061
2001-11-29,273.5
2001-11-30,273.8999939
2001-12-03,276.8999939
2001-12-04,275.3999939
2001-12-05,273.7000122
2001-12-06,274.2000122
2001-12-07,273.8999939
2001-12-10,272.2000122
2001-12-11,272.2000122
2001-12-12,273.7999878
2001-12-13,273.8999939
2001-12-14,278
2001-12-17,277.7000122
2001-12-18,280.3999939
2001-12-19,275.5
2001-12-20,276
2001-12-21,278
2001-12-26,279.7000122
2001-12-27,277.3999939
2001-12-28,276.5
2001-12-31,278.7000122
2002-01-02,278.8999939
2002-01-03,278.2000122
2002-01-04,278.8999939
2002-01-07,278.6000061
2002-01-08,278.8999939
2002-01-09,283.3999939
2002-01-10,287.1000061
2002-01-11,287.3999939
2002-01-14,285.3999939
2002-01-15,284.3999939
2002-01-16,287.2999878
2002-01-17,284.3999939
2002-01-18,283.1000061
2002-01-22,281.5
2002-01-23,278.6000061
2002-01-24,278.1000061
2002-01-25,278.7999878
2002-01-28,278.2999878
2002-01-29,281.3999939
2002-01-30,281.8999939
2002-01-31,282.1000061
2002-02-01,286
2002-02-04,289.2999878
2002-02-05,298.2000122
2002-02-06,297.5
2002-02-07,299.7000122
2002-02-08,303.5
2002-02-11,300.1000061
2002-02-12,300.7000122
2002-02-13,299.3999939
2002-02-14,299.7000122
2002-02-15,298.3999939
2002-02-19,293.2000122
2002-02-20,292.2999878
2002-02-21,293.2000122
2002-02-22,293.2000122
2002-02-25,292.7000122
2002-02-26,298
2002-02-27,296.2999878
2002-02-28,296.7000122
2002-03-01,298
2002-03-04,296.7000122
2002-03-05,294
2002-03-06,293.5
2002-03-07,290.1000061
2002-03-08,290.1000061
2002-03-11,291.1000061
2002-03-12,293.6000061
2002-03-13,293.6000061
2002-03-14,291
2002-03-15,289.8999939
2002-03-18,292.1000061
2002-03-19,292.7999878
2002-03-20,292.1000061
2002-03-21,292.7999878
2002-03-22,297.2999878
2002-03-25,297.3999939
2002-03-26,296.6000061
2002-03-27,302.2000122
2002-03-28,302.6000061
2002-04-01,303.2000122
2002-04-02,305.8999939
2002-04-03,302.6000061
2002-04-04,301.1000061
2002-04-05,300.1000061
2002-04-08,300.5
2002-04-09,298.7999878
2002-04-10,301.7000122
2002-04-11,302.2000122
2002-04-12,302.1000061
2002-04-15,300
2002-04-16,298.7999878
2002-04-17,302.1000061
2002-04-18,304.5
2002-04-19,302.2999878
2002-04-22,303
2002-04-23,304
2002-04-24,304.2999878
2002-04-25,308.1000061
2002-04-26,311.6000061
2002-04-29,311.2000122
2002-04-30,308.8999939
2002-05-01,309.1000061
2002-05-02,308.2999878
2002-05-03,312.2000122
2002-05-06,311.2000122
2002-05-07,311.6000061
2002-05-08,308.2000122
2002-05-09,309.5
2002-05-10,311
2002-05-13,310.6000061
2002-05-14,307.2999878
2002-05-15,308.7000122
2002-05-16,309.7999878
2002-05-17,310.6000061
2002-05-20,315.7000122
2002-05-21,315.7999878
2002-05-22,318
2002-05-23,322.5
2002-05-24,320.3999939
2002-05-28,323.8999939
2002-05-29,325.3999939
2002-05-30,325.5
2002-05-31,326.5
2002-06-03,326.7000122
2002-06-04,327.7999878
2002-06-05,321.2000122
2002-06-06,324.8999939
2002-06-07,324.6000061
2002-06-10,318.7000122
2002-06-11,319.7000122
2002-06-12,320.2999878
2002-06-13,317.7000122
2002-06-14,319.1000061
2002-06-17,317.3999939
2002-06-18,319.2000122
2002-06-19,319.7999878
2002-06-20,323.2000122
2002-06-21,324.6000061
2002-06-24,324.2999878
2002-06-25,320.2000122
2002-06-26,320.5
2002-06-27,319.2000122
2002-06-28,313.5
2002-07-01,314
2002-07-02,312.7999878
2002-07-03,310.8999939
2002-07-08,312.1000061
2002-07-09,316.1000061
2002-07-10,314.7000122
2002-07-11,317.2000122
2002-07-12,315.6000061
2002-07-15,319.6000061
2002-07-16,317.2000122
2002-07-17,317.3999939
2002-07-18,317
2002-07-19,323.8999939
2002-07-22,323.6000061
2002-07-23,312.7000122
2002-07-24,311.5
2002-07-25,309.7999878
2002-07-26,303.3999939
2002-07-29,302.5
2002-07-30,303.7000122
2002-07-31,303.2000122
2002-08-01,304
2002-08-02,307
2002-08-05,307.7999878
2002-08-06,305.5
2002-08-07,314.2999878
2002-08-08,310.3999939
2002-08-09,314.2000122
2002-08-12,314.1000061
2002-08-13,314.2000122
2002-08-14,311.7999878
2002-08-15,314.2999878
2002-08-16,313.7000122
2002-08-19,306
2002-08-20,308.7000122
2002-08-21,307.6000061
2002-08-22,306.6000061
2002-08-23,306.7000122
2002-08-26,309.3999939
2002-08-27,312.2999878
2002-08-28,309.3999939
2002-08-29,312.8999939
2002-08-30,312.3999939
2002-09-03,313.3999939
2002-09-04,314.8999939
2002-09-05,318.2000122
2002-09-06,319.8999939
2002-09-09,321.2999878
2002-09-10,317.8999939
2002-09-11,316.6000061
2002-09-12,318.8999939
2002-09-13,316.6000061
2002-09-16,317.1000061
2002-09-17,317
2002-09-18,320.6000061
2002-09-19,322.6000061
2002-09-20,321.8999939
2002-09-23,323
2002-09-24,325.8999939
2002-09-25,322.2000122
2002-09-26,320.2999878
2002-09-27,319.7000122
2002-09-30,323.8999939
2002-10-01,320.8999939
2002-10-02,321.5
2002-10-03,321.1000061
2002-10-04,322.1000061
2002-10-07,321.8999939
2002-10-08,318.2000122
2002-10-09,319.6000061
2002-10-10,316.5
2002-10-11,316.2999878
2002-10-14,317.7999878
2002-10-15,312.6000061
2002-10-16,314
2002-10-17,311.6000061
2002-10-18,312.7000122
2002-10-21,310.8999939
2002-10-22,313
2002-10-23,312
2002-10-24,310.7000122
2002-10-25,313.3999939
2002-10-28,315.2000122
2002-10-29,317.7000122
2002-10-30,316.5
2002-10-31,318
2002-11-01,318.7999878
2002-11-04,318.2999878
2002-11-05,318.2000122
2002-11-06,317.5
2002-11-07,320.5
2002-11-08,321.2999878
2002-11-11,321.2000122
2002-11-12,324.5
2002-11-13,318.7000122
2002-11-14,317.8999939
2002-11-15,320.7000122
2002-11-18,319.2000122
2002-11-19,318.6000061
2002-11-20,317.3999939
2002-11-21,317.3999939
2002-11-22,320.7000122
2002-11-25,317.7999878
2002-11-26,317.7000122
2002-11-27,316.7999878
2002-12-02,317.6000061
2002-12-03,320.2000122
2002-12-04,322.2000122
2002-12-05,324.7999878
2002-12-06,326.2999878
2002-12-09,325.7999878
2002-12-10,323.5
2002-12-11,324.7999878
2002-12-12,331.3999939
2002-12-13,333.2000122
2002-12-16,337
2002-12-17,337.3999939
2002-12-18,342.1000061
2002-12-19,345.8999939
2002-12-20,340.5
2002-12-23,345.1000061
2002-12-24,346.7999878
2002-12-26,348.8999939
2002-12-27,349.2000122
2002-12-30,343.3999939
2002-12-31,347.6000061
2003-01-02,346.1000061
2003-01-03,351.2000122
2003-01-06,351.7000122
2003-01-07,347.2999878
2003-01-08,353.8999939
2003-01-09,353.2999878
2003-01-10,354.5
2003-01-13,354.7000122
2003-01-14,352
2003-01-15,350.7000122
2003-01-16,357.7000122
2003-01-17,356.6000061
2003-01-21,357.2999878
2003-01-22,359.7000122
2003-01-23,364.5
2003-01-24,368.2000122
2003-01-27,369.3999939
2003-01-28,370
2003-01-29,366.2999878
2003-01-30,368.6000061
2003-01-31,368.2999878
2003-02-03,370.7999878
2003-02-04,379
2003-02-05,376.3999939
2003-02-06,370.1000061
2003-02-07,369.8999939
2003-02-10,363.7000122
2003-02-11,362.5
2003-02-12,352.6000061
2003-02-13,357.3999939
2003-02-14,351.8999939
2003-02-18,344.2000122
2003-02-19,349.8999939
2003-02-20,353.1000061
2003-02-21,351.7999878
2003-02-24,356.2999878
2003-02-25,352.2999878
2003-02-26,354
2003-02-27,346.1000061
2003-02-28,350.2000122
2003-03-03,349.2000122
2003-03-04,353.2000122
2003-03-05,353.1000061
2003-03-06,356.7999878
2003-03-07,350.7999878
2003-03-10,354.7000122
2003-03-11,350.5
2003-03-12,346.5
2003-03-13,335.8999939
2003-03-14,336.5
2003-03-17,337.1000061
2003-03-18,337.6000061
2003-03-19,336.1000061
2003-03-20,332.8999939
2003-03-21,326
2003-03-24,329.5
2003-03-25,328.3999939
2003-03-26,330.2999878
2003-03-27,328.7000122
2003-03-28,328.7000122
2003-03-31,335.8999939
2003-04-01,334.2999878
2003-04-02,329.6000061
2003-04-03,324.8999939
2003-04-04,325.2999878
2003-04-07,321.5
2003-04-08,322.2000122
2003-04-09,325.6000061
2003-04-10,326.7000122
2003-04-11,327.8999939
2003-04-14,324.2000122
2003-04-15,324.8999939
2003-04-16,325.7999878
2003-04-17,327.2000122
2003-04-21,333.5
2003-04-22,334.3999939
2003-04-23,331.5
2003-04-24,334.7999878
2003-04-25,333.3999939
2003-04-28,334.5
2003-04-29,333.7000122
2003-04-30,339.1000061
2003-05-01,342.1000061
2003-05-02,341
2003-05-05,342.2999878
2003-05-06,342.5
2003-05-07,341.8999939
2003-05-08,348.3999939
2003-05-09,348.6000061
2003-05-12,351.6000061
2003-05-13,350
2003-05-14,352.2999878
2003-05-15,352.6000061
2003-05-16,354.7000122
2003-05-19,364.2000122
2003-05-20,366.2999878
2003-05-21,372
2003-05-22,368.1000061
2003-05-23,368.7999878
2003-05-27,367.7999878
2003-05-28,365.2000122
2003-05-29,369.6000061
2003-05-30,364.5
2003-06-02,366
2003-06-03,365.2000122
2003-06-04,362.6000061
2003-06-05,368.6000061
2003-06-06,363.7000122
2003-06-09,361.7999878
2003-06-10,352.2000122
2003-06-11,355.5
2003-06-12,353.2999878
2003-06-13,356.6000061
2003-06-16,359
2003-06-17,363.2000122
2003-06-18,357.2000122
2003-06-19,361.2999878
2003-06-20,356.2999878
2003-06-23,353
2003-06-24,346.2999878
2003-06-25,349.2999878
2003-06-26,343.8999939
2003-06-27,345.2000122
2003-06-30,346
2003-07-01,351.3999939
2003-07-02,351.2999878
2003-07-03,351
2003-07-07,348.1000061
2003-07-08,344.1000061
2003-07-09,343.6000061
2003-07-10,344.2999878
2003-07-11,344.7999878
2003-07-14,347.7000122
2003-07-15,342.1000061
2003-07-16,343.1000061
2003-07-17,344.2000122
2003-07-18,347.2000122
2003-07-21,350.8999939
2003-07-22,350.6000061
2003-07-23,358.6000061
2003-07-24,362.2000122
2003-07-25,362.7000122
2003-07-28,364.7999878
2003-07-29,361.7000122
2003-07-30,356.2000122
2003-07-31,354
2003-08-01,346.1000061
2003-08-04,349.2000122
2003-08-05,349.6000061
2003-08-06,350.7999878
2003-08-07,352.5
2003-08-08,356.2999878
2003-08-11,361.7000122
2003-08-12,358.5
2003-08-13,362.1000061
2003-08-14,366
2003-08-15,363.2000122
2003-08-18,358.3999939
2003-08-19,361.6000061
2003-08-20,365.6000061
2003-08-21,360.6000061
2003-08-22,363.1000061
2003-08-25,361.2999878
2003-08-26,365.7999878
2003-08-27,373.5
2003-08-28,370.5
2003-08-29,375.7000122
2003-09-02,373.2000122
2003-09-03,373.8999939
2003-09-04,372.8999939
2003-09-05,377.6000061
2003-09-08,375.1000061
2003-09-09,381.7000122
2003-09-10,380
2003-09-11,379.7000122
2003-09-12,375.7999878
2003-09-15,374.5
2003-09-16,373.5
2003-09-17,376.2000122
2003-09-18,376.6000061
2003-09-19,381.7999878
2003-09-22,387.2000122
2003-09-23,385.8999939
2003-09-24,387.5
2003-09-25,385
2003-09-26,380.7999878
2003-09-29,382.3999939
2003-09-30,385.3999939
2003-10-01,384.2999878
2003-10-02,383.1000061
2003-10-03,369.3999939
2003-10-06,372.7000122
2003-10-07,377.2000122
2003-10-08,375.3999939
2003-10-09,369.2000122
2003-10-10,373.6000061
2003-10-13,375.2000122
2003-10-14,375.7000122
2003-10-15,372.6000061
2003-10-16,372.7000122
2003-10-17,371.7999878
2003-10-20,374
2003-10-21,381.7000122
2003-10-22,386.5
2003-10-23,384.7000122
2003-10-24,388.8999939
2003-10-27,387.8999939
2003-10-28,383.2000122
2003-10-29,386.7999878
2003-10-30,384.2999878
2003-10-31,384.5
2003-11-03,377
2003-11-04,379.8999939
2003-11-05,382.6000061
2003-11-06,380.6000061
2003-11-07,383.2999878
2003-11-10,386.6000061
2003-11-11,388.1000061
2003-11-12,394.8999939
2003-11-13,394.1000061
2003-11-14,397.7999878
2003-11-17,391.5
2003-11-18,397.6000061
2003-11-19,394.8999939
2003-11-20,393.7000122
2003-11-21,396
2003-11-24,391.5
2003-11-25,391.1000061
2003-11-26,396.7999878
2003-12-01,402.7000122
2003-12-02,403.7000122
2003-12-03,403.8999939
2003-12-04,403.2999878
2003-12-05,406.3999939
2003-12-08,406.6000061
2003-12-09,408.2000122
2003-12-10,406.2000122
2003-12-11,404.6000061
2003-12-12,409.3999939
2003-12-15,409.2000122
2003-12-16,407.7000122
2003-12-17,412
2003-12-18,410.3999939
2003-12-19,409.2000122
2003-12-22,410.6000061
2003-12-23,411
2003-12-24,412.2999878
2003-12-29,414.7999878
2003-12-30,416.8999939
2003-12-31,415.7000122
2004-01-05,424.3999939
2004-01-06,422.7999878
2004-01-07,421.8999939
2004-01-08,424
2004-01-09,426.3999939
2004-01-12,426.2999878
2004-01-13,423.7000122
2004-01-14,421.7000122
2004-01-15,408.3999939
2004-01-16,406.7000122
2004-01-20,412.7000122
2004-01-21,411.1000061
2004-01-22,410
2004-01-23,407.8999939
2004-01-26,406.6000061
2004-01-27,410
2004-01-28,414.5
2004-01-29,398.5
2004-01-30,402.2000122
2004-02-02,398.7000122
2004-02-03,399.2000122
2004-02-04,401
2004-02-05,398.1000061
2004-02-06,403.6000061
2004-02-09,406.7999878
2004-02-10,406.3999939
2004-02-11,410.2000122
2004-02-12,413.7000122
2004-02-13,410.2999878
2004-02-17,416
2004-02-18,412.2999878
2004-02-19,409.7999878
2004-02-20,397.5
2004-02-23,399
2004-02-24,404.5
2004-02-25,395.7999878
2004-02-26,395.7999878
2004-02-27,396.3999939
2004-03-01,399.2999878
2004-03-02,393.5
2004-03-03,392.3999939
2004-03-04,392.8999939
2004-03-05,401.2999878
2004-03-08,400.6000061
2004-03-09,404.2000122
2004-03-10,400
2004-03-11,400.7000122
2004-03-12,395.2999878
2004-03-15,399.3999939
2004-03-16,402.3999939
2004-03-17,406.8999939
2004-03-18,411.1000061
2004-03-19,412.5
2004-03-22,417.3999939
2004-03-23,419.7999878
2004-03-24,417.2000122
2004-03-25,416.7000122
2004-03-26,422.1000061
2004-03-29,417.1000061
2004-03-30,421.7000122
2004-03-31,427.2999878
2004-04-01,427.7999878
2004-04-02,421.6000061
2004-04-05,415.3999939
2004-04-06,418.8999939
2004-04-07,422.7999878
2004-04-08,419.8999939
2004-04-12,420.1000061
2004-04-13,407
2004-04-14,399.7999878
2004-04-15,397.7000122
2004-04-16,401
2004-04-19,400.6000061
2004-04-20,397.7000122
2004-04-21,390.7999878
2004-04-22,393.2999878
2004-04-23,395.1000061
2004-04-26,396
2004-04-27,398.6000061
2004-04-28,385.3999939
2004-04-29,386.6000061
2004-04-30,387
2004-05-03,387
2004-05-04,391.3999939
2004-05-05,393.3999939
2004-05-06,388
2004-05-07,378.7000122
2004-05-10,378.2999878
2004-05-11,376.8999939
2004-05-12,377.3999939
2004-05-13,374.7999878
2004-05-14,377
2004-05-17,379.5
2004-05-18,375.7999878
2004-05-19,382.8999939
2004-05-20,378.3999939
2004-05-21,384.7999878
2004-05-24,385.6000061
2004-05-25,388.2999878
2004-05-26,388.2999878
2004-05-27,394.8999939
2004-05-28,394
2004-06-01,394.6000061
2004-06-02,390.7000122
2004-06-03,388.1000061
2004-06-04,390.8999939
2004-06-07,393.7999878
2004-06-08,391
2004-06-09,384.5
2004-06-10,385.8999939
2004-06-14,383.6000061
2004-06-15,388.1000061
2004-06-16,384.6000061
2004-06-17,388.8999939
2004-06-18,395.1000061
2004-06-21,394
2004-06-22,395
2004-06-23,395
2004-06-24,403.1000061
2004-06-25,402.8999939
2004-06-28,401
2004-06-29,392.5
2004-06-30,392.6000061
2004-07-01,396
2004-07-02,398.2999878
2004-07-06,392.6000061
2004-07-07,402.2999878
2004-07-08,407.7999878
2004-07-09,407.5
2004-07-12,408.1000061
2004-07-13,402
2004-07-14,405.3999939
2004-07-15,404.2000122
2004-07-16,406.6000061
2004-07-19,405.6000061
2004-07-20,401.8999939
2004-07-21,397.1000061
2004-07-22,395.2000122
2004-07-23,390.5
2004-07-26,390.2999878
2004-07-27,387
2004-07-28,389
2004-07-29,387
2004-07-30,391
2004-08-02,391.7000122
2004-08-03,394
2004-08-04,392.2000122
2004-08-05,392.2999878
2004-08-06,399.7999878
2004-08-09,400.7000122
2004-08-10,400
2004-08-11,395.5
2004-08-12,394.2999878
2004-08-13,398.8999939
2004-08-16,402.8999939
2004-08-17,404.3999939
2004-08-18,404.2999878
2004-08-19,407.1000061
2004-08-20,413.2000122
2004-08-23,410.5
2004-08-24,403
2004-08-25,407.8999939
2004-08-26,407.3999939
2004-08-27,403.2999878
2004-08-30,407.7999878
2004-08-31,410.3999939
2004-09-01,408.7999878
2004-09-02,406
2004-09-03,400.5
2004-09-07,397.3999939
2004-09-08,399.3999939
2004-09-09,398.5
2004-09-10,401.8999939
2004-09-13,404.1000061
2004-09-14,405.7000122
2004-09-15,405
2004-09-16,404.7000122
2004-09-17,405.7999878
2004-09-20,405.2999878
2004-09-21,408.2999878
2004-09-22,407.2000122
2004-09-23,410.8999939
2004-09-24,408.1000061
2004-09-27,409.1000061
2004-09-28,412.5
2004-09-29,413
2004-09-30,418.7000122
2004-10-01,419.5
2004-10-04,414
2004-10-05,418.2000122
2004-10-06,418.3999939
2004-10-07,418
2004-10-08,423.1000061
2004-10-11,422
2004-10-12,415.1000061
2004-10-13,413.2000122
2004-10-14,418.1000061
2004-10-15,418.7000122
2004-10-18,416.2000122
2004-10-19,420.2999878
2004-10-20,423.5
2004-10-21,424.3999939
2004-10-22,424.6000061
2004-10-25,429
2004-10-26,426.7999878
2004-10-27,424.7999878
2004-10-28,425.1000061
2004-10-29,428.5
2004-11-01,427.2999878
2004-11-02,420
2004-11-03,424.6000061
2004-11-04,430.1000061
2004-11-05,433.6000061
2004-11-08,432.7000122
2004-11-09,435.7000122
2004-11-10,434
2004-11-11,434.8999939
2004-11-12,437.8999939
2004-11-15,437
2004-11-16,440.2000122
2004-11-17,444.7999878
2004-11-18,442.6000061
2004-11-19,446.7999878
2004-11-22,448.7999878
2004-11-23,447.7999878
2004-11-24,449.2999878
2004-11-29,453.7000122
2004-11-30,451.2999878
2004-12-01,454
2004-12-02,450.3999939
2004-12-03,456
2004-12-06,454.2000122
2004-12-07,452
2004-12-08,437.2000122
2004-12-09,435.7999878
2004-12-10,433.8999939
2004-12-13,438.8999939
2004-12-14,435.8999939
2004-12-15,440.7999878
2004-12-16,436.8999939
2004-12-17,441.6000061
2004-12-20,442.3999939
2004-12-21,441.7999878
2004-12-22,440.2999878
2004-12-23,441.8999939
2004-12-27,445.2000122
2004-12-28,444.2999878
2004-12-29,436
2004-12-30,437.5
2005-01-03,428.7000122
2005-01-04,428.5
2005-01-05,426.6000061
2005-01-06,421
2005-01-07,418.8999939
2005-01-10,419.1000061
2005-01-11,421.8999939
2005-01-12,426.1000061
2005-01-13,424.5
2005-01-14,422.7000122
2005-01-18,423.2000122
2005-01-19,423
2005-01-20,422.3999939
2005-01-21,426.7000122
2005-01-24,426.8999939
2005-01-25,422
2005-01-26,426.8999939
2005-01-27,426.2999878
2005-01-28,425.7999878
2005-01-31,421.7999878
2005-02-01,420.7999878
2005-02-02,421.1000061
2005-02-03,416.6000061
2005-02-04,414
2005-02-07,413.6000061
2005-02-08,412.6000061
2005-02-09,412.8999939
2005-02-10,417.2000122
2005-02-11,420.5
2005-02-14,425.7999878
2005-02-15,425.8999939
2005-02-16,425.5
2005-02-17,427.2999878
2005-02-18,427.1000061
2005-02-22,434.5
2005-02-23,434.8999939
2005-02-24,434.5
2005-02-25,434.8999939
2005-02-28,436.5
2005-03-01,432.8999939
2005-03-02,432.7999878
2005-03-03,429.8999939
2005-03-04,434.2000122
2005-03-07,435
2005-03-08,440.2999878
2005-03-09,442.1000061
2005-03-10,442.7999878
2005-03-11,446.2000122
2005-03-14,441.1000061
2005-03-15,440.8999939
2005-03-16,443.7000122
2005-03-17,438.7000122
2005-03-18,439.2999878
2005-03-21,431.1000061
2005-03-22,431.2999878
2005-03-23,425.2000122
2005-03-24,424.7000122
2005-03-28,425.8999939
2005-03-29,426
2005-03-31,428.7000122
2005-04-01,425.8999939
2005-04-04,423.8999939
2005-04-05,424.5
2005-04-06,427.1000061
2005-04-07,426.5
2005-04-08,426.8999939
2005-04-11,428.6000061
2005-04-12,427.6000061
2005-04-13,429.2999878
2005-04-14,424
2005-04-15,424.8999939
2005-04-18,427.5
2005-04-19,432.8999939
2005-04-20,435.2999878
2005-04-21,433
2005-04-22,434.2999878
2005-04-25,434.6000061
2005-04-26,437.8999939
2005-04-27,433
2005-04-29,435
2005-05-02,429.5
2005-05-03,426.7000122
2005-05-04,429
2005-05-05,429.7999878
2005-05-06,426.1000061
2005-05-09,426.2000122
2005-05-10,427.2000122
2005-05-11,427.2000122
2005-05-12,421.6000061
2005-05-13,420.2000122
2005-05-16,418.8999939
2005-05-17,419.3999939
2005-05-18,421.5
2005-05-19,420.5
2005-05-20,417.3999939
2005-05-23,416.6000061
2005-05-24,417.5
2005-05-25,418.7999878
2005-05-26,418
2005-05-27,419.7999878
2005-05-31,416.2999878
2005-06-01,415.2999878
2005-06-02,422.7000122
2005-06-03,423.7000122
2005-06-06,426.5
2005-06-07,424.7999878
2005-06-08,424.7000122
2005-06-09,424.2000122
2005-06-10,427.3999939
2005-06-13,429.2999878
2005-06-14,427.5
2005-06-15,429.1000061
2005-06-16,436.2000122
2005-06-17,438.2999878
2005-06-20,438.3999939
2005-06-21,438.8999939
2005-06-22,438.1000061
2005-06-23,441.7000122
2005-06-24,440.5
2005-06-27,440.2999878
2005-06-28,436.3999939
2005-06-30,435.8999939
2005-07-01,427.7999878
2005-07-05,422.8999939
2005-07-06,423.5
2005-07-07,423.2999878
2005-07-08,422.8999939
2005-07-11,425.5
2005-07-12,426.2999878
2005-07-13,423.8999939
2005-07-14,419.6000061
2005-07-15,420.7000122
2005-07-18,420.5
2005-07-19,419.7000122
2005-07-20,421.7000122
2005-07-21,425.3999939
2005-07-22,424.7000122
2005-07-25,425.7000122
2005-07-26,423.3999939
2005-07-27,424.7000122
2005-07-28,427.2999878
2005-07-29,429.8999939
2005-08-01,431.8999939
2005-08-02,431.8999939
2005-08-03,436.8999939
2005-08-04,437.8999939
2005-08-05,437.2000122
2005-08-08,434.7000122
2005-08-09,434.2000122
2005-08-10,436.5
2005-08-11,445.5
2005-08-12,445.8999939
2005-08-15,442.2000122
2005-08-16,446.1000061
2005-08-17,439.8999939
2005-08-18,439.5
2005-08-19,437.2000122
2005-08-22,438.1000061
2005-08-23,439.3999939
2005-08-24,437.2999878
2005-08-25,438.3999939
2005-08-26,437.3999939
2005-08-29,437
2005-08-30,431.2000122
2005-08-31,433.7999878
2005-09-01,442.2999878
2005-09-02,444.2000122
2005-09-06,444.3999939
2005-09-07,444.8999939
2005-09-08,446.7000122
2005-09-09,449
2005-09-12,449.7000122
2005-09-13,446.1000061
2005-09-14,449.7999878
2005-09-15,455.5
2005-09-16,459.5
2005-09-19,466.7000122
2005-09-20,466.2000122
2005-09-21,468.8999939
2005-09-22,466.6000061
2005-09-23,463.5
2005-09-26,465.8999939
2005-09-27,462.6000061
2005-09-28,469.7000122
2005-09-29,472.2000122
2005-09-30,469
2005-10-03,466.1000061
2005-10-04,466.1000061
2005-10-05,466.1000061
2005-10-06,471.8999939
2005-10-07,474.7000122
2005-10-10,475.1000061
2005-10-11,477.1000061
2005-10-12,473.8999939
2005-10-13,471.1000061
2005-10-14,469.2000122
2005-10-17,474.1000061
2005-10-18,472.1000061
2005-10-19,463.5
2005-10-20,461
2005-10-21,467
2005-10-24,465
2005-10-25,472.7999878
2005-10-26,471.2000122
2005-10-27,473.7999878
2005-10-28,473
2005-10-31,465.1000061
2005-11-01,458.7999878
2005-11-02,462.7999878
2005-11-03,460.1000061
2005-11-04,456.2999878
2005-11-07,459
2005-11-08,460.8999939
2005-11-09,466.2999878
2005-11-10,466.6000061
2005-11-11,468.2999878
2005-11-14,468.2000122
2005-11-15,468.1000061
2005-11-16,478.2999878
2005-11-17,486.2000122
2005-11-18,485.6000061
2005-11-21,489
2005-11-22,492.6000061
2005-11-23,492.1000061
2005-11-28,498.2999878
2005-11-29,499.1000061
2005-11-30,494.6000061
2005-12-01,502.5
2005-12-02,503.2999878
2005-12-05,508.8999939
2005-12-06,510.2000122
2005-12-07,514.2999878
2005-12-08,519.2999878
2005-12-09,527
2005-12-12,528.4000244
2005-12-13,521
2005-12-14,506.5
2005-12-15,503.8999939
2005-12-16,503.3999939
2005-12-19,503.6000061
2005-12-20,494.6000061
2005-12-21,493
2005-12-22,502.7000122
2005-12-23,503
2005-12-27,508
2005-12-28,514.2000122
2005-12-29,515.7000122
2005-12-30,517.0999756
2006-01-03,530.7000122
2006-01-04,533.9000244
2006-01-05,526.2999878
2006-01-06,539.7000122
2006-01-09,549.0999756
2006-01-10,544.2999878
2006-01-11,548.7999878
2006-01-12,548.2999878
2006-01-13,556.0999756
2006-01-17,553.4000244
2006-01-18,543.7000122
2006-01-19,558.4000244
2006-01-20,553.5
2006-01-23,558.2999878
2006-01-24,557.7000122
2006-01-25,562.2000122
2006-01-26,559.7000122
2006-01-27,558.7000122
2006-01-30,565.7999878
2006-01-31,570.7999878
2006-02-01,569.4000244
2006-02-02,572.5
2006-02-03,567.4000244
2006-02-06,570.2000122
2006-02-07,551
2006-02-08,550.0999756
2006-02-09,564.5
2006-02-10,550.2000122
2006-02-13,539
2006-02-14,545.9000244
2006-02-15,539.7000122
2006-02-16,546
2006-02-17,551.7999878
2006-02-21,553.9000244
2006-02-22,553.9000244
2006-02-23,548.4000244
2006-02-24,558.7999878
2006-02-27,554.7000122
2006-02-28,561.5999756
2006-03-01,563.5
2006-03-02,568.2000122
2006-03-03,566
2006-03-06,554.9000244
2006-03-07,552.7000122
2006-03-08,542.5
2006-03-09,545.5
2006-03-10,539.9000244
2006-03-13,546.0999756
2006-03-14,551.7000122
2006-03-15,553.0999756
2006-03-16,554.4000244
2006-03-17,554.0999756
2006-03-20,555.2000122
2006-03-21,552.4000244
2006-03-22,550.9000244
2006-03-23,550.0999756
2006-03-24,560
2006-03-27,567
2006-03-28,566.5999756
2006-03-29,573
2006-03-30,586.7000122
2006-03-31,581.7999878
2006-04-03,589.4000244
2006-04-04,586
2006-04-05,587.9000244
2006-04-06,595.2000122
2006-04-07,588.4000244
2006-04-10,597.5999756
2006-04-11,595.2000122
2006-04-12,597.5
2006-04-13,596.5
2006-04-17,615.4000244
2006-04-18,620
2006-04-19,632.5999756
2006-04-20,619.7999878
2006-04-21,632.2000122
2006-04-24,620.5999756
2006-04-25,631
2006-04-26,638.7999878
2006-04-27,633.2999878
2006-04-28,651.7999878
2006-05-01,657.5
2006-05-02,664.7000122
2006-05-03,665.9000244
2006-05-04,674.2000122
2006-05-05,682.2000122
2006-05-08,677.7999878
2006-05-09,699.4000244
2006-05-10,703.7000122
2006-05-11,719.7999878
2006-05-12,710.2999878
2006-05-15,683.5999756
2006-05-16,691.5
2006-05-17,690.5
2006-05-18,679.5999756
2006-05-19,656.7000122
2006-05-22,657
2006-05-23,673
2006-05-24,637
2006-05-25,648.4000244
2006-05-26,650.9000244
2006-05-30,653.9000244
2006-05-31,642.5
2006-06-01,627.5999756
2006-06-02,635.5
2006-06-05,643.2000122
2006-06-06,629.4000244
2006-06-07,627.4000244
2006-06-08,609.0999756
2006-06-09,608.2000122
2006-06-12,606.7999878
2006-06-13,562.5
2006-06-14,562.2999878
2006-06-15,566.5
2006-06-16,578
2006-06-19,568.7999878
2006-06-20,576.9000244
2006-06-21,587.5
2006-06-22,582.2000122
2006-06-23,584.7999878
2006-06-26,584.7999878
2006-06-27,581.5999756
2006-06-28,578.2999878
2006-06-29,586.5
2006-06-30,613.5
2006-07-05,627.2999878
2006-07-06,634.0999756
2006-07-07,632.7999878
2006-07-10,624.0999756
2006-07-11,641.2000122
2006-07-12,649.4000244
2006-07-13,652.9000244
2006-07-14,666.5999756
2006-07-17,650.5999756
2006-07-18,628.2999878
2006-07-19,641.5999756
2006-07-20,631.7000122
2006-07-21,619.5999756
2006-07-24,612.7000122
2006-07-25,617.5999756
2006-07-26,621.5999756
2006-07-27,632.4000244
2006-07-28,634.7999878
2006-07-31,634.2000122
2006-08-01,646.2999878
2006-08-02,651.5999756
2006-08-03,644.9000244
2006-08-04,644
2006-08-07,647.7999878
2006-08-08,645.7000122
2006-08-09,650.5
2006-08-10,634.9000244
2006-08-11,633.5
2006-08-14,628.5
2006-08-15,622.5
2006-08-16,628.7000122
2006-08-17,615.4000244
2006-08-18,612.0999756
2006-08-21,625.7000122
2006-08-22,624.5999756
2006-08-23,623.7000122
2006-08-24,619.5
2006-08-25,622
2006-08-28,615.2999878
2006-08-29,610.7000122
2006-08-30,617.7000122
2006-08-31,625.9000244
2006-09-01,624.4000244
2006-09-04,624.4000244
2006-09-05,638.5
2006-09-06,633.5
2006-09-07,617
2006-09-08,609.5999756
2006-09-11,590
2006-09-12,586.9000244
2006-09-13,589.0999756
2006-09-14,579.2999878
2006-09-15,576.4000244
2006-09-18,586.2000122
2006-09-19,576.7999878
2006-09-20,580
2006-09-21,582.2000122
2006-09-22,589.4000244
2006-09-25,589.9000244
2006-09-26,591.2000122
2006-09-27,597.2999878
2006-09-28,605
2006-09-29,598.5999756
2006-10-02,597.7000122
2006-10-03,576.2999878
2006-10-04,562
2006-10-05,571
2006-10-06,572.4000244
2006-10-09,578.4000244
2006-10-10,571.9000244
2006-10-11,572.2999878
2006-10-12,576.2999878
2006-10-13,588.7999878
2006-10-16,594.7000122
2006-10-17,589.7000122
2006-10-18,588.9000244
2006-10-19,599
2006-10-20,593
2006-10-23,579.7000122
2006-10-24,584.4000244
2006-10-25,587.5999756
2006-10-26,596.7999878
2006-10-27,598.2000122
2006-10-30,604.7000122
2006-10-31,604.0999756
2006-11-01,616.5999756
2006-11-02,625.4000244
2006-11-03,626.9000244
2006-11-06,625.7999878
2006-11-07,625.7000122
2006-11-08,616.4000244
2006-11-09,635
2006-11-10,628.4000244
2006-11-13,624.2000122
2006-11-14,623.7999878
2006-11-15,622.5
2006-11-16,620.5999756
2006-11-17,621.5
2006-11-20,621.2000122
2006-11-21,628.2000122
2006-11-22,628.7000122
2006-11-24,628.7000122
2006-11-28,637.2000122
2006-11-29,635.5
2006-11-30,646.9000244
2006-12-01,644.7000122
2006-12-04,645.2000122
2006-12-05,642.2999878
2006-12-06,630.5
2006-12-07,631.9000244
2006-12-08,626.0999756
2006-12-11,630
2006-12-12,627
2006-12-13,627.9000244
2006-12-14,626.5999756
2006-12-15,615
2006-12-18,614
2006-12-19,621.5999756
2006-12-20,620.5999756
2006-12-21,618.2000122
2006-12-22,619.0999756
2006-12-26,623.7000122
2006-12-27,627.2000122
2006-12-28,634.0999756
2006-12-29,635.2000122
2007-01-02,635.2000122
2007-01-03,627.0999756
2007-01-04,623.9000244
2007-01-05,604.9000244
2007-01-08,607.5
2007-01-09,613.0999756
2007-01-10,611.5999756
2007-01-11,612.4000244
2007-01-12,625.5
2007-01-16,624.5999756
2007-01-17,632.0999756
2007-01-18,627.0999756
2007-01-19,635.5
2007-01-22,633.2999878
2007-01-23,645.2000122
2007-01-24,647.5999756
2007-01-25,647.7999878
2007-01-26,644.5
2007-01-29,643.0999756
2007-01-30,644.2000122
2007-01-31,652
2007-02-01,657.4000244
2007-02-02,646.2000122
2007-02-05,650.9000244
2007-02-06,653.5999756
2007-02-07,652.2999878
2007-02-08,658
2007-02-09,667.5
2007-02-12,662.5999756
2007-02-13,663.9000244
2007-02-14,667.4000244
2007-02-15,667.2999878
2007-02-16,668.7999878
2007-02-20,657.0999756
2007-02-21,680.2000122
2007-02-22,679.4000244
2007-02-23,683.0999756
2007-02-26,686.5
2007-02-27,683.9000244
2007-02-28,669.4000244
2007-03-01,662.2999878
2007-03-02,641.5
2007-03-05,636.7000122
2007-03-06,643.7999878
2007-03-07,650.5999756
2007-03-08,653.4000244
2007-03-09,650
2007-03-12,648.4000244
2007-03-13,647.5999756
2007-03-14,640.9000244
2007-03-15,645.7000122
2007-03-16,652.5999756
2007-03-19,653.0999756
2007-03-20,657.9000244
2007-03-21,659
2007-03-22,663.4000244
2007-03-23,656.7000122
2007-03-26,663.4000244
2007-03-27,662.0999756
2007-03-28,666.5
2007-03-29,661.5
2007-03-30,663
2007-04-02,665.7000122
2007-04-03,664
2007-04-04,672.0999756
2007-04-05,674.2000122
2007-04-09,671.9000244
2007-04-10,676.5
2007-04-11,676.7999878
2007-04-12,675.0999756
2007-04-13,685.4000244
2007-04-16,690.0999756
2007-04-17,688.2000122
2007-04-18,689.0999756
2007-04-19,684.2999878
2007-04-20,692
2007-04-23,690.5999756
2007-04-24,684.2000122
2007-04-25,684.0999756
2007-04-26,674.9000244
2007-04-27,678.7000122
2007-04-30,680.5
2007-05-01,674.4000244
2007-05-02,672.2999878
2007-05-03,681.7999878
2007-05-04,687.2000122
2007-05-07,688
2007-05-08,685.0999756
2007-05-09,680.2999878
2007-05-10,665.0999756
2007-05-11,670.5999756
2007-05-14,668.5
2007-05-15,673
2007-05-16,660.2000122
2007-05-17,656.2000122
2007-05-18,661
2007-05-21,662.9000244
2007-05-22,659.0999756
2007-05-23,661.9000244
2007-05-24,653
2007-05-25,655.0999756
2007-05-29,657.0999756
2007-05-30,653.0999756
2007-05-31,661
2007-06-01,671.2000122
2007-06-04,670.7000122
2007-06-05,669.5999756
2007-06-06,669.2999878
2007-06-07,660.0999756
2007-06-08,645.5
2007-06-11,654.2999878
2007-06-12,648.5
2007-06-13,648.2000122
2007-06-14,651.5999756
2007-06-15,654.5
2007-06-18,655.7999878
2007-06-19,660.7000122
2007-06-20,656.0999756
2007-06-21,650.5999756
2007-06-22,653.5
2007-06-25,651.2999878
2007-06-26,642.0999756
2007-06-27,641.7000122
2007-06-28,647.5
2007-06-29,648.0999756
2007-07-02,656.5
2007-07-03,652.9000244
2007-07-05,648.4000244
2007-07-06,652.7000122
2007-07-09,660.5
2007-07-10,662.5
2007-07-11,660.2999878
2007-07-12,666.7000122
2007-07-13,665.7999878
2007-07-16,665
2007-07-17,664.7000122
2007-07-18,672.5999756
2007-07-19,677.2000122
2007-07-20,683.9000244
2007-07-23,680.7999878
2007-07-24,684.2000122
2007-07-25,673.2999878
2007-07-26,662.5
2007-07-27,660
2007-07-30,664.0999756
2007-07-31,666.9000244
2007-08-01,663.5999756
2007-08-02,664.5999756
2007-08-03,672.5
2007-08-06,671.5
2007-08-07,670.5999756
2007-08-08,674.5
2007-08-09,661.4000244
2007-08-10,670.2999878
2007-08-13,669.7000122
2007-08-14,668.5999756
2007-08-15,668.9000244
2007-08-16,648.2999878
2007-08-17,656.9000244
2007-08-20,656.7000122
2007-08-21,656.7000122
2007-08-22,659.0999756
2007-08-23,658.9000244
2007-08-24,668
2007-08-27,666.7999878
2007-08-28,664.4000244
2007-08-29,666.2999878
2007-08-30,665
2007-08-31,673
2007-09-04,682.5
2007-09-05,681.7000122
2007-09-06,695.5999756
2007-09-07,700.7999878
2007-09-10,703.2999878
2007-09-11,712.2000122
2007-09-12,711.9000244
2007-09-13,709.5
2007-09-14,709.5999756
2007-09-17,715.7999878
2007-09-18,715.7999878
2007-09-19,722
2007-09-20,732.4000244
2007-09-21,731.4000244
2007-09-24,732.0999756
2007-09-25,731.5999756
2007-09-26,728.2999878
2007-09-27,732.7000122
2007-09-28,742.7999878
2007-10-01,747.2000122
2007-10-02,729.7999878
2007-10-03,729.2999878
2007-10-04,737.7999878
2007-10-05,741.2999878
2007-10-08,732.7999878
2007-10-09,737.4000244
2007-10-10,740.4000244
2007-10-11,751.2999878
2007-10-12,748.7000122
2007-10-15,757.0999756
2007-10-16,757
2007-10-17,757.5
2007-10-18,764.0999756
2007-10-19,764
2007-10-22,755.7999878
2007-10-23,759
2007-10-24,761.5999756
2007-10-25,767.2999878
2007-10-26,783.9000244
2007-10-29,789.0999756
2007-10-30,784.2999878
2007-10-31,792
2007-11-01,790.7000122
2007-11-02,805.7000122
2007-11-05,808.0999756
2007-11-06,820.7999878
2007-11-07,831
2007-11-08,835.2000122
2007-11-09,832.5
2007-11-12,805.7999878
2007-11-13,797.2000122
2007-11-14,813
2007-11-15,785.9000244
2007-11-16,785.7000122
2007-11-19,776.7999878
2007-11-20,790.2999878
2007-11-21,797.5999756
2007-11-23,824
2007-11-26,826
2007-11-27,813.7000122
2007-11-28,800.0999756
2007-11-29,795.2999878
2007-11-30,782.2000122
2007-12-03,788.2999878
2007-12-04,801.2999878
2007-12-05,797.5
2007-12-06,801.2000122
2007-12-07,794.4000244
2007-12-10,807.7000122
2007-12-11,811.4000244
2007-12-12,813.5
2007-12-13,799
2007-12-14,793.2999878
2007-12-17,794.7999878
2007-12-18,803
2007-12-19,801.0999756
2007-12-20,799.2000122
2007-12-21,811.5999756
2007-12-24,812.7999878
2007-12-26,826
2007-12-27,828.5999756
2007-12-28,839.5999756
2007-12-31,834.9000244
2008-01-02,857
2008-01-03,866.4000244
2008-01-04,863.0999756
2008-01-07,859.5999756
2008-01-08,878
2008-01-09,879.5
2008-01-10,891.7000122
2008-01-11,896.0999756
2008-01-14,901.5999756
2008-01-15,901
2008-01-16,880.5999756
2008-01-17,879.5
2008-01-18,880.7999878
2008-01-22,889.5999756
2008-01-23,882.5
2008-01-24,905.5
2008-01-25,910.5
2008-01-28,927.0999756
2008-01-29,925.0999756
2008-01-30,920.5999756
2008-01-31,922.7000122
2008-02-01,908.7000122
2008-02-04,904.9000244
2008-02-05,885.9000244
2008-02-06,900.7000122
2008-02-07,906.0999756
2008-02-08,918.4000244
2008-02-11,922.9000244
2008-02-12,907.4000244
2008-02-13,906.5
2008-02-14,907.4000244
2008-02-15,902.7999878
2008-02-19,926.5999756
2008-02-20,934.5999756
2008-02-21,946.0999756
2008-02-22,944.7000122
2008-02-25,937.5999756
2008-02-26,946.0999756
2008-02-27,958.2000122
2008-02-28,964.5
2008-02-29,972.0999756
2008-03-03,981.5
2008-03-04,963.9000244
2008-03-05,986.2000122
2008-03-06,975
2008-03-07,972.2000122
2008-03-10,969.9000244
2008-03-11,974.2000122
2008-03-12,978.7999878
2008-03-13,992.2999878
2008-03-14,998.2000122
2008-03-17,1001.400024
2008-03-18,1003.200012
2008-03-19,944.7000122
2008-03-20,919.5999756
2008-03-24,918.2999878
2008-03-25,934.5999756
2008-03-26,949
2008-03-27,948.7999878
2008-03-28,930.5999756
2008-03-31,916.2000122
2008-04-01,882.9000244
2008-04-02,895.2000122
2008-04-03,905
2008-04-04,909
2008-04-07,922.7000122
2008-04-08,914
2008-04-09,933.5999756
2008-04-10,928.2999878
2008-04-11,923.5999756
2008-04-14,925.4000244
2008-04-15,928.7000122
2008-04-16,945.0999756
2008-04-17,939.7999878
2008-04-18,912.2000122
2008-04-21,914.7000122
2008-04-22,922.2999878
2008-04-23,906.2000122
2008-04-24,886.7999878
2008-04-25,887.2000122
2008-04-28,892.9000244
2008-04-29,874.2000122
2008-04-30,862.7999878
2008-05-01,848.9000244
2008-05-02,856.0999756
2008-05-05,872.2999878
2008-05-06,876
2008-05-07,869.5999756
2008-05-08,880.5999756
2008-05-09,884.5
2008-05-12,883.7000122
2008-05-13,868.5
2008-05-14,865.4000244
2008-05-15,879
2008-05-16,899
2008-05-19,905
2008-05-20,919.5
2008-05-21,928
2008-05-22,917.9000244
2008-05-23,925.5999756
2008-05-27,907.7000122
2008-05-28,900.5
2008-05-29,877.2000122
2008-05-30,887.2999878
2008-06-02,892.9000244
2008-06-03,881.5999756
2008-06-04,879.9000244
2008-06-05,871.7999878
2008-06-06,895.4000244
2008-06-09,894.7000122
2008-06-10,867.9000244
2008-06-11,879.7000122
2008-06-12,869.2000122
2008-06-13,870.2999878
2008-06-16,883.5999756
2008-06-17,884.2999878
2008-06-18,890.9000244
2008-06-19,901.7000122
2008-06-20,901.2999878
2008-06-23,884.7999878
2008-06-24,889.2000122
2008-06-25,880
2008-06-26,913.0999756
2008-06-27,929.2999878
2008-06-30,926.2000122
2008-07-01,942.5
2008-07-02,944.7999878
2008-07-03,931.9000244
2008-07-07,927.2999878
2008-07-08,921.9000244
2008-07-09,927.2999878
2008-07-10,940.9000244
2008-07-11,959.5
2008-07-14,972.7000122
2008-07-15,977.7000122
2008-07-16,961.7999878
2008-07-17,970
2008-07-18,957.2999878
2008-07-21,963.0999756
2008-07-22,948
2008-07-23,922.4000244
2008-07-24,922
2008-07-25,926.5999756
2008-07-28,927.5999756
2008-07-29,916.4000244
2008-07-30,902.9000244
2008-07-31,913.9000244
2008-08-01,909
2008-08-04,900.0999756
2008-08-05,878.5999756
2008-08-06,875.5999756
2008-08-07,870.7000122
2008-08-08,857.7999878
2008-08-11,821.5
2008-08-12,808.2000122
2008-08-13,825
2008-08-14,808.2000122
2008-08-15,786
2008-08-18,799.7000122
2008-08-19,811.0999756
2008-08-20,810.2999878
2008-08-21,833
2008-08-22,827.4000244
2008-08-25,819.7999878
2008-08-26,822.2000122
2008-08-27,828.0999756
2008-08-28,830.9000244
2008-08-29,829.2999878
2008-09-02,805
2008-09-03,802.7000122
2008-09-04,797.9000244
2008-09-05,797.5999756
2008-09-08,797.5
2008-09-09,787.0999756
2008-09-10,757.9000244
2008-09-11,741.2999878
2008-09-12,760.2999878
2008-09-15,783.0999756
2008-09-16,776.5
2008-09-17,846.5999756
2008-09-18,892.7000122
2008-09-19,860.5999756
2008-09-22,903.9000244
2008-09-23,885.5
2008-09-24,889
2008-09-25,877.7000122
2008-09-26,882.9000244
2008-09-29,888.2000122
2008-09-30,874.2000122
2008-10-01,880.7000122
2008-10-02,839
2008-10-03,828.9000244
2008-10-06,862.7000122
2008-10-07,878.4000244
2008-10-08,903.0999756
2008-10-09,883.0999756
2008-10-10,855.4000244
2008-10-13,838.9000244
2008-10-14,836.2999878
2008-10-15,835.5
2008-10-16,801.5
2008-10-17,785.0999756
2008-10-20,787.5999756
2008-10-21,766.0999756
2008-10-22,733.2999878
2008-10-23,713.2999878
2008-10-24,729.0999756
2008-10-27,741.7000122
2008-10-28,739.2999878
2008-10-29,752.7999878
2008-10-30,737.2000122
2008-10-31,716.7999878
2008-11-03,725.4000244
2008-11-04,756
2008-11-05,741.2999878
2008-11-06,731.2000122
2008-11-07,733.2000122
2008-11-10,745.5999756
2008-11-11,732
2008-11-12,717.7000122
2008-11-13,704.9000244
2008-11-14,742.4000244
2008-11-17,741.9000244
2008-11-18,732.5999756
2008-11-19,735.9000244
2008-11-20,748.5999756
2008-11-21,791.7000122
2008-11-24,819.4000244
2008-11-25,818.4000244
2008-11-26,808.5
2008-11-28,816.2000122
2008-12-01,774.5999756
2008-12-02,781.2999878
2008-12-03,768.7999878
2008-12-04,763.7999878
2008-12-05,750.5
2008-12-08,767.4000244
2008-12-09,772.4000244
2008-12-10,807.0999756
2008-12-11,824.9000244
2008-12-12,818.9000244
2008-12-15,835.4000244
2008-12-16,841.7000122
2008-12-17,867.5
2008-12-18,859.5999756
2008-12-19,836.4000244
2008-12-22,846.2000122
2008-12-23,837.2000122
2008-12-24,847.0999756
2008-12-26,870.4000244
2008-12-29,874.5999756
2008-12-30,869.2999878
2008-12-31,883.5999756
2009-01-02,878.7999878
2009-01-05,857.2000122
2009-01-06,865.4000244
2009-01-07,841.0999756
2009-01-08,853.9000244
2009-01-09,854.2999878
2009-01-12,820.2999878
2009-01-13,820.0999756
2009-01-14,808.2000122
2009-01-15,806.7000122
2009-01-16,839.2999878
2009-01-20,854.5999756
2009-01-21,849.5999756
2009-01-22,858.2000122
2009-01-23,895.2999878
2009-01-26,908.5
2009-01-27,899.2000122
2009-01-28,888.0999756
2009-01-29,905.0999756
2009-01-30,927.2999878
2009-02-02,906.7000122
2009-02-03,892
2009-02-04,901.5999756
2009-02-05,913.5999756
2009-02-06,913.9000244
2009-02-09,892.4000244
2009-02-10,913.7000122
2009-02-11,943.7999878
2009-02-12,948.5
2009-02-13,941.5
2009-02-17,967
2009-02-18,977.7000122
2009-02-19,976.0999756
2009-02-20,1001.799988
2009-02-23,994.5999756
2009-02-24,969.0999756
2009-02-25,965.7000122
2009-02-26,941.7999878
2009-02-27,941.5
2009-03-02,939
2009-03-03,912.9000244
2009-03-04,906
2009-03-05,927
2009-03-06,942.0999756
2009-03-09,917.7000122
2009-03-10,895.5999756
2009-03-11,910.4000244
2009-03-12,923.7000122
2009-03-13,929.7999878
2009-03-16,921.5999756
2009-03-17,916.4000244
2009-03-18,888.7000122
2009-03-19,958.2999878
2009-03-20,955.7999878
2009-03-23,952.0999756
2009-03-24,923.2999878
2009-03-25,935.4000244
2009-03-26,939.5999756
2009-03-27,923
2009-03-30,915.5
2009-03-31,922.5999756
2009-04-01,926.0999756
2009-04-02,907.4000244
2009-04-03,895.5999756
2009-04-06,871.5
2009-04-07,882.2000122
2009-04-08,884.7999878
2009-04-09,882.2000122
2009-04-13,894.7000122
2009-04-14,890.9000244
2009-04-15,892.7999878
2009-04-16,879.2999878
2009-04-17,867.4000244
2009-04-20,887
2009-04-21,882.0999756
2009-04-22,891.7999878
2009-04-23,905.9000244
2009-04-24,913.5999756
2009-04-27,907.4000244
2009-04-28,892.7999878
2009-04-29,899.7999878
2009-04-30,890.7000122
2009-05-01,887.5999756
2009-05-04,901.5999756
2009-05-05,903.7000122
2009-05-06,910.5
2009-05-07,915
2009-05-08,914.4000244
2009-05-11,913
2009-05-12,923.5
2009-05-13,925.5
2009-05-14,928
2009-05-15,930.9000244
2009-05-18,921.2999878
2009-05-19,926.2999878
2009-05-20,937
2009-05-21,950.7999878
2009-05-22,958.5
2009-05-26,953.0999756
2009-05-27,953.2000122
2009-05-28,961.5
2009-05-29,978.7999878
2009-06-01,978.5999756
2009-06-02,983.2000122
2009-06-03,964.5
2009-06-04,981.2000122
2009-06-05,961.7000122
2009-06-08,951.7000122
2009-06-09,954
2009-06-10,954
2009-06-11,961.2999878
2009-06-12,940.0999756
2009-06-15,926.9000244
2009-06-16,931.5999756
2009-06-17,935.4000244
2009-06-18,934
2009-06-19,935.5999756
2009-06-22,920.5999756
2009-06-23,923.9000244
2009-06-24,934.0999756
2009-06-25,939.0999756
2009-06-26,940.7000122
2009-06-29,940.4000244
2009-06-30,927.0999756
2009-07-01,941
2009-07-02,930.7000122
2009-07-06,924
2009-07-07,928.7999878
2009-07-08,909
2009-07-09,915.9000244
2009-07-10,912.2000122
2009-07-13,922.2000122
2009-07-14,922.5
2009-07-15,939.0999756
2009-07-16,935.0999756
2009-07-17,937.2000122
2009-07-20,948.5
2009-07-21,946.5999756
2009-07-22,953
2009-07-23,954.5
2009-07-24,952.7999878
2009-07-27,953.2999878
2009-07-28,939
2009-07-29,927.2000122
2009-07-30,934.9000244
2009-07-31,953.7000122
2009-08-03,956.5999756
2009-08-04,967.5
2009-08-05,964.2000122
2009-08-06,960.7000122
2009-08-07,957.2999878
2009-08-10,945
2009-08-11,945.7999878
2009-08-12,950.7000122
2009-08-13,954.7000122
2009-08-14,947
2009-08-17,934.2999878
2009-08-18,937.7000122
2009-08-19,943.2999878
2009-08-20,940.2999878
2009-08-21,953.2000122
2009-08-24,942.2999878
2009-08-25,944.5
2009-08-26,944.2999878
2009-08-27,945.5
,
,
,
,
,
,
,
,
,
,
,
,
,
,
,
,
,
,
,
,
,
,
,
,
,
,
,
,
,
,
,
,
,
,
,
,
,
,
,
,
,
,
,
,
,
,
,
,
,
,
,
,
,
,
,
,
,
,
,
,
,
,
,
,
,
,
,
,
,
,
,
,
,
,
,
,
,
,
,
,
,
,
,
,
,
,
,
,
,
,
,
,
,
,
,
,
,
,
,
,
,
,
,
,
,
,
,
,
,
,
,
,
,
,
,
,
,
,
,
,
,
,
,
,
,
,
,
,
,
,
,
,
,
,
,
,
,
,
,
,
,
,
,
,
,
,
,
,
,
,
,
,
,
,
,
,
,
,
,
,
,
,
,
,
,
,
,
,
,
,
,
,
,
,
,
,
,
,
,
,
,
,
,
,
,
,
,
,
,
,
,
,
,
,
,
,
,
,
,
,
,
,
,
,
,
,
,
,
,
,
,
,
,
,
,
,
,
,
,
,
,
,
,
,
,
,
,
,
,
,
,
,
,
,
,
,
,
,
,
,
,
,
,
,
,
,
,
,
,
,
,
,
,
,
,
,
,
,
,
,
,
,
,
,
,
,
,
,
,
,
,
,
,
,
,
,
,
,
,
,
,
,
,
,
,
,
,
,
,
,
,
,
,
,
,
,
,
,
,
,
,
,
,
,
,
,
,
,
,
,
,
,
,
,
,
,
,
,
,
,
,
,
,
,
,
,
,
,
,
,
,
,
,
,
,
,
,
,
,
,
,
,
,
,
,
,
,
,
,
,
,
,
,
,
,
,
,
,
,
,
,
,
,
,
,
,
,
,
,
,
,
,
,
,
,
,
,
,
,
,
,
,
,
,
,
,
,
,
,
,
,
,
,
,
,
,
,
,
,
,
,
,
,
,
,
,
,
,
,
,
,
,
,
,
,
,
,
,
,
,
,
,
,
,
,
,
,
,
,
,
,
,
,
,
,
,
,
,
,
,
,
,
,
,
,
,
,
,
,
,
,
,
,
,
,
,
,
,
,
,
,
,
,
,
,
,
,
,
,
,
,
,
,
,
,
,
,
,
,
,
,
,
,
,
,
,
,
,
,
,
,
,
,
,
,
,
,
,
,
,
,
,
,
,
,
,
,
,
,
,
,
,
,
,
,
,
,
,
,
,
,
,
,
,
,
,
,
,
,
,
,
,
,
,
,
,
,
,
,
,
,
,
,
,
,
,
,
,
,
,
,
,
,
,
,
,
,
,
,
,
,
,
,
,
,
,
,
,
,
,
,
,
,
,
,
,
,
,
,
,
,
,
,
,
,
,
,
,
,
,
,
,
,
,
,
,
,
,
,
,
,
,
,
,
,
,
,
,
,
,
,
,
,
,
,
,
,
,
,
,
,
,
,
,
,
,
,
,
,
,
,
,
,
,
,
,
,
,
,
,
,
,
,
,
,
,
,
,
,
,
,
,
,
,
,
,
,
,
,
,
,
,
,
,
,
,
,
,
,
,
,
,
,
,
,
,
,
,
,
,
,
,
,
,
,
,
,
,
,
,
,
,
,
,
,
,
,
,
,
,
,
,
,
,
,
,
,
,
,
,
,
,
,
,
,
,
,
,
,
,
,
,
,
,
,
,
,
,
,
,
,
,
,
,
,
,
,
,
,
,
,
,
,
,
,
,
,
,
,
,
,
,
,
,
,
,
,
,
,
,
,
,
,
,
,
,
,
,
,
,
,
,
,
,
,
,
,
,
,
,
,
,
,
,
,
,
,
,
,
,
,
,
,
,
,
,
,
,
,
,
,
,
,
,
,
,
,
,
,
,
,
,
,
,
,
,
,
,
,
,
,
,
,
,
,
,
,
,
,
,
,
,
,
,
,
,
,
,
,
,
,
,
,
,
,
,
,
,
,
,
,
,
,
,
,
,
,
,
,
,
,
,
,
,
,
,
,
,
,
,
,
,
,
,
,
,
,
,
,
,
,
,
,
,
,
,
,
,
,
,
,
,
,
,
,
,
,
,
,
,
,
,
,
,
,
,
,
,
,
,
,
,
,
,
,
,
,
,
,
,
,
,
,
,
,
,
,
,
,
,
,
,
,
,
,
,
,
,
,
,
,
,
,
,
,
,
,
,
,
,
,
,
,
,
,
,
,
,
,
,
,
,
,
,
,
,
,
,
,
,
,
,
,
,
,
,
,
,
,
,
,
,
,
,
,
,
,
,
,
,
,
,
,
,
,
,
,
,
,
,
,
,
,
,
,
,
,
,
,
,
,
,
,
,
,
,
,
,
,
,
,
,
,
,
,
,
,
,
,
,
,
,
,
,
,
,
,
,
,
,
,
,
,
,
,
,
,
,
,
,
,
,
,
,
,
,
,
,
,
,
,
,
,
,
,
,
,
,
,
,
,
,
,
,
,
,
,
,
,
,
,
,
,
,
,
,
,
,
,
,
,
,
,
,
,
,
,
,
,
,
,
,
,
,
,
,
,
,
,
,
,
,
,
,
,
,
,
,
,
,
,
,
,
,
,
,
,
,
,
,
,
,
,
,
,
,
,
,
,
,
,
,
,
,
,
,
,
,
,
,
,
,
,
,
,
,
,
,
,
,
,
,
,
,
,
,
,
,
,
,
,
,
,
,
,
,
,
,
,
,
,
,
,
,
,
,
,
,
,
,
,
,
,
,
,
,
,
,
,
,
,
,
,
,
,
,
,
,
,
,
,
,
,
,
,
,
,
,
,
,
,
,
,
,
,
,
,
,
,
,
,
,
,
,
,
,
,
,
,
,
,
,
,
,
,
,
,
,
,
,
,
,
,
,
,
,
,
,
,
,
,
,
,
,
,
,
,
,
,
,
,
,
,
,
,
,
,
,
,
,
,
,
,
,
,
,
,
,
,
,
,
,
,
,
,
,
,
,
,
,
,
,
,
,
,
,
,
,
,
,
,
,
,
,
,
,
,
,
,
,
,
,
,
,
,
,
,
,
,
,
,
,
,
,
,
,
,
,
,
,
,
,
,
,
,
,
,
,
,
,
,
,
,
,
,
,
,
,
,
,
,
,
,
,
,
,
,
,
,
,
,
,
,
,
,
,
,
,
,
,
,
,
,
,
,
,
,
,
,
,
,
,
,
,
,
,
,
,
,
,
,
,
,
,
,
,
,
,
,
,
,
,
,
,
,
,
,
,
,
,
,
,
,
,
,
,
,
,
,
,
,
,
,
,
,
,
,
,
,
,
,
,
,
,
,
,
,
,
,
,
,
,
,
,
,
,
,
,
,
,
,
,
,
,
,
,
,
,
,
,
,
,
,
,
,
,
,
,
,
,
,
,
,
,
,
,
,
,
,
,
,
,
,
,
,
,
,
,
,
,
,
,
,
,
,
,
,
,
,
,
,
,
,
,
,
,
,
,
,
,
,
,
,
,
,
,
,
,
,
,
,
,
,
,
,
,
,
,
,
,
,
,
,
,
,
,
,
,
,
,
,
,
,
,
,
,
,
,
,
,
,
,
,
,
,
,
,
,
,
,
,
,
,
,
,
,
,
,
,
,
,
,
,
,
,
,
,
,
,
,
,
,
,
,
,
,
,
,
,
,
,
,
,
,
,
,
,
,
,
,
,
,
,
,
,
,
,
,
,
,
,
,
,
,
,
,
,
,
,
,
,
,
,
,
,
,
,
,
,
,
,
,
,
,
,
,
,
,
,
,
,
,
,
,
,
,
,
,
,
,
,
,
,
,
,
,
,
,
,
,
,
,
,
,
,
,
,
,
,
,
,
,
,
,
,
,
,
,
,
,
,
,
,
,
,
,
,
,
,
,
,
,
,
,
,
,
,
,
,
,
,
,
,
,
,
,
,
,
,
,
,
,
,
,
,
,
,
,
,
,
,
,
,
,
,
,
,
,
,
,
,
,
,
,
,
,
,
,
,
,
,
,
,
,
,
,
,
,
,
,
,
,
,
,
,
,
,
,
,
,
,
,
,
,
,
,
,
,
,
,
,
,
,
,
,
,
,
,
,
,
,
,
,
,
,
,
,
,
,
,
,
,
,
,
,
,
,
,
,
,
,
,
,
,
,
,
,
,
,
,
,
,
,
,
,
,
,
,
,
,
,
,
,
,
,
,
,
,
,
,
,
,
,
,
,
,
,
,
,
,
,
,
,
,
,
,
,
,
,
,
,
,
,
,
,
,
,
,
,
,
,
,
,
,
,
,
,
,
,
,
,
,
,
,
,
,
,
,
,
,
,
,
,
,
,
,
,
,
,
,
,
,
,
,
,
,
,
,
,
,
,
,
,
,
,
,
,
,
,
,
,
,
,
,
,
,
,
,
,
,
,
,
,
,
,
,
,
,
,
,
,
,
,
,
,
,
,
,
,
,
,
,
,
,
,
,
,
,
,
,
,
,
,
,
,
,
,
,
,
,
,
,
,
,
,
,
,
,
,
,
,
,
,
,
,
,
,
,
,
,
,
,
,
,
,
,
,
,
,
,
,
,
,
,
,
,
,
,
,
,
,
,
,
,
,
,
,
,
,
,
,
,
,
,
,
,
,
,
,
,
,
,
,
,
,
,
,
,
,
,
,
,
,
,
,
,
,
,
,
,
,
,
,
,
,
,
,
,
,
,
,
,
,
,
,
,
,
,
,
,
,
,
,
,
,
,
,
,
,
,
,
,
,
,
,
,
,
,
,
,
,
,
,
,
,
,
,
,
,
,
,
,
,
,
,
,
,
,
,
,
,
,
,
,
,
,
,
,
,
,
,
,
,
,
,
,
,
,
,
,
,
,
,
,
,
,
,
,
,
,
,
,
,
,
,
,
,
,
,
,
,
,
,
,
,
,
,
,
,
,
,
,
,
,
,
,
,
,
,
,
,
,
,
,
,
,
,
,
,
,
,
,
,
,
,
,
,
,
,
,
,
,
,
,
,
,
,
,
,
,
,
,
,
,
,
,
,
,
,
,
,
,
,
,
,
,
,
,
,
,
,
,
,
,
,
,
,
,
,
,
,
,
,
,
,
,
,
,
,
,
,
,
,
,
,
,
,
,
,
,
,
,
,
,
,
,
,
,
,
,
,
,
,
,
,
,
,
,
,
,
,
,
,
,
,
,
,
,
,
,
,
,
,
,
,
,
,
,
,
,
,
,
,
,
,
,
,
,
,
,
,
,
,
,
,
,
,
,
,
,
,
,
,
,
,
,
,
,
,
,
,
,
,
,
,
,
,
,
,
,
,
,
,
,
,
,
,
,
,
,
,
,
,
,
,
,
,
,
,
,
,
,
,
,
,
,
,
,
,
,
,
,
,
,
,
,
,
,
,
,
,
,
,
,
,
,
,
,
,
,
,
,
,
,
,
,
,
,
,
,
,
,
,
,
,
,
,
,
,
,
,
,
,
,
,
,
,
,
,
,
,
,
,
,
,
,
,
,
,
,
,
,
,
,
,
,
,
,
,
,
,
,
,
,
,
,
,
,
,
,
,
,
,
,
,
,
,
,
,
,
,
,
,
,
,
,
,
,
,
,
,
,
,
,
,
,
,
,
,
,
,
,
,
,
,
,
,
,
,
,
,
,
,
,
,
,
,
,
,
,
,
,
,
,
,
,
,
,
,
,
,
,
,
,
,
,
,
,
,
,
,
,
,
,
,
,
,
,
,
,
,
,
,
,
,
,
,
,
,
,
,
,
,
,
,
,
,
,
,
,
,
,
,
,
,
,
,
,
,
,
,
,
,
,
,
,
,
,
,
,
,
,
,
,
,
,
,
,
,
,
,
,
,
,
,
,
,
,
,
,
,
,
,
,
,
,
,
,
,
,
,
,
,
,
,
,
,
,
,
,
,
,
,
,
,
,
,
,
,
,
,
,
,
,
,
,
,
,
,
,
,
,
,
,
,
,
,
,
,
,
,
,
,
,
,
,
,
,
,
,
,
,
,
,
,
,
,
,
,
,
,
,
,
,
,
,
,
,
,
,
,
,
,
,
,
,
,
,
,
,
,
,
,
,
,
,
,
,
,
,
,
,
,
,
,
,
,
,
,
,
,
,
,
,
,
,
,
,
,
,
,
,
,
,
,
,
,
,
,
,
,
,
,
,
,
,
,
,
,
,
,
,
,
,
,
,
,
,
,
,
,
,
,
,
,
,
,
,
,
,
,
,
,
,
,
,
,
,
,
,
,
,
,
,
,
,
,
,
,
,
,
,
,
,
,
,
,
,
,
,
,
,
,
,
,
,
,
,
,
,
,
,
,
,
,
,
,
,
,
,
,
,
,
,
,
,
,
,
,
,
,
,
,
,
,
,
,
,
,
,
,
,
,
,
,
,
,
,
,
,
,
,
,
,
,
,
,
,
,
,
,
,
,
,
,
,
,
,
,
,
,
,
,
,
,
,
,
,
,
,
,
,
,
,
,
,
,
,
,
,
,
,
,
,
,
,
,
,
,
,
,
,
,
,
,
,
,
,
,
,
,
,
,
,
,
,
,
,
,
,
,
,
,
,
,
,
,
,
,
,
,
,
,
,
,
,
,
,
,
,
,
,
,
,
,
,
,
,
,
,
,
,
,
,
,
,
,
,
,
,
,
,
,
,
,
,
,
,
,
,
,
,
,
,
,
,
,
,
,
,
,
,
,
,
,
,
,
,
,
,
,
,
,
,
,
,
,
,
,
,
,
,
,
,
,
,
,
,
,
,
,
,
,
,
,
,
,
,
,
,
,
,
,
,
,
,
,
,
,
,
,
,
,
,
,
,
,
,
,
,
,
,
,
,
,
,
,
,
,
,
,
,
,
,
,
,
,
,
,
,
,
,
,
,
,
,
,
,
,
,
,
,
,
,
,
,
,
,
,
,
,
,
,
,
,
,
,
,
,
,
,
,
,
,
,
,
,
,
,
,
,
,
,
,
,
,
,
,
,
,
,
,
,
,
,
,
,
,
,
,
,
,
,
,
,
,
,
,
,
,
,
,
,
,
,
,
,
,
,
,
,
,
,
,
,
,
,
,
,
,
,
,
,
,
,
,
,
,
,
,
,
,
,
,
,
,
,
,
,
,
,
,
,
,
,
,
,
,
,
,
,
,
,
,
,
,
,
,
,
,
,
,
,
,
,
,
,
,
,
,
,
,
,
,
,
,
,
,
,
,
,
,
,
,
,
,
,
,
,
,
,
,
,
,
,
,
,
,
,
,
,
,
,
,
,
,
,
,
,
,
,
,
,
,
,
,
,
,
,
,
,
,
,
,
,
,
,
,
,
,
,
,
,
,
,
,
,
,
,
,
,
,
,
,
,
,
,
,
,
,
,
,
,
,
,
,
,
,
,
,
,
,
,
,
,
,
,
,
,
,
,
,
,
,
,
,
,
,
,
,
,
,
,
,
,
,
,
,
,
,
,
,
,
,
,
,
,
,
,
,
,
,
,
,
,
,
,
,
,
,
,
,
,
,
,
,
,
,
,
,
,
,
,
,
,
,
,
,
,
,
,
,
,
,
,
,
,
,
,
,
,
,
,
,
,
,
,
,
,
,
,
,
,
,
,
,
,
,
,
,
,
,
,
,
,
,
,
,
,
,
,
,
,
,
,
,
,
,
,
,
,
,
,
,
,
,
,
,
,
,
,
,
,
,
,
,
,
,
,
,
,
,
,
,
,
,
,
,
,
,
,
,
,
,
,
,
,
,
,
,
,
,
,
,
,
,
,
,
,
,
,
,
,
,
,
,
,
,
,
,
,
,
,
,
,
,
,
,
,
,
,
,
,
,
,
,
,
,
,
,
,
,
,
,
,
,
,
,
,
,
,
,
,
,
,
,
,
,
,
,
,
,
,
,
,
,
,
,
,
,
,
,
,
,
,
,
,
,
,
,
,
,
,
,
,
,
,
,
,
,
,
,
,
,
,
,
,
,
,
,
,
,
,
,
,
,
,
,
,
,
,
,
,
,
,
,
,
,
,
,
,
,
,
,
,
,
,
,
,
,
,
,
,
,
,
,
,
,
,
,
,
,
,
,
,
,
,
,
,
,
,
,
,
,
,
,
,
,
,
,
,
,
,
,
,
,
,
,
,
,
,
,
,
,
,
,
,
,
,
,
,
,
,
,
,
,
,
,
,
,
,
,
,
,
,
,
,
,
,
,
,
,
,
,
,
,
,
,
,
,
,
,
,
,
,
,
,
,
,
,
,
,
,
,
,
,
,
,
,
,
,
,
,
,
,
,
,
,
,
,
,
,
,
,
,
,
,
,
,
,
,
,
,
,
,
,
,
,
,
,
,
,
,
,
,
,
,
,
,
,
,
,
,
,
,
,
,
,
,
,
,
,
,
,
,
,
,
,
,
,
,
,
,
,
,
,
,
,
,
,
,
,
,
,
,
,
,
,
,
,
,
,
,
,
,
,
,
,
,
,
,
,
,
,
,
,
,
,
,
,
,
,
,
,
,
,
,
,
,
,
,
,
,
,
,
,
,
,
,
,
,
,
,
,
,
,
,
,
,
,
,
,
,
,
,
,
,
,
,
,
,
,
,
,
,
,
,
,
,
,
,
,
,
,
,
,
,
,
,
,
,
,
,
,
,
,
,
,
,
,
,
,
,
,
,
,
,
,
,
,
,
,
,
,
,
,
,
,
,
,
,
,
,
,
,
,
,
,
,
,
,
,
,
,
,
,
,
,
,
,
,
,
,
,
,
,
,
,
,
,
,
,
,
,
,
,
,
,
,
,
,
,
,
,
,
,
,
,
,
,
,
,
,
,
,
,
,
,
,
,
,
,
,
,
,
,
,
,
,
,
,
,
,
,
,
,
,
,
,
,
,
,
,
,
,
,
,
,
,
,
,
,
,
,
,
,
,
,
,
,
,
,
,
,
,
,
,
,
,
,
,
,
,
,
,
,
,
,
,
,
,
,
,
,
,
,
,
,
,
,
,
,
,
,
,
,
,
,
,
,
,
,
,
,
,
,
,
,
,
,
,
,
,
,
,
,
,
,
,
,
,
,
,
,
,
,
,
,
,
,
,
,
,
,
,
,
,
,
,
,
,
,
,
,
,
,
,
,
,
,
,
,
,
,
,
,
,
,
,
,
,
,
,
,
,
,
,
,
,
,
,
,
,
,
,
,
,
,
,
,
,
,
,
,
,
,
,
,
,
,
,
,
,
,
,
,
,
,
,
,
,
,
,
,
,
,
,
,
,
,
,
,
,
,
,