Date,Value
1/2/62,2.15
1/3/62,2.15
1/4/62,2.15
1/5/62,2.15
1/8/62,2.15
1/9/62,2.15
1/10/62,2.15
1/11/62,2.15
1/12/62,2.15
1/15/62,2.15
1/16/62,2.15
1/17/62,2.15
1/18/62,2.15
1/19/62,2.15
1/22/62,2.15
1/23/62,2.15
1/24/62,2.15
1/25/62,2.15
1/26/62,2.15
1/29/62,2.15
1/30/62,2.15
1/31/62,2.15
2/1/62,2.37
2/2/62,2.37
2/5/62,2.37
2/6/62,2.37
2/7/62,2.37
2/8/62,2.37
2/9/62,2.37
2/12/62,2.37
2/13/62,2.37
2/14/62,2.37
2/15/62,2.37
2/16/62,2.37
2/19/62,2.37
2/20/62,2.37
2/21/62,2.37
2/22/62,2.37
2/23/62,2.37
2/26/62,2.37
2/27/62,2.37
2/28/62,2.37
3/1/62,2.85
3/2/62,2.85
3/5/62,2.85
3/6/62,2.85
3/7/62,2.85
3/8/62,2.85
3/9/62,2.85
3/12/62,2.85
3/13/62,2.85
3/14/62,2.85
3/15/62,2.85
3/16/62,2.85
3/19/62,2.85
3/20/62,2.85
3/21/62,2.85
3/22/62,2.85
3/23/62,2.85
3/26/62,2.85
3/27/62,2.85
3/28/62,2.85
3/29/62,2.85
3/30/62,2.85
4/2/62,2.78
4/3/62,2.78
4/4/62,2.78
4/5/62,2.78
4/6/62,2.78
4/9/62,2.78
4/10/62,2.78
4/11/62,2.78
4/12/62,2.78
4/13/62,2.78
4/16/62,2.78
4/17/62,2.78
4/18/62,2.78
4/19/62,2.78
4/20/62,2.78
4/23/62,2.78
4/24/62,2.78
4/25/62,2.78
4/26/62,2.78
4/27/62,2.78
4/30/62,2.78
5/1/62,2.36
5/2/62,2.36
5/3/62,2.36
5/4/62,2.36
5/7/62,2.36
5/8/62,2.36
5/9/62,2.36
5/10/62,2.36
5/11/62,2.36
5/14/62,2.36
5/15/62,2.36
5/16/62,2.36
5/17/62,2.36
5/18/62,2.36
5/21/62,2.36
5/22/62,2.36
5/23/62,2.36
5/24/62,2.36
5/25/62,2.36
5/28/62,2.36
5/29/62,2.36
5/30/62,2.36
5/31/62,2.36
6/1/62,2.68
6/4/62,2.68
6/5/62,2.68
6/6/62,2.68
6/7/62,2.68
6/8/62,2.68
6/11/62,2.68
6/12/62,2.68
6/13/62,2.68
6/14/62,2.68
6/15/62,2.68
6/18/62,2.68
6/19/62,2.68
6/20/62,2.68
6/21/62,2.68
6/22/62,2.68
6/25/62,2.68
6/26/62,2.68
6/27/62,2.68
6/28/62,2.68
6/29/62,2.68
7/2/62,2.71
7/3/62,2.71
7/4/62,2.71
7/5/62,2.71
7/6/62,2.71
7/9/62,2.71
7/10/62,2.71
7/11/62,2.71
7/12/62,2.71
7/13/62,2.71
7/16/62,2.71
7/17/62,2.71
7/18/62,2.71
7/19/62,2.71
7/20/62,2.71
7/23/62,2.71
7/24/62,2.71
7/25/62,2.71
7/26/62,2.71
7/27/62,2.71
7/30/62,2.71
7/31/62,2.71
8/1/62,2.93
8/2/62,2.93
8/3/62,2.93
8/6/62,2.93
8/7/62,2.93
8/8/62,2.93
8/9/62,2.93
8/10/62,2.93
8/13/62,2.93
8/14/62,2.93
8/15/62,2.93
8/16/62,2.93
8/17/62,2.93
8/20/62,2.93
8/21/62,2.93
8/22/62,2.93
8/23/62,2.93
8/24/62,2.93
8/27/62,2.93
8/28/62,2.93
8/29/62,2.93
8/30/62,2.93
8/31/62,2.93
9/3/62,2.9
9/4/62,2.9
9/5/62,2.9
9/6/62,2.9
9/7/62,2.9
9/10/62,2.9
9/11/62,2.9
9/12/62,2.9
9/13/62,2.9
9/14/62,2.9
9/17/62,2.9
9/18/62,2.9
9/19/62,2.9
9/20/62,2.9
9/21/62,2.9
9/24/62,2.9
9/25/62,2.9
9/26/62,2.9
9/27/62,2.9
9/28/62,2.9
10/1/62,2.9
10/2/62,2.9
10/3/62,2.9
10/4/62,2.9
10/5/62,2.9
10/8/62,2.9
10/9/62,2.9
10/10/62,2.9
10/11/62,2.9
10/12/62,2.9
10/15/62,2.9
10/16/62,2.9
10/17/62,2.9
10/18/62,2.9
10/19/62,2.9
10/22/62,2.9
10/23/62,2.9
10/24/62,2.9
10/25/62,2.9
10/26/62,2.9
10/29/62,2.9
10/30/62,2.9
10/31/62,2.9
11/1/62,2.94
11/2/62,2.94
11/5/62,2.94
11/6/62,2.94
11/7/62,2.94
11/8/62,2.94
11/9/62,2.94
11/12/62,2.94
11/13/62,2.94
11/14/62,2.94
11/15/62,2.94
11/16/62,2.94
11/19/62,2.94
11/20/62,2.94
11/21/62,2.94
11/22/62,2.94
11/23/62,2.94
11/26/62,2.94
11/27/62,2.94
11/28/62,2.94
11/29/62,2.94
11/30/62,2.94
12/3/62,2.93
12/4/62,2.93
12/5/62,2.93
12/6/62,2.93
12/7/62,2.93
12/10/62,2.93
12/11/62,2.93
12/12/62,2.93
12/13/62,2.93
12/14/62,2.93
12/17/62,2.93
12/18/62,2.93
12/19/62,2.93
12/20/62,2.93
12/21/62,2.93
12/24/62,2.93
12/25/62,2.93
12/26/62,2.93
12/27/62,2.93
12/28/62,2.93
12/31/62,2.93
1/1/63,2.92
1/2/63,2.92
1/3/63,2.92
1/4/63,2.92
1/7/63,2.92
1/8/63,2.92
1/9/63,2.92
1/10/63,2.92
1/11/63,2.92
1/14/63,2.92
1/15/63,2.92
1/16/63,2.92
1/17/63,2.92
1/18/63,2.92
1/21/63,2.92
1/22/63,2.92
1/23/63,2.92
1/24/63,2.92
1/25/63,2.92
1/28/63,2.92
1/29/63,2.92
1/30/63,2.92
1/31/63,2.92
2/1/63,3
2/4/63,3
2/5/63,3
2/6/63,3
2/7/63,3
2/8/63,3
2/11/63,3
2/12/63,3
2/13/63,3
2/14/63,3
2/15/63,3
2/18/63,3
2/19/63,3
2/20/63,3
2/21/63,3
2/22/63,3
2/25/63,3
2/26/63,3
2/27/63,3
2/28/63,3
3/1/63,2.98
3/4/63,2.98
3/5/63,2.98
3/6/63,2.98
3/7/63,2.98
3/8/63,2.98
3/11/63,2.98
3/12/63,2.98
3/13/63,2.98
3/14/63,2.98
3/15/63,2.98
3/18/63,2.98
3/19/63,2.98
3/20/63,2.98
3/21/63,2.98
3/22/63,2.98
3/25/63,2.98
3/26/63,2.98
3/27/63,2.98
3/28/63,2.98
3/29/63,2.98
4/1/63,2.9
4/2/63,2.9
4/3/63,2.9
4/4/63,2.9
4/5/63,2.9
4/8/63,2.9
4/9/63,2.9
4/10/63,2.9
4/11/63,2.9
4/12/63,2.9
4/15/63,2.9
4/16/63,2.9
4/17/63,2.9
4/18/63,2.9
4/19/63,2.9
4/22/63,2.9
4/23/63,2.9
4/24/63,2.9
4/25/63,2.9
4/26/63,2.9
4/29/63,2.9
4/30/63,2.9
5/1/63,3
5/2/63,3
5/3/63,3
5/6/63,3
5/7/63,3
5/8/63,3
5/9/63,3
5/10/63,3
5/13/63,3
5/14/63,3
5/15/63,3
5/16/63,3
5/17/63,3
5/20/63,3
5/21/63,3
5/22/63,3
5/23/63,3
5/24/63,3
5/27/63,3
5/28/63,3
5/29/63,3
5/30/63,3
5/31/63,3
6/3/63,2.99
6/4/63,2.99
6/5/63,2.99
6/6/63,2.99
6/7/63,2.99
6/10/63,2.99
6/11/63,2.99
6/12/63,2.99
6/13/63,2.99
6/14/63,2.99
6/17/63,2.99
6/18/63,2.99
6/19/63,2.99
6/20/63,2.99
6/21/63,2.99
6/24/63,2.99
6/25/63,2.99
6/26/63,2.99
6/27/63,2.99
6/28/63,2.99
7/1/63,3.02
7/2/63,3.02
7/3/63,3.02
7/4/63,3.02
7/5/63,3.02
7/8/63,3.02
7/9/63,3.02
7/10/63,3.02
7/11/63,3.02
7/12/63,3.02
7/15/63,3.02
7/16/63,3.02
7/17/63,3.02
7/18/63,3.02
7/19/63,3.02
7/22/63,3.02
7/23/63,3.02
7/24/63,3.02
7/25/63,3.02
7/26/63,3.02
7/29/63,3.02
7/30/63,3.02
7/31/63,3.02
8/1/63,3.49
8/2/63,3.49
8/5/63,3.49
8/6/63,3.49
8/7/63,3.49
8/8/63,3.49
8/9/63,3.49
8/12/63,3.49
8/13/63,3.49
8/14/63,3.49
8/15/63,3.49
8/16/63,3.49
8/19/63,3.49
8/20/63,3.49
8/21/63,3.49
8/22/63,3.49
8/23/63,3.49
8/26/63,3.49
8/27/63,3.49
8/28/63,3.49
8/29/63,3.49
8/30/63,3.49
9/2/63,3.48
9/3/63,3.48
9/4/63,3.48
9/5/63,3.48
9/6/63,3.48
9/9/63,3.48
9/10/63,3.48
9/11/63,3.48
9/12/63,3.48
9/13/63,3.48
9/16/63,3.48
9/17/63,3.48
9/18/63,3.48
9/19/63,3.48
9/20/63,3.48
9/23/63,3.48
9/24/63,3.48
9/25/63,3.48
9/26/63,3.48
9/27/63,3.48
9/30/63,3.48
10/1/63,3.5
10/2/63,3.5
10/3/63,3.5
10/4/63,3.5
10/7/63,3.5
10/8/63,3.5
10/9/63,3.5
10/10/63,3.5
10/11/63,3.5
10/14/63,3.5
10/15/63,3.5
10/16/63,3.5
10/17/63,3.5
10/18/63,3.5
10/21/63,3.5
10/22/63,3.5
10/23/63,3.5
10/24/63,3.5
10/25/63,3.5
10/28/63,3.5
10/29/63,3.5
10/30/63,3.5
10/31/63,3.5
11/1/63,3.48
11/4/63,3.48
11/5/63,3.48
11/6/63,3.48
11/7/63,3.48
11/8/63,3.48
11/11/63,3.48
11/12/63,3.48
11/13/63,3.48
11/14/63,3.48
11/15/63,3.48
11/18/63,3.48
11/19/63,3.48
11/20/63,3.48
11/21/63,3.48
11/22/63,3.48
11/25/63,3.48
11/26/63,3.48
11/27/63,3.48
11/28/63,3.48
11/29/63,3.48
12/2/63,3.38
12/3/63,3.38
12/4/63,3.38
12/5/63,3.38
12/6/63,3.38
12/9/63,3.38
12/10/63,3.38
12/11/63,3.38
12/12/63,3.38
12/13/63,3.38
12/16/63,3.38
12/17/63,3.38
12/18/63,3.38
12/19/63,3.38
12/20/63,3.38
12/23/63,3.38
12/24/63,3.38
12/25/63,3.38
12/26/63,3.38
12/27/63,3.38
12/30/63,3.38
12/31/63,3.38
1/1/64,3.48
1/2/64,3.48
1/3/64,3.48
1/6/64,3.48
1/7/64,3.48
1/8/64,3.48
1/9/64,3.48
1/10/64,3.48
1/13/64,3.48
1/14/64,3.48
1/15/64,3.48
1/16/64,3.48
1/17/64,3.48
1/20/64,3.48
1/21/64,3.48
1/22/64,3.48
1/23/64,3.48
1/24/64,3.48
1/27/64,3.48
1/28/64,3.48
1/29/64,3.48
1/30/64,3.48
1/31/64,3.48
2/3/64,3.48
2/4/64,3.48
2/5/64,3.48
2/6/64,3.48
2/7/64,3.48
2/10/64,3.48
2/11/64,3.48
2/12/64,3.48
2/13/64,3.48
2/14/64,3.48
2/17/64,3.48
2/18/64,3.48
2/19/64,3.48
2/20/64,3.48
2/21/64,3.48
2/24/64,3.48
2/25/64,3.48
2/26/64,3.48
2/27/64,3.48
2/28/64,3.48
3/2/64,3.43
3/3/64,3.43
3/4/64,3.43
3/5/64,3.43
3/6/64,3.43
3/9/64,3.43
3/10/64,3.43
3/11/64,3.43
3/12/64,3.43
3/13/64,3.43
3/16/64,3.43
3/17/64,3.43
3/18/64,3.43
3/19/64,3.43
3/20/64,3.43
3/23/64,3.43
3/24/64,3.43
3/25/64,3.43
3/26/64,3.43
3/27/64,3.43
3/30/64,3.43
3/31/64,3.43
4/1/64,3.47
4/2/64,3.47
4/3/64,3.47
4/6/64,3.47
4/7/64,3.47
4/8/64,3.47
4/9/64,3.47
4/10/64,3.47
4/13/64,3.47
4/14/64,3.47
4/15/64,3.47
4/16/64,3.47
4/17/64,3.47
4/20/64,3.47
4/21/64,3.47
4/22/64,3.47
4/23/64,3.47
4/24/64,3.47
4/27/64,3.47
4/28/64,3.47
4/29/64,3.47
4/30/64,3.47
5/1/64,3.5
5/4/64,3.5
5/5/64,3.5
5/6/64,3.5
5/7/64,3.5
5/8/64,3.5
5/11/64,3.5
5/12/64,3.5
5/13/64,3.5
5/14/64,3.5
5/15/64,3.5
5/18/64,3.5
5/19/64,3.5
5/20/64,3.5
5/21/64,3.5
5/22/64,3.5
5/25/64,3.5
5/26/64,3.5
5/27/64,3.5
5/28/64,3.5
5/29/64,3.5
6/1/64,3.5
6/2/64,3.5
6/3/64,3.5
6/4/64,3.5
6/5/64,3.5
6/8/64,3.5
6/9/64,3.5
6/10/64,3.5
6/11/64,3.5
6/12/64,3.5
6/15/64,3.5
6/16/64,3.5
6/17/64,3.5
6/18/64,3.5
6/19/64,3.5
6/22/64,3.5
6/23/64,3.5
6/24/64,3.5
6/25/64,3.5
6/26/64,3.5
6/29/64,3.5
6/30/64,3.5
7/1/64,3.42
7/2/64,3.42
7/3/64,3.42
7/6/64,3.42
7/7/64,3.42
7/8/64,3.42
7/9/64,3.42
7/10/64,3.42
7/13/64,3.42
7/14/64,3.42
7/15/64,3.42
7/16/64,3.42
7/17/64,3.42
7/20/64,3.42
7/21/64,3.42
7/22/64,3.42
7/23/64,3.42
7/24/64,3.42
7/27/64,3.42
7/28/64,3.42
7/29/64,3.42
7/30/64,3.42
7/31/64,3.42
8/3/64,3.5
8/4/64,3.5
8/5/64,3.5
8/6/64,3.5
8/7/64,3.5
8/10/64,3.5
8/11/64,3.5
8/12/64,3.5
8/13/64,3.5
8/14/64,3.5
8/17/64,3.5
8/18/64,3.5
8/19/64,3.5
8/20/64,3.5
8/21/64,3.5
8/24/64,3.5
8/25/64,3.5
8/26/64,3.5
8/27/64,3.5
8/28/64,3.5
8/31/64,3.5
9/1/64,3.45
9/2/64,3.45
9/3/64,3.45
9/4/64,3.45
9/7/64,3.45
9/8/64,3.45
9/9/64,3.45
9/10/64,3.45
9/11/64,3.45
9/14/64,3.45
9/15/64,3.45
9/16/64,3.45
9/17/64,3.45
9/18/64,3.45
9/21/64,3.45
9/22/64,3.45
9/23/64,3.45
9/24/64,3.45
9/25/64,3.45
9/28/64,3.45
9/29/64,3.45
9/30/64,3.45
10/1/64,3.36
10/2/64,3.36
10/5/64,3.36
10/6/64,3.36
10/7/64,3.36
10/8/64,3.36
10/9/64,3.36
10/12/64,3.36
10/13/64,3.36
10/14/64,3.36
10/15/64,3.36
10/16/64,3.36
10/19/64,3.36
10/20/64,3.36
10/21/64,3.36
10/22/64,3.36
10/23/64,3.36
10/26/64,3.36
10/27/64,3.36
10/28/64,3.36
10/29/64,3.36
10/30/64,3.36
11/2/64,3.52
11/3/64,3.52
11/4/64,3.52
11/5/64,3.52
11/6/64,3.52
11/9/64,3.52
11/10/64,3.52
11/11/64,3.52
11/12/64,3.52
11/13/64,3.52
11/16/64,3.52
11/17/64,3.52
11/18/64,3.52
11/19/64,3.52
11/20/64,3.52
11/23/64,3.52
11/24/64,3.52
11/25/64,3.52
11/26/64,3.52
11/27/64,3.52
11/30/64,3.52
12/1/64,3.85
12/2/64,3.85
12/3/64,3.85
12/4/64,3.85
12/7/64,3.85
12/8/64,3.85
12/9/64,3.85
12/10/64,3.85
12/11/64,3.85
12/14/64,3.85
12/15/64,3.85
12/16/64,3.85
12/17/64,3.85
12/18/64,3.85
12/21/64,3.85
12/22/64,3.85
12/23/64,3.85
12/24/64,3.85
12/25/64,3.85
12/28/64,3.85
12/29/64,3.85
12/30/64,3.85
12/31/64,3.85
1/1/65,3.9
1/4/65,3.9
1/5/65,3.9
1/6/65,3.9
1/7/65,3.9
1/8/65,3.9
1/11/65,3.9
1/12/65,3.9
1/13/65,3.9
1/14/65,3.9
1/15/65,3.9
1/18/65,3.9
1/19/65,3.9
1/20/65,3.9
1/21/65,3.9
1/22/65,3.9
1/25/65,3.9
1/26/65,3.9
1/27/65,3.9
1/28/65,3.9
1/29/65,3.9
2/1/65,3.98
2/2/65,3.98
2/3/65,3.98
2/4/65,3.98
2/5/65,3.98
2/8/65,3.98
2/9/65,3.98
2/10/65,3.98
2/11/65,3.98
2/12/65,3.98
2/15/65,3.98
2/16/65,3.98
2/17/65,3.98
2/18/65,3.98
2/19/65,3.98
2/22/65,3.98
2/23/65,3.98
2/24/65,3.98
2/25/65,3.98
2/26/65,3.98
3/1/65,4.05
3/2/65,4.05
3/3/65,4.05
3/4/65,4.05
3/5/65,4.05
3/8/65,4.05
3/9/65,4.05
3/10/65,4.05
3/11/65,4.05
3/12/65,4.05
3/15/65,4.05
3/16/65,4.05
3/17/65,4.05
3/18/65,4.05
3/19/65,4.05
3/22/65,4.05
3/23/65,4.05
3/24/65,4.05
3/25/65,4.05
3/26/65,4.05
3/29/65,4.05
3/30/65,4.05
3/31/65,4.05
4/1/65,4.09
4/2/65,4.09
4/5/65,4.09
4/6/65,4.09
4/7/65,4.09
4/8/65,4.09
4/9/65,4.09
4/12/65,4.09
4/13/65,4.09
4/14/65,4.09
4/15/65,4.09
4/16/65,4.09
4/19/65,4.09
4/20/65,4.09
4/21/65,4.09
4/22/65,4.09
4/23/65,4.09
4/26/65,4.09
4/27/65,4.09
4/28/65,4.09
4/29/65,4.09
4/30/65,4.09
5/3/65,4.1
5/4/65,4.1
5/5/65,4.1
5/6/65,4.1
5/7/65,4.1
5/10/65,4.1
5/11/65,4.1
5/12/65,4.1
5/13/65,4.1
5/14/65,4.1
5/17/65,4.1
5/18/65,4.1
5/19/65,4.1
5/20/65,4.1
5/21/65,4.1
5/24/65,4.1
5/25/65,4.1
5/26/65,4.1
5/27/65,4.1
5/28/65,4.1
5/31/65,4.1
6/1/65,4.05
6/2/65,4.05
6/3/65,4.05
6/4/65,4.05
6/7/65,4.05
6/8/65,4.05
6/9/65,4.05
6/10/65,4.05
6/11/65,4.05
6/14/65,4.05
6/15/65,4.05
6/16/65,4.05
6/17/65,4.05
6/18/65,4.05
6/21/65,4.05
6/22/65,4.05
6/23/65,4.05
6/24/65,4.05
6/25/65,4.05
6/28/65,4.05
6/29/65,4.05
6/30/65,4.05
7/1/65,4.09
7/2/65,4.09
7/5/65,4.09
7/6/65,4.09
7/7/65,4.09
7/8/65,4.09
7/9/65,4.09
7/12/65,4.09
7/13/65,4.09
7/14/65,4.09
7/15/65,4.09
7/16/65,4.09
7/19/65,4.09
7/20/65,4.09
7/21/65,4.09
7/22/65,4.09
7/23/65,4.09
7/26/65,4.09
7/27/65,4.09
7/28/65,4.09
7/29/65,4.09
7/30/65,4.09
8/2/65,4.12
8/3/65,4.12
8/4/65,4.12
8/5/65,4.12
8/6/65,4.12
8/9/65,4.12
8/10/65,4.12
8/11/65,4.12
8/12/65,4.12
8/13/65,4.12
8/16/65,4.12
8/17/65,4.12
8/18/65,4.12
8/19/65,4.12
8/20/65,4.12
8/23/65,4.12
8/24/65,4.12
8/25/65,4.12
8/26/65,4.12
8/27/65,4.12
8/30/65,4.12
8/31/65,4.12
9/1/65,4.02
9/2/65,4.02
9/3/65,4.02
9/6/65,4.02
9/7/65,4.02
9/8/65,4.02
9/9/65,4.02
9/10/65,4.02
9/13/65,4.02
9/14/65,4.02
9/15/65,4.02
9/16/65,4.02
9/17/65,4.02
9/20/65,4.02
9/21/65,4.02
9/22/65,4.02
9/23/65,4.02
9/24/65,4.02
9/27/65,4.02
9/28/65,4.02
9/29/65,4.02
9/30/65,4.02
10/1/65,4.08
10/4/65,4.08
10/5/65,4.08
10/6/65,4.08
10/7/65,4.08
10/8/65,4.08
10/11/65,4.08
10/12/65,4.08
10/13/65,4.08
10/14/65,4.08
10/15/65,4.08
10/18/65,4.08
10/19/65,4.08
10/20/65,4.08
10/21/65,4.08
10/22/65,4.08
10/25/65,4.08
10/26/65,4.08
10/27/65,4.08
10/28/65,4.08
10/29/65,4.08
11/1/65,4.1
11/2/65,4.1
11/3/65,4.1
11/4/65,4.1
11/5/65,4.1
11/8/65,4.1
11/9/65,4.1
11/10/65,4.1
11/11/65,4.1
11/12/65,4.1
11/15/65,4.1
11/16/65,4.1
11/17/65,4.1
11/18/65,4.1
11/19/65,4.1
11/22/65,4.1
11/23/65,4.1
11/24/65,4.1
11/25/65,4.1
11/26/65,4.1
11/29/65,4.1
11/30/65,4.1
12/1/65,4.32
12/2/65,4.32
12/3/65,4.32
12/6/65,4.32
12/7/65,4.32
12/8/65,4.32
12/9/65,4.32
12/10/65,4.32
12/13/65,4.32
12/14/65,4.32
12/15/65,4.32
12/16/65,4.32
12/17/65,4.32
12/20/65,4.32
12/21/65,4.32
12/22/65,4.32
12/23/65,4.32
12/24/65,4.32
12/27/65,4.32
12/28/65,4.32
12/29/65,4.32
12/30/65,4.32
12/31/65,4.32
1/3/66,4.42
1/4/66,4.42
1/5/66,4.42
1/6/66,4.42
1/7/66,4.42
1/10/66,4.42
1/11/66,4.42
1/12/66,4.42
1/13/66,4.42
1/14/66,4.42
1/17/66,4.42
1/18/66,4.42
1/19/66,4.42
1/20/66,4.42
1/21/66,4.42
1/24/66,4.42
1/25/66,4.42
1/26/66,4.42
1/27/66,4.42
1/28/66,4.42
1/31/66,4.42
2/1/66,4.6
2/2/66,4.6
2/3/66,4.6
2/4/66,4.6
2/7/66,4.6
2/8/66,4.6
2/9/66,4.6
2/10/66,4.6
2/11/66,4.6
2/14/66,4.6
2/15/66,4.6
2/16/66,4.6
2/17/66,4.6
2/18/66,4.6
2/21/66,4.6
2/22/66,4.6
2/23/66,4.6
2/24/66,4.6
2/25/66,4.6
2/28/66,4.6
3/1/66,4.66
3/2/66,4.66
3/3/66,4.66
3/4/66,4.66
3/7/66,4.66
3/8/66,4.66
3/9/66,4.66
3/10/66,4.66
3/11/66,4.66
3/14/66,4.66
3/15/66,4.66
3/16/66,4.66
3/17/66,4.66
3/18/66,4.66
3/21/66,4.66
3/22/66,4.66
3/23/66,4.66
3/24/66,4.66
3/25/66,4.66
3/28/66,4.66
3/29/66,4.66
3/30/66,4.66
3/31/66,4.66
4/1/66,4.67
4/4/66,4.67
4/5/66,4.67
4/6/66,4.67
4/7/66,4.67
4/8/66,4.67
4/11/66,4.67
4/12/66,4.67
4/13/66,4.67
4/14/66,4.67
4/15/66,4.67
4/18/66,4.67
4/19/66,4.67
4/20/66,4.67
4/21/66,4.67
4/22/66,4.67
4/25/66,4.67
4/26/66,4.67
4/27/66,4.67
4/28/66,4.67
4/29/66,4.67
5/2/66,4.9
5/3/66,4.9
5/4/66,4.9
5/5/66,4.9
5/6/66,4.9
5/9/66,4.9
5/10/66,4.9
5/11/66,4.9
5/12/66,4.9
5/13/66,4.9
5/16/66,4.9
5/17/66,4.9
5/18/66,4.9
5/19/66,4.9
5/20/66,4.9
5/23/66,4.9
5/24/66,4.9
5/25/66,4.9
5/26/66,4.9
5/27/66,4.9
5/30/66,4.9
5/31/66,4.9
6/1/66,5.17
6/2/66,5.17
6/3/66,5.17
6/6/66,5.17
6/7/66,5.17
6/8/66,5.17
6/9/66,5.17
6/10/66,5.17
6/13/66,5.17
6/14/66,5.17
6/15/66,5.17
6/16/66,5.17
6/17/66,5.17
6/20/66,5.17
6/21/66,5.17
6/22/66,5.17
6/23/66,5.17
6/24/66,5.17
6/27/66,5.17
6/28/66,5.17
6/29/66,5.17
6/30/66,5.17
7/1/66,5.3
7/4/66,5.3
7/5/66,5.3
7/6/66,5.3
7/7/66,5.3
7/8/66,5.3
7/11/66,5.3
7/12/66,5.3
7/13/66,5.3
7/14/66,5.3
7/15/66,5.3
7/18/66,5.3
7/19/66,5.3
7/20/66,5.3
7/21/66,5.3
7/22/66,5.3
7/25/66,5.3
7/26/66,5.3
7/27/66,5.3
7/28/66,5.3
7/29/66,5.3
8/1/66,5.53
8/2/66,5.53
8/3/66,5.53
8/4/66,5.53
8/5/66,5.53
8/8/66,5.53
8/9/66,5.53
8/10/66,5.53
8/11/66,5.53
8/12/66,5.53
8/15/66,5.53
8/16/66,5.53
8/17/66,5.53
8/18/66,5.53
8/19/66,5.53
8/22/66,5.53
8/23/66,5.53
8/24/66,5.53
8/25/66,5.53
8/26/66,5.53
8/29/66,5.53
8/30/66,5.53
8/31/66,5.53
9/1/66,5.4
9/2/66,5.4
9/5/66,5.4
9/6/66,5.4
9/7/66,5.4
9/8/66,5.4
9/9/66,5.4
9/12/66,5.4
9/13/66,5.4
9/14/66,5.4
9/15/66,5.4
9/16/66,5.4
9/19/66,5.4
9/20/66,5.4
9/21/66,5.4
9/22/66,5.4
9/23/66,5.4
9/26/66,5.4
9/27/66,5.4
9/28/66,5.4
9/29/66,5.4
9/30/66,5.4
10/3/66,5.53
10/4/66,5.53
10/5/66,5.53
10/6/66,5.53
10/7/66,5.53
10/10/66,5.53
10/11/66,5.53
10/12/66,5.53
10/13/66,5.53
10/14/66,5.53
10/17/66,5.53
10/18/66,5.53
10/19/66,5.53
10/20/66,5.53
10/21/66,5.53
10/24/66,5.53
10/25/66,5.53
10/26/66,5.53
10/27/66,5.53
10/28/66,5.53
10/31/66,5.53
11/1/66,5.76
11/2/66,5.76
11/3/66,5.76
11/4/66,5.76
11/7/66,5.76
11/8/66,5.76
11/9/66,5.76
11/10/66,5.76
11/11/66,5.76
11/14/66,5.76
11/15/66,5.76
11/16/66,5.76
11/17/66,5.76
11/18/66,5.76
11/21/66,5.76
11/22/66,5.76
11/23/66,5.76
11/24/66,5.76
11/25/66,5.76
11/28/66,5.76
11/29/66,5.76
11/30/66,5.76
12/1/66,5.4
12/2/66,5.4
12/5/66,5.4
12/6/66,5.4
12/7/66,5.4
12/8/66,5.4
12/9/66,5.4
12/12/66,5.4
12/13/66,5.4
12/14/66,5.4
12/15/66,5.4
12/16/66,5.4
12/19/66,5.4
12/20/66,5.4
12/21/66,5.4
12/22/66,5.4
12/23/66,5.4
12/26/66,5.4
12/27/66,5.4
12/28/66,5.4
12/29/66,5.4
12/30/66,5.4
1/2/67,4.94
1/3/67,4.94
1/4/67,4.94
1/5/67,4.94
1/6/67,4.94
1/9/67,4.94
1/10/67,4.94
1/11/67,4.94
1/12/67,4.94
1/13/67,4.94
1/16/67,4.94
1/17/67,4.94
1/18/67,4.94
1/19/67,4.94
1/20/67,4.94
1/23/67,4.94
1/24/67,4.94
1/25/67,4.94
1/26/67,4.94
1/27/67,4.94
1/30/67,4.94
1/31/67,4.94
2/1/67,5
2/2/67,5
2/3/67,5
2/6/67,5
2/7/67,5
2/8/67,5
2/9/67,5
2/10/67,5
2/13/67,5
2/14/67,5
2/15/67,5
2/16/67,5
2/17/67,5
2/20/67,5
2/21/67,5
2/22/67,5
2/23/67,5
2/24/67,5
2/27/67,5
2/28/67,5
3/1/67,4.53
3/2/67,4.53
3/3/67,4.53
3/6/67,4.53
3/7/67,4.53
3/8/67,4.53
3/9/67,4.53
3/10/67,4.53
3/13/67,4.53
3/14/67,4.53
3/15/67,4.53
3/16/67,4.53
3/17/67,4.53
3/20/67,4.53
3/21/67,4.53
3/22/67,4.53
3/23/67,4.53
3/24/67,4.53
3/27/67,4.53
3/28/67,4.53
3/29/67,4.53
3/30/67,4.53
3/31/67,4.53
4/3/67,4.05
4/4/67,4.05
4/5/67,4.05
4/6/67,4.05
4/7/67,4.05
4/10/67,4.05
4/11/67,4.05
4/12/67,4.05
4/13/67,4.05
4/14/67,4.05
4/17/67,4.05
4/18/67,4.05
4/19/67,4.05
4/20/67,4.05
4/21/67,4.05
4/24/67,4.05
4/25/67,4.05
4/26/67,4.05
4/27/67,4.05
4/28/67,4.05
5/1/67,3.94
5/2/67,3.94
5/3/67,3.94
5/4/67,3.94
5/5/67,3.94
5/8/67,3.94
5/9/67,3.94
5/10/67,3.94
5/11/67,3.94
5/12/67,3.94
5/15/67,3.94
5/16/67,3.94
5/17/67,3.94
5/18/67,3.94
5/19/67,3.94
5/22/67,3.94
5/23/67,3.94
5/24/67,3.94
5/25/67,3.94
5/26/67,3.94
5/29/67,3.94
5/30/67,3.94
5/31/67,3.94
6/1/67,3.98
6/2/67,3.98
6/5/67,3.98
6/6/67,3.98
6/7/67,3.98
6/8/67,3.98
6/9/67,3.98
6/12/67,3.98
6/13/67,3.98
6/14/67,3.98
6/15/67,3.98
6/16/67,3.98
6/19/67,3.98
6/20/67,3.98
6/21/67,3.98
6/22/67,3.98
6/23/67,3.98
6/26/67,3.98
6/27/67,3.98
6/28/67,3.98
6/29/67,3.98
6/30/67,3.98
7/3/67,3.79
7/4/67,3.79
7/5/67,3.79
7/6/67,3.79
7/7/67,3.79
7/10/67,3.79
7/11/67,3.79
7/12/67,3.79
7/13/67,3.79
7/14/67,3.79
7/17/67,3.79
7/18/67,3.79
7/19/67,3.79
7/20/67,3.79
7/21/67,3.79
7/24/67,3.79
7/25/67,3.79
7/26/67,3.79
7/27/67,3.79
7/28/67,3.79
7/31/67,3.79
8/1/67,3.9
8/2/67,3.9
8/3/67,3.9
8/4/67,3.9
8/7/67,3.9
8/8/67,3.9
8/9/67,3.9
8/10/67,3.9
8/11/67,3.9
8/14/67,3.9
8/15/67,3.9
8/16/67,3.9
8/17/67,3.9
8/18/67,3.9
8/21/67,3.9
8/22/67,3.9
8/23/67,3.9
8/24/67,3.9
8/25/67,3.9
8/28/67,3.9
8/29/67,3.9
8/30/67,3.9
8/31/67,3.9
9/1/67,3.99
9/4/67,3.99
9/5/67,3.99
9/6/67,3.99
9/7/67,3.99
9/8/67,3.99
9/11/67,3.99
9/12/67,3.99
9/13/67,3.99
9/14/67,3.99
9/15/67,3.99
9/18/67,3.99
9/19/67,3.99
9/20/67,3.99
9/21/67,3.99
9/22/67,3.99
9/25/67,3.99
9/26/67,3.99
9/27/67,3.99
9/28/67,3.99
9/29/67,3.99
10/2/67,3.88
10/3/67,3.88
10/4/67,3.88
10/5/67,3.88
10/6/67,3.88
10/9/67,3.88
10/10/67,3.88
10/11/67,3.88
10/12/67,3.88
10/13/67,3.88
10/16/67,3.88
10/17/67,3.88
10/18/67,3.88
10/19/67,3.88
10/20/67,3.88
10/23/67,3.88
10/24/67,3.88
10/25/67,3.88
10/26/67,3.88
10/27/67,3.88
10/30/67,3.88
10/31/67,3.88
11/1/67,4.13
11/2/67,4.13
11/3/67,4.13
11/6/67,4.13
11/7/67,4.13
11/8/67,4.13
11/9/67,4.13
11/10/67,4.13
11/13/67,4.13
11/14/67,4.13
11/15/67,4.13
11/16/67,4.13
11/17/67,4.13
11/20/67,4.13
11/21/67,4.13
11/22/67,4.13
11/23/67,4.13
11/24/67,4.13
11/27/67,4.13
11/28/67,4.13
11/29/67,4.13
11/30/67,4.13
12/1/67,4.51
12/4/67,4.51
12/5/67,4.51
12/6/67,4.51
12/7/67,4.51
12/8/67,4.51
12/11/67,4.51
12/12/67,4.51
12/13/67,4.51
12/14/67,4.51
12/15/67,4.51
12/18/67,4.51
12/19/67,4.51
12/20/67,4.51
12/21/67,4.51
12/22/67,4.51
12/25/67,4.51
12/26/67,4.51
12/27/67,4.51
12/28/67,4.51
12/29/67,4.51
1/1/68,4.61
1/2/68,4.61
1/3/68,4.61
1/4/68,4.61
1/5/68,4.61
1/8/68,4.61
1/9/68,4.61
1/10/68,4.61
1/11/68,4.61
1/12/68,4.61
1/15/68,4.61
1/16/68,4.61
1/17/68,4.61
1/18/68,4.61
1/19/68,4.61
1/22/68,4.61
1/23/68,4.61
1/24/68,4.61
1/25/68,4.61
1/26/68,4.61
1/29/68,4.61
1/30/68,4.61
1/31/68,4.61
2/1/68,4.71
2/2/68,4.71
2/5/68,4.71
2/6/68,4.71
2/7/68,4.71
2/8/68,4.71
2/9/68,4.71
2/12/68,4.71
2/13/68,4.71
2/14/68,4.71
2/15/68,4.71
2/16/68,4.71
2/19/68,4.71
2/20/68,4.71
2/21/68,4.71
2/22/68,4.71
2/23/68,4.71
2/26/68,4.71
2/27/68,4.71
2/28/68,4.71
2/29/68,4.71
3/1/68,5.05
3/4/68,5.05
3/5/68,5.05
3/6/68,5.05
3/7/68,5.05
3/8/68,5.05
3/11/68,5.05
3/12/68,5.05
3/13/68,5.05
3/14/68,5.05
3/15/68,5.05
3/18/68,5.05
3/19/68,5.05
3/20/68,5.05
3/21/68,5.05
3/22/68,5.05
3/25/68,5.05
3/26/68,5.05
3/27/68,5.05
3/28/68,5.05
3/29/68,5.05
4/1/68,5.76
4/2/68,5.76
4/3/68,5.76
4/4/68,5.76
4/5/68,5.76
4/8/68,5.76
4/9/68,5.76
4/10/68,5.76
4/11/68,5.76
4/12/68,5.76
4/15/68,5.76
4/16/68,5.76
4/17/68,5.76
4/18/68,5.76
4/19/68,5.76
4/22/68,5.76
4/23/68,5.76
4/24/68,5.76
4/25/68,5.76
4/26/68,5.76
4/29/68,5.76
4/30/68,5.76
5/1/68,6.12
5/2/68,6.12
5/3/68,6.12
5/6/68,6.12
5/7/68,6.12
5/8/68,6.12
5/9/68,6.12
5/10/68,6.12
5/13/68,6.12
5/14/68,6.12
5/15/68,6.12
5/16/68,6.12
5/17/68,6.12
5/20/68,6.12
5/21/68,6.12
5/22/68,6.12
5/23/68,6.12
5/24/68,6.12
5/27/68,6.12
5/28/68,6.12
5/29/68,6.12
5/30/68,6.12
5/31/68,6.12
6/3/68,6.07
6/4/68,6.07
6/5/68,6.07
6/6/68,6.07
6/7/68,6.07
6/10/68,6.07
6/11/68,6.07
6/12/68,6.07
6/13/68,6.07
6/14/68,6.07
6/17/68,6.07
6/18/68,6.07
6/19/68,6.07
6/20/68,6.07
6/21/68,6.07
6/24/68,6.07
6/25/68,6.07
6/26/68,6.07
6/27/68,6.07
6/28/68,6.07
7/1/68,6.03
7/2/68,6.03
7/3/68,6.03
7/4/68,6.03
7/5/68,6.03
7/8/68,6.03
7/9/68,6.03
7/10/68,6.03
7/11/68,6.03
7/12/68,6.03
7/15/68,6.03
7/16/68,6.03
7/17/68,6.03
7/18/68,6.03
7/19/68,6.03
7/22/68,6.03
7/23/68,6.03
7/24/68,6.03
7/25/68,6.03
7/26/68,6.03
7/29/68,6.03
7/30/68,6.03
7/31/68,6.03
8/1/68,6.03
8/2/68,6.03
8/5/68,6.03
8/6/68,6.03
8/7/68,6.03
8/8/68,6.03
8/9/68,6.03
8/12/68,6.03
8/13/68,6.03
8/14/68,6.03
8/15/68,6.03
8/16/68,6.03
8/19/68,6.03
8/20/68,6.03
8/21/68,6.03
8/22/68,6.03
8/23/68,6.03
8/26/68,6.03
8/27/68,6.03
8/28/68,6.03
8/29/68,6.03
8/30/68,6.03
9/2/68,5.78
9/3/68,5.78
9/4/68,5.78
9/5/68,5.78
9/6/68,5.78
9/9/68,5.78
9/10/68,5.78
9/11/68,5.78
9/12/68,5.78
9/13/68,5.78
9/16/68,5.78
9/17/68,5.78
9/18/68,5.78
9/19/68,5.78
9/20/68,5.78
9/23/68,5.78
9/24/68,5.78
9/25/68,5.78
9/26/68,5.78
9/27/68,5.78
9/30/68,5.78
10/1/68,5.91
10/2/68,5.91
10/3/68,5.91
10/4/68,5.91
10/7/68,5.91
10/8/68,5.91
10/9/68,5.91
10/10/68,5.91
10/11/68,5.91
10/14/68,5.91
10/15/68,5.91
10/16/68,5.91
10/17/68,5.91
10/18/68,5.91
10/21/68,5.91
10/22/68,5.91
10/23/68,5.91
10/24/68,5.91
10/25/68,5.91
10/28/68,5.91
10/29/68,5.91
10/30/68,5.91
10/31/68,5.91
11/1/68,5.82
11/4/68,5.82
11/5/68,5.82
11/6/68,5.82
11/7/68,5.82
11/8/68,5.82
11/11/68,5.82
11/12/68,5.82
11/13/68,5.82
11/14/68,5.82
11/15/68,5.82
11/18/68,5.82
11/19/68,5.82
11/20/68,5.82
11/21/68,5.82
11/22/68,5.82
11/25/68,5.82
11/26/68,5.82
11/27/68,5.82
11/28/68,5.82
11/29/68,5.82
12/2/68,6.02
12/3/68,6.02
12/4/68,6.02
12/5/68,6.02
12/6/68,6.02
12/9/68,6.02
12/10/68,6.02
12/11/68,6.02
12/12/68,6.02
12/13/68,6.02
12/16/68,6.02
12/17/68,6.02
12/18/68,6.02
12/19/68,6.02
12/20/68,6.02
12/23/68,6.02
12/24/68,6.02
12/25/68,6.02
12/26/68,6.02
12/27/68,6.02
12/30/68,6.02
12/31/68,6.02
1/1/69,6.3
1/2/69,6.3
1/3/69,6.3
1/6/69,6.3
1/7/69,6.3
1/8/69,6.3
1/9/69,6.3
1/10/69,6.3
1/13/69,6.3
1/14/69,6.3
1/15/69,6.3
1/16/69,6.3
1/17/69,6.3
1/20/69,6.3
1/21/69,6.3
1/22/69,6.3
1/23/69,6.3
1/24/69,6.3
1/27/69,6.3
1/28/69,6.3
1/29/69,6.3
1/30/69,6.3
1/31/69,6.3
2/3/69,6.61
2/4/69,6.61
2/5/69,6.61
2/6/69,6.61
2/7/69,6.61
2/10/69,6.61
2/11/69,6.61
2/12/69,6.61
2/13/69,6.61
2/14/69,6.61
2/17/69,6.61
2/18/69,6.61
2/19/69,6.61
2/20/69,6.61
2/21/69,6.61
2/24/69,6.61
2/25/69,6.61
2/26/69,6.61
2/27/69,6.61
2/28/69,6.61
3/3/69,6.79
3/4/69,6.79
3/5/69,6.79
3/6/69,6.79
3/7/69,6.79
3/10/69,6.79
3/11/69,6.79
3/12/69,6.79
3/13/69,6.79
3/14/69,6.79
3/17/69,6.79
3/18/69,6.79
3/19/69,6.79
3/20/69,6.79
3/21/69,6.79
3/24/69,6.79
3/25/69,6.79
3/26/69,6.79
3/27/69,6.79
3/28/69,6.79
3/31/69,6.79
4/1/69,7.41
4/2/69,7.41
4/3/69,7.41
4/4/69,7.41
4/7/69,7.41
4/8/69,7.41
4/9/69,7.41
4/10/69,7.41
4/11/69,7.41
4/14/69,7.41
4/15/69,7.41
4/16/69,7.41
4/17/69,7.41
4/18/69,7.41
4/21/69,7.41
4/22/69,7.41
4/23/69,7.41
4/24/69,7.41
4/25/69,7.41
4/28/69,7.41
4/29/69,7.41
4/30/69,7.41
5/1/69,8.67
5/2/69,8.67
5/5/69,8.67
5/6/69,8.67
5/7/69,8.67
5/8/69,8.67
5/9/69,8.67
5/12/69,8.67
5/13/69,8.67
5/14/69,8.67
5/15/69,8.67
5/16/69,8.67
5/19/69,8.67
5/20/69,8.67
5/21/69,8.67
5/22/69,8.67
5/23/69,8.67
5/26/69,8.67
5/27/69,8.67
5/28/69,8.67
5/29/69,8.67
5/30/69,8.67
6/2/69,8.9
6/3/69,8.9
6/4/69,8.9
6/5/69,8.9
6/6/69,8.9
6/9/69,8.9
6/10/69,8.9
6/11/69,8.9
6/12/69,8.9
6/13/69,8.9
6/16/69,8.9
6/17/69,8.9
6/18/69,8.9
6/19/69,8.9
6/20/69,8.9
6/23/69,8.9
6/24/69,8.9
6/25/69,8.9
6/26/69,8.9
6/27/69,8.9
6/30/69,8.9
7/1/69,8.61
7/2/69,8.61
7/3/69,8.61
7/4/69,8.61
7/7/69,8.61
7/8/69,8.61
7/9/69,8.61
7/10/69,8.61
7/11/69,8.61
7/14/69,8.61
7/15/69,8.61
7/16/69,8.61
7/17/69,8.61
7/18/69,8.61
7/21/69,8.61
7/22/69,8.61
7/23/69,8.61
7/24/69,8.61
7/25/69,8.61
7/28/69,8.61
7/29/69,8.61
7/30/69,8.61
7/31/69,8.61
8/1/69,9.19
8/4/69,9.19
8/5/69,9.19
8/6/69,9.19
8/7/69,9.19
8/8/69,9.19
8/11/69,9.19
8/12/69,9.19
8/13/69,9.19
8/14/69,9.19
8/15/69,9.19
8/18/69,9.19
8/19/69,9.19
8/20/69,9.19
8/21/69,9.19
8/22/69,9.19
8/25/69,9.19
8/26/69,9.19
8/27/69,9.19
8/28/69,9.19
8/29/69,9.19
9/1/69,9.15
9/2/69,9.15
9/3/69,9.15
9/4/69,9.15
9/5/69,9.15
9/8/69,9.15
9/9/69,9.15
9/10/69,9.15
9/11/69,9.15
9/12/69,9.15
9/15/69,9.15
9/16/69,9.15
9/17/69,9.15
9/18/69,9.15
9/19/69,9.15
9/22/69,9.15
9/23/69,9.15
9/24/69,9.15
9/25/69,9.15
9/26/69,9.15
9/29/69,9.15
9/30/69,9.15
10/1/69,9
10/2/69,9
10/3/69,9
10/6/69,9
10/7/69,9
10/8/69,9
10/9/69,9
10/10/69,9
10/13/69,9
10/14/69,9
10/15/69,9
10/16/69,9
10/17/69,9
10/20/69,9
10/21/69,9
10/22/69,9
10/23/69,9
10/24/69,9
10/27/69,9
10/28/69,9
10/29/69,9
10/30/69,9
10/31/69,9
11/3/69,8.85
11/4/69,8.85
11/5/69,8.85
11/6/69,8.85
11/7/69,8.85
11/10/69,8.85
11/11/69,8.85
11/12/69,8.85
11/13/69,8.85
11/14/69,8.85
11/17/69,8.85
11/18/69,8.85
11/19/69,8.85
11/20/69,8.85
11/21/69,8.85
11/24/69,8.85
11/25/69,8.85
11/26/69,8.85
11/27/69,8.85
11/28/69,8.85
12/1/69,8.97
12/2/69,8.97
12/3/69,8.97
12/4/69,8.97
12/5/69,8.97
12/8/69,8.97
12/9/69,8.97
12/10/69,8.97
12/11/69,8.97
12/12/69,8.97
12/15/69,8.97
12/16/69,8.97
12/17/69,8.97
12/18/69,8.97
12/19/69,8.97
12/22/69,8.97
12/23/69,8.97
12/24/69,8.97
12/25/69,8.97
12/26/69,8.97
12/29/69,8.97
12/30/69,8.97
12/31/69,8.97
1/1/70,8.98
1/2/70,8.98
1/5/70,8.98
1/6/70,8.98
1/7/70,8.98
1/8/70,8.98
1/9/70,8.98
1/12/70,8.98
1/13/70,8.98
1/14/70,8.98
1/15/70,8.98
1/16/70,8.98
1/19/70,8.98
1/20/70,8.98
1/21/70,8.98
1/22/70,8.98
1/23/70,8.98
1/26/70,8.98
1/27/70,8.98
1/28/70,8.98
1/29/70,8.98
1/30/70,8.98
2/2/70,8.98
2/3/70,8.98
2/4/70,8.98
2/5/70,8.98
2/6/70,8.98
2/9/70,8.98
2/10/70,8.98
2/11/70,8.98
2/12/70,8.98
2/13/70,8.98
2/16/70,8.98
2/17/70,8.98
2/18/70,8.98
2/19/70,8.98
2/20/70,8.98
2/23/70,8.98
2/24/70,8.98
2/25/70,8.98
2/26/70,8.98
2/27/70,8.98
3/2/70,7.76
3/3/70,7.76
3/4/70,7.76
3/5/70,7.76
3/6/70,7.76
3/9/70,7.76
3/10/70,7.76
3/11/70,7.76
3/12/70,7.76
3/13/70,7.76
3/16/70,7.76
3/17/70,7.76
3/18/70,7.76
3/19/70,7.76
3/20/70,7.76
3/23/70,7.76
3/24/70,7.76
3/25/70,7.76
3/26/70,7.76
3/27/70,7.76
3/30/70,7.76
3/31/70,7.76
4/1/70,8.1
4/2/70,8.1
4/3/70,8.1
4/6/70,8.1
4/7/70,8.1
4/8/70,8.1
4/9/70,8.1
4/10/70,8.1
4/13/70,8.1
4/14/70,8.1
4/15/70,8.1
4/16/70,8.1
4/17/70,8.1
4/20/70,8.1
4/21/70,8.1
4/22/70,8.1
4/23/70,8.1
4/24/70,8.1
4/27/70,8.1
4/28/70,8.1
4/29/70,8.1
4/30/70,8.1
5/1/70,7.95
5/4/70,7.95
5/5/70,7.95
5/6/70,7.95
5/7/70,7.95
5/8/70,7.95
5/11/70,7.95
5/12/70,7.95
5/13/70,7.95
5/14/70,7.95
5/15/70,7.95
5/18/70,7.95
5/19/70,7.95
5/20/70,7.95
5/21/70,7.95
5/22/70,7.95
5/25/70,7.95
5/26/70,7.95
5/27/70,7.95
5/28/70,7.95
5/29/70,7.95
6/1/70,7.61
6/2/70,7.61
6/3/70,7.61
6/4/70,7.61
6/5/70,7.61
6/8/70,7.61
6/9/70,7.61
6/10/70,7.61
6/11/70,7.61
6/12/70,7.61
6/15/70,7.61
6/16/70,7.61
6/17/70,7.61
6/18/70,7.61
6/19/70,7.61
6/22/70,7.61
6/23/70,7.61
6/24/70,7.61
6/25/70,7.61
6/26/70,7.61
6/29/70,7.61
6/30/70,7.61
7/1/70,7.21
7/2/70,7.21
7/3/70,7.21
7/6/70,7.21
7/7/70,7.21
7/8/70,7.21
7/9/70,7.21
7/10/70,7.21
7/13/70,7.21
7/14/70,7.21
7/15/70,7.21
7/16/70,7.21
7/17/70,7.21
7/20/70,7.21
7/21/70,7.21
7/22/70,7.21
7/23/70,7.21
7/24/70,7.21
7/27/70,7.21
7/28/70,7.21
7/29/70,7.21
7/30/70,7.21
7/31/70,7.21
8/3/70,6.62
8/4/70,6.62
8/5/70,6.62
8/6/70,6.62
8/7/70,6.62
8/10/70,6.62
8/11/70,6.62
8/12/70,6.62
8/13/70,6.62
8/14/70,6.62
8/17/70,6.62
8/18/70,6.62
8/19/70,6.62
8/20/70,6.62
8/21/70,6.62
8/24/70,6.62
8/25/70,6.62
8/26/70,6.62
8/27/70,6.62
8/28/70,6.62
8/31/70,6.62
9/1/70,6.29
9/2/70,6.29
9/3/70,6.29
9/4/70,6.29
9/7/70,6.29
9/8/70,6.29
9/9/70,6.29
9/10/70,6.29
9/11/70,6.29
9/14/70,6.29
9/15/70,6.29
9/16/70,6.29
9/17/70,6.29
9/18/70,6.29
9/21/70,6.29
9/22/70,6.29
9/23/70,6.29
9/24/70,6.29
9/25/70,6.29
9/28/70,6.29
9/29/70,6.29
9/30/70,6.29
10/1/70,6.2
10/2/70,6.2
10/5/70,6.2
10/6/70,6.2
10/7/70,6.2
10/8/70,6.2
10/9/70,6.2
10/12/70,6.2
10/13/70,6.2
10/14/70,6.2
10/15/70,6.2
10/16/70,6.2
10/19/70,6.2
10/20/70,6.2
10/21/70,6.2
10/22/70,6.2
10/23/70,6.2
10/26/70,6.2
10/27/70,6.2
10/28/70,6.2
10/29/70,6.2
10/30/70,6.2
11/2/70,5.6
11/3/70,5.6
11/4/70,5.6
11/5/70,5.6
11/6/70,5.6
11/9/70,5.6
11/10/70,5.6
11/11/70,5.6
11/12/70,5.6
11/13/70,5.6
11/16/70,5.6
11/17/70,5.6
11/18/70,5.6
11/19/70,5.6
11/20/70,5.6
11/23/70,5.6
11/24/70,5.6
11/25/70,5.6
11/26/70,5.6
11/27/70,5.6
11/30/70,5.6
12/1/70,4.9
12/2/70,4.9
12/3/70,4.9
12/4/70,4.9
12/7/70,4.9
12/8/70,4.9
12/9/70,4.9
12/10/70,4.9
12/11/70,4.9
12/14/70,4.9
12/15/70,4.9
12/16/70,4.9
12/17/70,4.9
12/18/70,4.9
12/21/70,4.9
12/22/70,4.9
12/23/70,4.9
12/24/70,4.9
12/25/70,4.9
12/28/70,4.9
12/29/70,4.9
12/30/70,4.9
12/31/70,4.9
1/1/71,4.14
1/4/71,4.14
1/5/71,4.14
1/6/71,4.14
1/7/71,4.14
1/8/71,4.14
1/11/71,4.14
1/12/71,4.14
1/13/71,4.14
1/14/71,4.14
1/15/71,4.14
1/18/71,4.14
1/19/71,4.14
1/20/71,4.14
1/21/71,4.14
1/22/71,4.14
1/25/71,4.14
1/26/71,4.14
1/27/71,4.14
1/28/71,4.14
1/29/71,4.14
2/1/71,3.72
2/2/71,3.72
2/3/71,3.72
2/4/71,3.72
2/5/71,3.72
2/8/71,3.72
2/9/71,3.72
2/10/71,3.72
2/11/71,3.72
2/12/71,3.72
2/15/71,3.72
2/16/71,3.72
2/17/71,3.72
2/18/71,3.72
2/19/71,3.72
2/22/71,3.72
2/23/71,3.72
2/24/71,3.72
2/25/71,3.72
2/26/71,3.72
3/1/71,3.71
3/2/71,3.71
3/3/71,3.71
3/4/71,3.71
3/5/71,3.71
3/8/71,3.71
3/9/71,3.71
3/10/71,3.71
3/11/71,3.71
3/12/71,3.71
3/15/71,3.71
3/16/71,3.71
3/17/71,3.71
3/18/71,3.71
3/19/71,3.71
3/22/71,3.71
3/23/71,3.71
3/24/71,3.71
3/25/71,3.71
3/26/71,3.71
3/29/71,3.71
3/30/71,3.71
3/31/71,3.71
4/1/71,4.16
4/2/71,4.16
4/5/71,4.16
4/6/71,4.16
4/7/71,4.16
4/8/71,4.16
4/9/71,4.16
4/12/71,4.16
4/13/71,4.16
4/14/71,4.16
4/15/71,4.16
4/16/71,4.16
4/19/71,4.16
4/20/71,4.16
4/21/71,4.16
4/22/71,4.16
4/23/71,4.16
4/26/71,4.16
4/27/71,4.16
4/28/71,4.16
4/29/71,4.16
4/30/71,4.16
5/3/71,4.63
5/4/71,4.63
5/5/71,4.63
5/6/71,4.63
5/7/71,4.63
5/10/71,4.63
5/11/71,4.63
5/12/71,4.63
5/13/71,4.63
5/14/71,4.63
5/17/71,4.63
5/18/71,4.63
5/19/71,4.63
5/20/71,4.63
5/21/71,4.63
5/24/71,4.63
5/25/71,4.63
5/26/71,4.63
5/27/71,4.63
5/28/71,4.63
5/31/71,4.63
6/1/71,4.91
6/2/71,4.91
6/3/71,4.91
6/4/71,4.91
6/7/71,4.91
6/8/71,4.91
6/9/71,4.91
6/10/71,4.91
6/11/71,4.91
6/14/71,4.91
6/15/71,4.91
6/16/71,4.91
6/17/71,4.91
6/18/71,4.91
6/21/71,4.91
6/22/71,4.91
6/23/71,4.91
6/24/71,4.91
6/25/71,4.91
6/28/71,4.91
6/29/71,4.91
6/30/71,4.91
7/1/71,5.31
7/2/71,5.31
7/5/71,5.31
7/6/71,5.31
7/7/71,5.31
7/8/71,5.31
7/9/71,5.31
7/12/71,5.31
7/13/71,5.31
7/14/71,5.31
7/15/71,5.31
7/16/71,5.31
7/19/71,5.31
7/20/71,5.31
7/21/71,5.31
7/22/71,5.31
7/23/71,5.31
7/26/71,5.31
7/27/71,5.31
7/28/71,5.31
7/29/71,5.31
7/30/71,5.31
8/2/71,5.57
8/3/71,5.57
8/4/71,5.57
8/5/71,5.57
8/6/71,5.57
8/9/71,5.57
8/10/71,5.57
8/11/71,5.57
8/12/71,5.57
8/13/71,5.57
8/16/71,5.57
8/17/71,5.57
8/18/71,5.57
8/19/71,5.57
8/20/71,5.57
8/23/71,5.57
8/24/71,5.57
8/25/71,5.57
8/26/71,5.57
8/27/71,5.57
8/30/71,5.57
8/31/71,5.57
9/1/71,5.55
9/2/71,5.55
9/3/71,5.55
9/6/71,5.55
9/7/71,5.55
9/8/71,5.55
9/9/71,5.55
9/10/71,5.55
9/13/71,5.55
9/14/71,5.55
9/15/71,5.55
9/16/71,5.55
9/17/71,5.55
9/20/71,5.55
9/21/71,5.55
9/22/71,5.55
9/23/71,5.55
9/24/71,5.55
9/27/71,5.55
9/28/71,5.55
9/29/71,5.55
9/30/71,5.55
10/1/71,5.2
10/4/71,5.2
10/5/71,5.2
10/6/71,5.2
10/7/71,5.2
10/8/71,5.2
10/11/71,5.2
10/12/71,5.2
10/13/71,5.2
10/14/71,5.2
10/15/71,5.2
10/18/71,5.2
10/19/71,5.2
10/20/71,5.2
10/21/71,5.2
10/22/71,5.2
10/25/71,5.2
10/26/71,5.2
10/27/71,5.2
10/28/71,5.2
10/29/71,5.2
11/1/71,4.91
11/2/71,4.91
11/3/71,4.91
11/4/71,4.91
11/5/71,4.91
11/8/71,4.91
11/9/71,4.91
11/10/71,4.91
11/11/71,4.91
11/12/71,4.91
11/15/71,4.91
11/16/71,4.91
11/17/71,4.91
11/18/71,4.91
11/19/71,4.91
11/22/71,4.91
11/23/71,4.91
11/24/71,4.91
11/25/71,4.91
11/26/71,4.91
11/29/71,4.91
11/30/71,4.91
12/1/71,4.14
12/2/71,4.14
12/3/71,4.14
12/6/71,4.14
12/7/71,4.14
12/8/71,4.14
12/9/71,4.14
12/10/71,4.14
12/13/71,4.14
12/14/71,4.14
12/15/71,4.14
12/16/71,4.14
12/17/71,4.14
12/20/71,4.14
12/21/71,4.14
12/22/71,4.14
12/23/71,4.14
12/24/71,4.14
12/27/71,4.14
12/28/71,4.14
12/29/71,4.14
12/30/71,4.14
12/31/71,4.14
1/3/72,3.51
1/4/72,3.51
1/5/72,3.51
1/6/72,3.51
1/7/72,3.51
1/10/72,3.51
1/11/72,3.51
1/12/72,3.51
1/13/72,3.51
1/14/72,3.51
1/17/72,3.51
1/18/72,3.51
1/19/72,3.51
1/20/72,3.51
1/21/72,3.51
1/24/72,3.51
1/25/72,3.51
1/26/72,3.51
1/27/72,3.51
1/28/72,3.51
1/31/72,3.51
2/1/72,3.3
2/2/72,3.3
2/3/72,3.3
2/4/72,3.3
2/7/72,3.3
2/8/72,3.3
2/9/72,3.3
2/10/72,3.3
2/11/72,3.3
2/14/72,3.3
2/15/72,3.3
2/16/72,3.3
2/17/72,3.3
2/18/72,3.3
2/21/72,3.3
2/22/72,3.3
2/23/72,3.3
2/24/72,3.3
2/25/72,3.3
2/28/72,3.3
2/29/72,3.3
3/1/72,3.83
3/2/72,3.83
3/3/72,3.83
3/6/72,3.83
3/7/72,3.83
3/8/72,3.83
3/9/72,3.83
3/10/72,3.83
3/13/72,3.83
3/14/72,3.83
3/15/72,3.83
3/16/72,3.83
3/17/72,3.83
3/20/72,3.83
3/21/72,3.83
3/22/72,3.83
3/23/72,3.83
3/24/72,3.83
3/27/72,3.83
3/28/72,3.83
3/29/72,3.83
3/30/72,3.83
3/31/72,3.83
4/3/72,4.17
4/4/72,4.17
4/5/72,4.17
4/6/72,4.17
4/7/72,4.17
4/10/72,4.17
4/11/72,4.17
4/12/72,4.17
4/13/72,4.17
4/14/72,4.17
4/17/72,4.17
4/18/72,4.17
4/19/72,4.17
4/20/72,4.17
4/21/72,4.17
4/24/72,4.17
4/25/72,4.17
4/26/72,4.17
4/27/72,4.17
4/28/72,4.17
5/1/72,4.27
5/2/72,4.27
5/3/72,4.27
5/4/72,4.27
5/5/72,4.27
5/8/72,4.27
5/9/72,4.27
5/10/72,4.27
5/11/72,4.27
5/12/72,4.27
5/15/72,4.27
5/16/72,4.27
5/17/72,4.27
5/18/72,4.27
5/19/72,4.27
5/22/72,4.27
5/23/72,4.27
5/24/72,4.27
5/25/72,4.27
5/26/72,4.27
5/29/72,4.27
5/30/72,4.27
5/31/72,4.27
6/1/72,4.46
6/2/72,4.46
6/5/72,4.46
6/6/72,4.46
6/7/72,4.46
6/8/72,4.46
6/9/72,4.46
6/12/72,4.46
6/13/72,4.46
6/14/72,4.46
6/15/72,4.46
6/16/72,4.46
6/19/72,4.46
6/20/72,4.46
6/21/72,4.46
6/22/72,4.46
6/23/72,4.46
6/26/72,4.46
6/27/72,4.46
6/28/72,4.46
6/29/72,4.46
6/30/72,4.46
7/3/72,4.55
7/4/72,4.55
7/5/72,4.55
7/6/72,4.55
7/7/72,4.55
7/10/72,4.55
7/11/72,4.55
7/12/72,4.55
7/13/72,4.55
7/14/72,4.55
7/17/72,4.55
7/18/72,4.55
7/19/72,4.55
7/20/72,4.55
7/21/72,4.55
7/24/72,4.55
7/25/72,4.55
7/26/72,4.55
7/27/72,4.55
7/28/72,4.55
7/31/72,4.55
8/1/72,4.81
8/2/72,4.81
8/3/72,4.81
8/4/72,4.81
8/7/72,4.81
8/8/72,4.81
8/9/72,4.81
8/10/72,4.81
8/11/72,4.81
8/14/72,4.81
8/15/72,4.81
8/16/72,4.81
8/17/72,4.81
8/18/72,4.81
8/21/72,4.81
8/22/72,4.81
8/23/72,4.81
8/24/72,4.81
8/25/72,4.81
8/28/72,4.81
8/29/72,4.81
8/30/72,4.81
8/31/72,4.81
9/1/72,4.87
9/4/72,4.87
9/5/72,4.87
9/6/72,4.87
9/7/72,4.87
9/8/72,4.87
9/11/72,4.87
9/12/72,4.87
9/13/72,4.87
9/14/72,4.87
9/15/72,4.87
9/18/72,4.87
9/19/72,4.87
9/20/72,4.87
9/21/72,4.87
9/22/72,4.87
9/25/72,4.87
9/26/72,4.87
9/27/72,4.87
9/28/72,4.87
9/29/72,4.87
10/2/72,5.05
10/3/72,5.05
10/4/72,5.05
10/5/72,5.05
10/6/72,5.05
10/9/72,5.05
10/10/72,5.05
10/11/72,5.05
10/12/72,5.05
10/13/72,5.05
10/16/72,5.05
10/17/72,5.05
10/18/72,5.05
10/19/72,5.05
10/20/72,5.05
10/23/72,5.05
10/24/72,5.05
10/25/72,5.05
10/26/72,5.05
10/27/72,5.05
10/30/72,5.05
10/31/72,5.05
11/1/72,5.06
11/2/72,5.06
11/3/72,5.06
11/6/72,5.06
11/7/72,5.06
11/8/72,5.06
11/9/72,5.06
11/10/72,5.06
11/13/72,5.06
11/14/72,5.06
11/15/72,5.06
11/16/72,5.06
11/17/72,5.06
11/20/72,5.06
11/21/72,5.06
11/22/72,5.06
11/23/72,5.06
11/24/72,5.06
11/27/72,5.06
11/28/72,5.06
11/29/72,5.06
11/30/72,5.06
12/1/72,5.33
12/4/72,5.33
12/5/72,5.33
12/6/72,5.33
12/7/72,5.33
12/8/72,5.33
12/11/72,5.33
12/12/72,5.33
12/13/72,5.33
12/14/72,5.33
12/15/72,5.33
12/18/72,5.33
12/19/72,5.33
12/20/72,5.33
12/21/72,5.33
12/22/72,5.33
12/25/72,5.33
12/26/72,5.33
12/27/72,5.33
12/28/72,5.33
12/29/72,5.33
1/1/73,5.94
1/2/73,5.94
1/3/73,5.94
1/4/73,5.94
1/5/73,5.94
1/8/73,5.94
1/9/73,5.94
1/10/73,5.94
1/11/73,5.94
1/12/73,5.94
1/15/73,5.94
1/16/73,5.94
1/17/73,5.94
1/18/73,5.94
1/19/73,5.94
1/22/73,5.94
1/23/73,5.94
1/24/73,5.94
1/25/73,5.94
1/26/73,5.94
1/29/73,5.94
1/30/73,5.94
1/31/73,5.94
2/1/73,6.58
2/2/73,6.58
2/5/73,6.58
2/6/73,6.58
2/7/73,6.58
2/8/73,6.58
2/9/73,6.58
2/12/73,6.58
2/13/73,6.58
2/14/73,6.58
2/15/73,6.58
2/16/73,6.58
2/19/73,6.58
2/20/73,6.58
2/21/73,6.58
2/22/73,6.58
2/23/73,6.58
2/26/73,6.58
2/27/73,6.58
2/28/73,6.58
3/1/73,7.09
3/2/73,7.09
3/5/73,7.09
3/6/73,7.09
3/7/73,7.09
3/8/73,7.09
3/9/73,7.09
3/12/73,7.09
3/13/73,7.09
3/14/73,7.09
3/15/73,7.09
3/16/73,7.09
3/19/73,7.09
3/20/73,7.09
3/21/73,7.09
3/22/73,7.09
3/23/73,7.09
3/26/73,7.09
3/27/73,7.09
3/28/73,7.09
3/29/73,7.09
3/30/73,7.09
4/2/73,7.12
4/3/73,7.12
4/4/73,7.12
4/5/73,7.12
4/6/73,7.12
4/9/73,7.12
4/10/73,7.12
4/11/73,7.12
4/12/73,7.12
4/13/73,7.12
4/16/73,7.12
4/17/73,7.12
4/18/73,7.12
4/19/73,7.12
4/20/73,7.12
4/23/73,7.12
4/24/73,7.12
4/25/73,7.12
4/26/73,7.12
4/27/73,7.12
4/30/73,7.12
5/1/73,7.84
5/2/73,7.84
5/3/73,7.84
5/4/73,7.84
5/7/73,7.84
5/8/73,7.84
5/9/73,7.84
5/10/73,7.84
5/11/73,7.84
5/14/73,7.84
5/15/73,7.84
5/16/73,7.84
5/17/73,7.84
5/18/73,7.84
5/21/73,7.84
5/22/73,7.84
5/23/73,7.84
5/24/73,7.84
5/25/73,7.84
5/28/73,7.84
5/29/73,7.84
5/30/73,7.84
5/31/73,7.84
6/1/73,8.49
6/4/73,8.49
6/5/73,8.49
6/6/73,8.49
6/7/73,8.49
6/8/73,8.49
6/11/73,8.49
6/12/73,8.49
6/13/73,8.49
6/14/73,8.49
6/15/73,8.49
6/18/73,8.49
6/19/73,8.49
6/20/73,8.49
6/21/73,8.49
6/22/73,8.49
6/25/73,8.49
6/26/73,8.49
6/27/73,8.49
6/28/73,8.49
6/29/73,8.49
7/2/73,10.4
7/3/73,10.4
7/4/73,10.4
7/5/73,10.4
7/6/73,10.4
7/9/73,10.4
7/10/73,10.4
7/11/73,10.4
7/12/73,10.4
7/13/73,10.4
7/16/73,10.4
7/17/73,10.4
7/18/73,10.4
7/19/73,10.4
7/20/73,10.4
7/23/73,10.4
7/24/73,10.4
7/25/73,10.4
7/26/73,10.4
7/27/73,10.4
7/30/73,10.4
7/31/73,10.4
8/1/73,10.5
8/2/73,10.5
8/3/73,10.5
8/6/73,10.5
8/7/73,10.5
8/8/73,10.5
8/9/73,10.5
8/10/73,10.5
8/13/73,10.5
8/14/73,10.5
8/15/73,10.5
8/16/73,10.5
8/17/73,10.5
8/20/73,10.5
8/21/73,10.5
8/22/73,10.5
8/23/73,10.5
8/24/73,10.5
8/27/73,10.5
8/28/73,10.5
8/29/73,10.5
8/30/73,10.5
8/31/73,10.5
9/3/73,10.78
9/4/73,10.78
9/5/73,10.78
9/6/73,10.78
9/7/73,10.78
9/10/73,10.78
9/11/73,10.78
9/12/73,10.78
9/13/73,10.78
9/14/73,10.78
9/17/73,10.78
9/18/73,10.78
9/19/73,10.78
9/20/73,10.78
9/21/73,10.78
9/24/73,10.78
9/25/73,10.78
9/26/73,10.78
9/27/73,10.78
9/28/73,10.78
10/1/73,10.01
10/2/73,10.01
10/3/73,10.01
10/4/73,10.01
10/5/73,10.01
10/8/73,10.01
10/9/73,10.01
10/10/73,10.01
10/11/73,10.01
10/12/73,10.01
10/15/73,10.01
10/16/73,10.01
10/17/73,10.01
10/18/73,10.01
10/19/73,10.01
10/22/73,10.01
10/23/73,10.01
10/24/73,10.01
10/25/73,10.01
10/26/73,10.01
10/29/73,10.01
10/30/73,10.01
10/31/73,10.01
11/1/73,10.03
11/2/73,10.03
11/5/73,10.03
11/6/73,10.03
11/7/73,10.03
11/8/73,10.03
11/9/73,10.03
11/12/73,10.03
11/13/73,10.03
11/14/73,10.03
11/15/73,10.03
11/16/73,10.03
11/19/73,10.03
11/20/73,10.03
11/21/73,10.03
11/22/73,10.03
11/23/73,10.03
11/26/73,10.03
11/27/73,10.03
11/28/73,10.03
11/29/73,10.03
11/30/73,10.03
12/3/73,9.95
12/4/73,9.95
12/5/73,9.95
12/6/73,9.95
12/7/73,9.95
12/10/73,9.95
12/11/73,9.95
12/12/73,9.95
12/13/73,9.95
12/14/73,9.95
12/17/73,9.95
12/18/73,9.95
12/19/73,9.95
12/20/73,9.95
12/21/73,9.95
12/24/73,9.95
12/25/73,9.95
12/26/73,9.95
12/27/73,9.95
12/28/73,9.95
12/31/73,9.95
1/1/74,9.65
1/2/74,9.65
1/3/74,9.65
1/4/74,9.65
1/7/74,9.65
1/8/74,9.65
1/9/74,9.65
1/10/74,9.65
1/11/74,9.65
1/14/74,9.65
1/15/74,9.65
1/16/74,9.65
1/17/74,9.65
1/18/74,9.65
1/21/74,9.65
1/22/74,9.65
1/23/74,9.65
1/24/74,9.65
1/25/74,9.65
1/28/74,9.65
1/29/74,9.65
1/30/74,9.65
1/31/74,9.65
2/1/74,8.97
2/4/74,8.97
2/5/74,8.97
2/6/74,8.97
2/7/74,8.97
2/8/74,8.97
2/11/74,8.97
2/12/74,8.97
2/13/74,8.97
2/14/74,8.97
2/15/74,8.97
2/18/74,8.97
2/19/74,8.97
2/20/74,8.97
2/21/74,8.97
2/22/74,8.97
2/25/74,8.97
2/26/74,8.97
2/27/74,8.97
2/28/74,8.97
3/1/74,9.35
3/4/74,9.35
3/5/74,9.35
3/6/74,9.35
3/7/74,9.35
3/8/74,9.35
3/11/74,9.35
3/12/74,9.35
3/13/74,9.35
3/14/74,9.35
3/15/74,9.35
3/18/74,9.35
3/19/74,9.35
3/20/74,9.35
3/21/74,9.35
3/22/74,9.35
3/25/74,9.35
3/26/74,9.35
3/27/74,9.35
3/28/74,9.35
3/29/74,9.35
4/1/74,10.51
4/2/74,10.51
4/3/74,10.51
4/4/74,10.51
4/5/74,10.51
4/8/74,10.51
4/9/74,10.51
4/10/74,10.51
4/11/74,10.51
4/12/74,10.51
4/15/74,10.51
4/16/74,10.51
4/17/74,10.51
4/18/74,10.51
4/19/74,10.51
4/22/74,10.51
4/23/74,10.51
4/24/74,10.51
4/25/74,10.51
4/26/74,10.51
4/29/74,10.51
4/30/74,10.51
5/1/74,11.31
5/2/74,11.31
5/3/74,11.31
5/6/74,11.31
5/7/74,11.31
5/8/74,11.31
5/9/74,11.31
5/10/74,11.31
5/13/74,11.31
5/14/74,11.31
5/15/74,11.31
5/16/74,11.31
5/17/74,11.31
5/20/74,11.31
5/21/74,11.31
5/22/74,11.31
5/23/74,11.31
5/24/74,11.31
5/27/74,11.31
5/28/74,11.31
5/29/74,11.31
5/30/74,11.31
5/31/74,11.31
6/3/74,11.93
6/4/74,11.93
6/5/74,11.93
6/6/74,11.93
6/7/74,11.93
6/10/74,11.93
6/11/74,11.93
6/12/74,11.93
6/13/74,11.93
6/14/74,11.93
6/17/74,11.93
6/18/74,11.93
6/19/74,11.93
6/20/74,11.93
6/21/74,11.93
6/24/74,11.93
6/25/74,11.93
6/26/74,11.93
6/27/74,11.93
6/28/74,11.93
7/1/74,12.92
7/2/74,12.92
7/3/74,12.92
7/4/74,12.92
7/5/74,12.92
7/8/74,12.92
7/9/74,12.92
7/10/74,12.92
7/11/74,12.92
7/12/74,12.92
7/15/74,12.92
7/16/74,12.92
7/17/74,12.92
7/18/74,12.92
7/19/74,12.92
7/22/74,12.92
7/23/74,12.92
7/24/74,12.92
7/25/74,12.92
7/26/74,12.92
7/29/74,12.92
7/30/74,12.92
7/31/74,12.92
8/1/74,12.01
8/2/74,12.01
8/5/74,12.01
8/6/74,12.01
8/7/74,12.01
8/8/74,12.01
8/9/74,12.01
8/12/74,12.01
8/13/74,12.01
8/14/74,12.01
8/15/74,12.01
8/16/74,12.01
8/19/74,12.01
8/20/74,12.01
8/21/74,12.01
8/22/74,12.01
8/23/74,12.01
8/26/74,12.01
8/27/74,12.01
8/28/74,12.01
8/29/74,12.01
8/30/74,12.01
9/2/74,11.34
9/3/74,11.34
9/4/74,11.34
9/5/74,11.34
9/6/74,11.34
9/9/74,11.34
9/10/74,11.34
9/11/74,11.34
9/12/74,11.34
9/13/74,11.34
9/16/74,11.34
9/17/74,11.34
9/18/74,11.34
9/19/74,11.34
9/20/74,11.34
9/23/74,11.34
9/24/74,11.34
9/25/74,11.34
9/26/74,11.34
9/27/74,11.34
9/30/74,11.34
10/1/74,10.06
10/2/74,10.06
10/3/74,10.06
10/4/74,10.06
10/7/74,10.06
10/8/74,10.06
10/9/74,10.06
10/10/74,10.06
10/11/74,10.06
10/14/74,10.06
10/15/74,10.06
10/16/74,10.06
10/17/74,10.06
10/18/74,10.06
10/21/74,10.06
10/22/74,10.06
10/23/74,10.06
10/24/74,10.06
10/25/74,10.06
10/28/74,10.06
10/29/74,10.06
10/30/74,10.06
10/31/74,10.06
11/1/74,9.45
11/4/74,9.45
11/5/74,9.45
11/6/74,9.45
11/7/74,9.45
11/8/74,9.45
11/11/74,9.45
11/12/74,9.45
11/13/74,9.45
11/14/74,9.45
11/15/74,9.45
11/18/74,9.45
11/19/74,9.45
11/20/74,9.45
11/21/74,9.45
11/22/74,9.45
11/25/74,9.45
11/26/74,9.45
11/27/74,9.45
11/28/74,9.45
11/29/74,9.45
12/2/74,8.53
12/3/74,8.53
12/4/74,8.53
12/5/74,8.53
12/6/74,8.53
12/9/74,8.53
12/10/74,8.53
12/11/74,8.53
12/12/74,8.53
12/13/74,8.53
12/16/74,8.53
12/17/74,8.53
12/18/74,8.53
12/19/74,8.53
12/20/74,8.53
12/23/74,8.53
12/24/74,8.53
12/25/74,8.53
12/26/74,8.53
12/27/74,8.53
12/30/74,8.53
12/31/74,8.53
1/1/75,7.13
1/2/75,7.13
1/3/75,7.13
1/6/75,7.13
1/7/75,7.13
1/8/75,7.13
1/9/75,7.13
1/10/75,7.13
1/13/75,7.13
1/14/75,7.13
1/15/75,7.13
1/16/75,7.13
1/17/75,7.13
1/20/75,7.13
1/21/75,7.13
1/22/75,7.13
1/23/75,7.13
1/24/75,7.13
1/27/75,7.13
1/28/75,7.13
1/29/75,7.13
1/30/75,7.13
1/31/75,7.13
2/3/75,6.24
2/4/75,6.24
2/5/75,6.24
2/6/75,6.24
2/7/75,6.24
2/10/75,6.24
2/11/75,6.24
2/12/75,6.24
2/13/75,6.24
2/14/75,6.24
2/17/75,6.24
2/18/75,6.24
2/19/75,6.24
2/20/75,6.24
2/21/75,6.24
2/24/75,6.24
2/25/75,6.24
2/26/75,6.24
2/27/75,6.24
2/28/75,6.24
3/3/75,5.54
3/4/75,5.54
3/5/75,5.54
3/6/75,5.54
3/7/75,5.54
3/10/75,5.54
3/11/75,5.54
3/12/75,5.54
3/13/75,5.54
3/14/75,5.54
3/17/75,5.54
3/18/75,5.54
3/19/75,5.54
3/20/75,5.54
3/21/75,5.54
3/24/75,5.54
3/25/75,5.54
3/26/75,5.54
3/27/75,5.54
3/28/75,5.54
3/31/75,5.54
4/1/75,5.49
4/2/75,5.49
4/3/75,5.49
4/4/75,5.49
4/7/75,5.49
4/8/75,5.49
4/9/75,5.49
4/10/75,5.49
4/11/75,5.49
4/14/75,5.49
4/15/75,5.49
4/16/75,5.49
4/17/75,5.49
4/18/75,5.49
4/21/75,5.49
4/22/75,5.49
4/23/75,5.49
4/24/75,5.49
4/25/75,5.49
4/28/75,5.49
4/29/75,5.49
4/30/75,5.49
5/1/75,5.22
5/2/75,5.22
5/5/75,5.22
5/6/75,5.22
5/7/75,5.22
5/8/75,5.22
5/9/75,5.22
5/12/75,5.22
5/13/75,5.22
5/14/75,5.22
5/15/75,5.22
5/16/75,5.22
5/19/75,5.22
5/20/75,5.22
5/21/75,5.22
5/22/75,5.22
5/23/75,5.22
5/26/75,5.22
5/27/75,5.22
5/28/75,5.22
5/29/75,5.22
5/30/75,5.22
6/2/75,5.55
6/3/75,5.55
6/4/75,5.55
6/5/75,5.55
6/6/75,5.55
6/9/75,5.55
6/10/75,5.55
6/11/75,5.55
6/12/75,5.55
6/13/75,5.55
6/16/75,5.55
6/17/75,5.55
6/18/75,5.55
6/19/75,5.55
6/20/75,5.55
6/23/75,5.55
6/24/75,5.55
6/25/75,5.55
6/26/75,5.55
6/27/75,5.55
6/30/75,5.55
7/1/75,6.1
7/2/75,6.1
7/3/75,6.1
7/4/75,6.1
7/7/75,6.1
7/8/75,6.1
7/9/75,6.1
7/10/75,6.1
7/11/75,6.1
7/14/75,6.1
7/15/75,6.1
7/16/75,6.1
7/17/75,6.1
7/18/75,6.1
7/21/75,6.1
7/22/75,6.1
7/23/75,6.1
7/24/75,6.1
7/25/75,6.1
7/28/75,6.1
7/29/75,6.1
7/30/75,6.1
7/31/75,6.1
8/1/75,6.14
8/4/75,6.14
8/5/75,6.14
8/6/75,6.14
8/7/75,6.14
8/8/75,6.14
8/11/75,6.14
8/12/75,6.14
8/13/75,6.14
8/14/75,6.14
8/15/75,6.14
8/18/75,6.14
8/19/75,6.14
8/20/75,6.14
8/21/75,6.14
8/22/75,6.14
8/25/75,6.14
8/26/75,6.14
8/27/75,6.14
8/28/75,6.14
8/29/75,6.14
9/1/75,6.24
9/2/75,6.24
9/3/75,6.24
9/4/75,6.24
9/5/75,6.24
9/8/75,6.24
9/9/75,6.24
9/10/75,6.24
9/11/75,6.24
9/12/75,6.24
9/15/75,6.24
9/16/75,6.24
9/17/75,6.24
9/18/75,6.24
9/19/75,6.24
9/22/75,6.24
9/23/75,6.24
9/24/75,6.24
9/25/75,6.24
9/26/75,6.24
9/29/75,6.24
9/30/75,6.24
10/1/75,5.82
10/2/75,5.82
10/3/75,5.82
10/6/75,5.82
10/7/75,5.82
10/8/75,5.82
10/9/75,5.82
10/10/75,5.82
10/13/75,5.82
10/14/75,5.82
10/15/75,5.82
10/16/75,5.82
10/17/75,5.82
10/20/75,5.82
10/21/75,5.82
10/22/75,5.82
10/23/75,5.82
10/24/75,5.82
10/27/75,5.82
10/28/75,5.82
10/29/75,5.82
10/30/75,5.82
10/31/75,5.82
11/3/75,5.22
11/4/75,5.22
11/5/75,5.22
11/6/75,5.22
11/7/75,5.22
11/10/75,5.22
11/11/75,5.22
11/12/75,5.22
11/13/75,5.22
11/14/75,5.22
11/17/75,5.22
11/18/75,5.22
11/19/75,5.22
11/20/75,5.22
11/21/75,5.22
11/24/75,5.22
11/25/75,5.22
11/26/75,5.22
11/27/75,5.22
11/28/75,5.22
12/1/75,5.2
12/2/75,5.2
12/3/75,5.2
12/4/75,5.2
12/5/75,5.2
12/8/75,5.2
12/9/75,5.2
12/10/75,5.2
12/11/75,5.2
12/12/75,5.2
12/15/75,5.2
12/16/75,5.2
12/17/75,5.2
12/18/75,5.2
12/19/75,5.2
12/22/75,5.2
12/23/75,5.2
12/24/75,5.2
12/25/75,5.2
12/26/75,5.2
12/29/75,5.2
12/30/75,5.2
12/31/75,5.2
1/1/76,4.87
1/2/76,4.87
1/5/76,4.87
1/6/76,4.87
1/7/76,4.87
1/8/76,4.87
1/9/76,4.87
1/12/76,4.87
1/13/76,4.87
1/14/76,4.87
1/15/76,4.87
1/16/76,4.87
1/19/76,4.87
1/20/76,4.87
1/21/76,4.87
1/22/76,4.87
1/23/76,4.87
1/26/76,4.87
1/27/76,4.87
1/28/76,4.87
1/29/76,4.87
1/30/76,4.87
2/2/76,4.77
2/3/76,4.77
2/4/76,4.77
2/5/76,4.77
2/6/76,4.77
2/9/76,4.77
2/10/76,4.77
2/11/76,4.77
2/12/76,4.77
2/13/76,4.77
2/16/76,4.77
2/17/76,4.77
2/18/76,4.77
2/19/76,4.77
2/20/76,4.77
2/23/76,4.77
2/24/76,4.77
2/25/76,4.77
2/26/76,4.77
2/27/76,4.77
3/1/76,4.84
3/2/76,4.84
3/3/76,4.84
3/4/76,4.84
3/5/76,4.84
3/8/76,4.84
3/9/76,4.84
3/10/76,4.84
3/11/76,4.84
3/12/76,4.84
3/15/76,4.84
3/16/76,4.84
3/17/76,4.84
3/18/76,4.84
3/19/76,4.84
3/22/76,4.84
3/23/76,4.84
3/24/76,4.84
3/25/76,4.84
3/26/76,4.84
3/29/76,4.84
3/30/76,4.84
3/31/76,4.84
4/1/76,4.82
4/2/76,4.82
4/5/76,4.82
4/6/76,4.82
4/7/76,4.82
4/8/76,4.82
4/9/76,4.82
4/12/76,4.82
4/13/76,4.82
4/14/76,4.82
4/15/76,4.82
4/16/76,4.82
4/19/76,4.82
4/20/76,4.82
4/21/76,4.82
4/22/76,4.82
4/23/76,4.82
4/26/76,4.82
4/27/76,4.82
4/28/76,4.82
4/29/76,4.82
4/30/76,4.82
5/3/76,5.29
5/4/76,5.29
5/5/76,5.29
5/6/76,5.29
5/7/76,5.29
5/10/76,5.29
5/11/76,5.29
5/12/76,5.29
5/13/76,5.29
5/14/76,5.29
5/17/76,5.29
5/18/76,5.29
5/19/76,5.29
5/20/76,5.29
5/21/76,5.29
5/24/76,5.29
5/25/76,5.29
5/26/76,5.29
5/27/76,5.29
5/28/76,5.29
5/31/76,5.29
6/1/76,5.48
6/2/76,5.48
6/3/76,5.48
6/4/76,5.48
6/7/76,5.48
6/8/76,5.48
6/9/76,5.48
6/10/76,5.48
6/11/76,5.48
6/14/76,5.48
6/15/76,5.48
6/16/76,5.48
6/17/76,5.48
6/18/76,5.48
6/21/76,5.48
6/22/76,5.48
6/23/76,5.48
6/24/76,5.48
6/25/76,5.48
6/28/76,5.48
6/29/76,5.48
6/30/76,5.48
7/1/76,5.31
7/2/76,5.31
7/5/76,5.31
7/6/76,5.31
7/7/76,5.31
7/8/76,5.31
7/9/76,5.31
7/12/76,5.31
7/13/76,5.31
7/14/76,5.31
7/15/76,5.31
7/16/76,5.31
7/19/76,5.31
7/20/76,5.31
7/21/76,5.31
7/22/76,5.31
7/23/76,5.31
7/26/76,5.31
7/27/76,5.31
7/28/76,5.31
7/29/76,5.31
7/30/76,5.31
8/2/76,5.29
8/3/76,5.29
8/4/76,5.29
8/5/76,5.29
8/6/76,5.29
8/9/76,5.29
8/10/76,5.29
8/11/76,5.29
8/12/76,5.29
8/13/76,5.29
8/16/76,5.29
8/17/76,5.29
8/18/76,5.29
8/19/76,5.29
8/20/76,5.29
8/23/76,5.29
8/24/76,5.29
8/25/76,5.29
8/26/76,5.29
8/27/76,5.29
8/30/76,5.29
8/31/76,5.29
9/1/76,5.25
9/2/76,5.25
9/3/76,5.25
9/6/76,5.25
9/7/76,5.25
9/8/76,5.25
9/9/76,5.25
9/10/76,5.25
9/13/76,5.25
9/14/76,5.25
9/15/76,5.25
9/16/76,5.25
9/17/76,5.25
9/20/76,5.25
9/21/76,5.25
9/22/76,5.25
9/23/76,5.25
9/24/76,5.25
9/27/76,5.25
9/28/76,5.25
9/29/76,5.25
9/30/76,5.25
10/1/76,5.02
10/4/76,5.02
10/5/76,5.02
10/6/76,5.02
10/7/76,5.02
10/8/76,5.02
10/11/76,5.02
10/12/76,5.02
10/13/76,5.02
10/14/76,5.02
10/15/76,5.02
10/18/76,5.02
10/19/76,5.02
10/20/76,5.02
10/21/76,5.02
10/22/76,5.02
10/25/76,5.02
10/26/76,5.02
10/27/76,5.02
10/28/76,5.02
10/29/76,5.02
11/1/76,4.95
11/2/76,4.95
11/3/76,4.95
11/4/76,4.95
11/5/76,4.95
11/8/76,4.95
11/9/76,4.95
11/10/76,4.95
11/11/76,4.95
11/12/76,4.95
11/15/76,4.95
11/16/76,4.95
11/17/76,4.95
11/18/76,4.95
11/19/76,4.95
11/22/76,4.95
11/23/76,4.95
11/24/76,4.95
11/25/76,4.95
11/26/76,4.95
11/29/76,4.95
11/30/76,4.95
12/1/76,4.65
12/2/76,4.65
12/3/76,4.65
12/6/76,4.65
12/7/76,4.65
12/8/76,4.65
12/9/76,4.65
12/10/76,4.65
12/13/76,4.65
12/14/76,4.65
12/15/76,4.65
12/16/76,4.65
12/17/76,4.65
12/20/76,4.65
12/21/76,4.65
12/22/76,4.65
12/23/76,4.65
12/24/76,4.65
12/27/76,4.65
12/28/76,4.65
12/29/76,4.65
12/30/76,4.65
12/31/76,4.65
1/3/77,4.61
1/4/77,4.61
1/5/77,4.61
1/6/77,4.61
1/7/77,4.61
1/10/77,4.61
1/11/77,4.61
1/12/77,4.61
1/13/77,4.61
1/14/77,4.61
1/17/77,4.61
1/18/77,4.61
1/19/77,4.61
1/20/77,4.61
1/21/77,4.61
1/24/77,4.61
1/25/77,4.61
1/26/77,4.61
1/27/77,4.61
1/28/77,4.61
1/31/77,4.61
2/1/77,4.68
2/2/77,4.68
2/3/77,4.68
2/4/77,4.68
2/7/77,4.68
2/8/77,4.68
2/9/77,4.68
2/10/77,4.68
2/11/77,4.68
2/14/77,4.68
2/15/77,4.68
2/16/77,4.68
2/17/77,4.68
2/18/77,4.68
2/21/77,4.68
2/22/77,4.68
2/23/77,4.68
2/24/77,4.68
2/25/77,4.68
2/28/77,4.68
3/1/77,4.69
3/2/77,4.69
3/3/77,4.69
3/4/77,4.69
3/7/77,4.69
3/8/77,4.69
3/9/77,4.69
3/10/77,4.69
3/11/77,4.69
3/14/77,4.69
3/15/77,4.69
3/16/77,4.69
3/17/77,4.69
3/18/77,4.69
3/21/77,4.69
3/22/77,4.69
3/23/77,4.69
3/24/77,4.69
3/25/77,4.69
3/28/77,4.69
3/29/77,4.69
3/30/77,4.69
3/31/77,4.69
4/1/77,4.73
4/4/77,4.73
4/5/77,4.73
4/6/77,4.73
4/7/77,4.73
4/8/77,4.73
4/11/77,4.73
4/12/77,4.73
4/13/77,4.73
4/14/77,4.73
4/15/77,4.73
4/18/77,4.73
4/19/77,4.73
4/20/77,4.73
4/21/77,4.73
4/22/77,4.73
4/25/77,4.73
4/26/77,4.73
4/27/77,4.73
4/28/77,4.73
4/29/77,4.73
5/2/77,5.35
5/3/77,5.35
5/4/77,5.35
5/5/77,5.35
5/6/77,5.35
5/9/77,5.35
5/10/77,5.35
5/11/77,5.35
5/12/77,5.35
5/13/77,5.35
5/16/77,5.35
5/17/77,5.35
5/18/77,5.35
5/19/77,5.35
5/20/77,5.35
5/23/77,5.35
5/24/77,5.35
5/25/77,5.35
5/26/77,5.35
5/27/77,5.35
5/30/77,5.35
5/31/77,5.35
6/1/77,5.39
6/2/77,5.39
6/3/77,5.39
6/6/77,5.39
6/7/77,5.39
6/8/77,5.39
6/9/77,5.39
6/10/77,5.39
6/13/77,5.39
6/14/77,5.39
6/15/77,5.39
6/16/77,5.39
6/17/77,5.39
6/20/77,5.39
6/21/77,5.39
6/22/77,5.39
6/23/77,5.39
6/24/77,5.39
6/27/77,5.39
6/28/77,5.39
6/29/77,5.39
6/30/77,5.39
7/1/77,5.42
7/4/77,5.42
7/5/77,5.42
7/6/77,5.42
7/7/77,5.42
7/8/77,5.42
7/11/77,5.42
7/12/77,5.42
7/13/77,5.42
7/14/77,5.42
7/15/77,5.42
7/18/77,5.42
7/19/77,5.42
7/20/77,5.42
7/21/77,5.42
7/22/77,5.42
7/25/77,5.42
7/26/77,5.42
7/27/77,5.42
7/28/77,5.42
7/29/77,5.42
8/1/77,5.9
8/2/77,5.9
8/3/77,5.9
8/4/77,5.9
8/5/77,5.9
8/8/77,5.9
8/9/77,5.9
8/10/77,5.9
8/11/77,5.9
8/12/77,5.9
8/15/77,5.9
8/16/77,5.9
8/17/77,5.9
8/18/77,5.9
8/19/77,5.9
8/22/77,5.9
8/23/77,5.9
8/24/77,5.9
8/25/77,5.9
8/26/77,5.9
8/29/77,5.9
8/30/77,5.9
8/31/77,5.9
9/1/77,6.14
9/2/77,6.14
9/5/77,6.14
9/6/77,6.14
9/7/77,6.14
9/8/77,6.14
9/9/77,6.14
9/12/77,6.14
9/13/77,6.14
9/14/77,6.14
9/15/77,6.14
9/16/77,6.14
9/19/77,6.14
9/20/77,6.14
9/21/77,6.14
9/22/77,6.14
9/23/77,6.14
9/26/77,6.14
9/27/77,6.14
9/28/77,6.14
9/29/77,6.14
9/30/77,6.14
10/3/77,6.47
10/4/77,6.47
10/5/77,6.47
10/6/77,6.47
10/7/77,6.47
10/10/77,6.47
10/11/77,6.47
10/12/77,6.47
10/13/77,6.47
10/14/77,6.47
10/17/77,6.47
10/18/77,6.47
10/19/77,6.47
10/20/77,6.47
10/21/77,6.47
10/24/77,6.47
10/25/77,6.47
10/26/77,6.47
10/27/77,6.47
10/28/77,6.47
10/31/77,6.47
11/1/77,6.51
11/2/77,6.51
11/3/77,6.51
11/4/77,6.51
11/7/77,6.51
11/8/77,6.51
11/9/77,6.51
11/10/77,6.51
11/11/77,6.51
11/14/77,6.51
11/15/77,6.51
11/16/77,6.51
11/17/77,6.51
11/18/77,6.51
11/21/77,6.51
11/22/77,6.51
11/23/77,6.51
11/24/77,6.51
11/25/77,6.51
11/28/77,6.51
11/29/77,6.51
11/30/77,6.51
12/1/77,6.56
12/2/77,6.56
12/5/77,6.56
12/6/77,6.56
12/7/77,6.56
12/8/77,6.56
12/9/77,6.56
12/12/77,6.56
12/13/77,6.56
12/14/77,6.56
12/15/77,6.56
12/16/77,6.56
12/19/77,6.56
12/20/77,6.56
12/21/77,6.56
12/22/77,6.56
12/23/77,6.56
12/26/77,6.56
12/27/77,6.56
12/28/77,6.56
12/29/77,6.56
12/30/77,6.56
1/2/78,6.7
1/3/78,6.7
1/4/78,6.7
1/5/78,6.7
1/6/78,6.7
1/9/78,6.7
1/10/78,6.7
1/11/78,6.7
1/12/78,6.7
1/13/78,6.7
1/16/78,6.7
1/17/78,6.7
1/18/78,6.7
1/19/78,6.7
1/20/78,6.7
1/23/78,6.7
1/24/78,6.7
1/25/78,6.7
1/26/78,6.7
1/27/78,6.7
1/30/78,6.7
1/31/78,6.7
2/1/78,6.78
2/2/78,6.78
2/3/78,6.78
2/6/78,6.78
2/7/78,6.78
2/8/78,6.78
2/9/78,6.78
2/10/78,6.78
2/13/78,6.78
2/14/78,6.78
2/15/78,6.78
2/16/78,6.78
2/17/78,6.78
2/20/78,6.78
2/21/78,6.78
2/22/78,6.78
2/23/78,6.78
2/24/78,6.78
2/27/78,6.78
2/28/78,6.78
3/1/78,6.79
3/2/78,6.79
3/3/78,6.79
3/6/78,6.79
3/7/78,6.79
3/8/78,6.79
3/9/78,6.79
3/10/78,6.79
3/13/78,6.79
3/14/78,6.79
3/15/78,6.79
3/16/78,6.79
3/17/78,6.79
3/20/78,6.79
3/21/78,6.79
3/22/78,6.79
3/23/78,6.79
3/24/78,6.79
3/27/78,6.79
3/28/78,6.79
3/29/78,6.79
3/30/78,6.79
3/31/78,6.79
4/3/78,6.89
4/4/78,6.89
4/5/78,6.89
4/6/78,6.89
4/7/78,6.89
4/10/78,6.89
4/11/78,6.89
4/12/78,6.89
4/13/78,6.89
4/14/78,6.89
4/17/78,6.89
4/18/78,6.89
4/19/78,6.89
4/20/78,6.89
4/21/78,6.89
4/24/78,6.89
4/25/78,6.89
4/26/78,6.89
4/27/78,6.89
4/28/78,6.89
5/1/78,7.36
5/2/78,7.36
5/3/78,7.36
5/4/78,7.36
5/5/78,7.36
5/8/78,7.36
5/9/78,7.36
5/10/78,7.36
5/11/78,7.36
5/12/78,7.36
5/15/78,7.36
5/16/78,7.36
5/17/78,7.36
5/18/78,7.36
5/19/78,7.36
5/22/78,7.36
5/23/78,7.36
5/24/78,7.36
5/25/78,7.36
5/26/78,7.36
5/29/78,7.36
5/30/78,7.36
5/31/78,7.36
6/1/78,7.6
6/2/78,7.6
6/5/78,7.6
6/6/78,7.6
6/7/78,7.6
6/8/78,7.6
6/9/78,7.6
6/12/78,7.6
6/13/78,7.6
6/14/78,7.6
6/15/78,7.6
6/16/78,7.6
6/19/78,7.6
6/20/78,7.6
6/21/78,7.6
6/22/78,7.6
6/23/78,7.6
6/26/78,7.6
6/27/78,7.6
6/28/78,7.6
6/29/78,7.6
6/30/78,7.6
7/3/78,7.81
7/4/78,7.81
7/5/78,7.81
7/6/78,7.81
7/7/78,7.81
7/10/78,7.81
7/11/78,7.81
7/12/78,7.81
7/13/78,7.81
7/14/78,7.81
7/17/78,7.81
7/18/78,7.81
7/19/78,7.81
7/20/78,7.81
7/21/78,7.81
7/24/78,7.81
7/25/78,7.81
7/26/78,7.81
7/27/78,7.81
7/28/78,7.81
7/31/78,7.81
8/1/78,8.04
8/2/78,8.04
8/3/78,8.04
8/4/78,8.04
8/7/78,8.04
8/8/78,8.04
8/9/78,8.04
8/10/78,8.04
8/11/78,8.04
8/14/78,8.04
8/15/78,8.04
8/16/78,8.04
8/17/78,8.04
8/18/78,8.04
8/21/78,8.04
8/22/78,8.04
8/23/78,8.04
8/24/78,8.04
8/25/78,8.04
8/28/78,8.04
8/29/78,8.04
8/30/78,8.04
8/31/78,8.04
9/1/78,8.45
9/4/78,8.45
9/5/78,8.45
9/6/78,8.45
9/7/78,8.45
9/8/78,8.45
9/11/78,8.45
9/12/78,8.45
9/13/78,8.45
9/14/78,8.45
9/15/78,8.45
9/18/78,8.45
9/19/78,8.45
9/20/78,8.45
9/21/78,8.45
9/22/78,8.45
9/25/78,8.45
9/26/78,8.45
9/27/78,8.45
9/28/78,8.45
9/29/78,8.45
10/2/78,8.96
10/3/78,8.96
10/4/78,8.96
10/5/78,8.96
10/6/78,8.96
10/9/78,8.96
10/10/78,8.96
10/11/78,8.96
10/12/78,8.96
10/13/78,8.96
10/16/78,8.96
10/17/78,8.96
10/18/78,8.96
10/19/78,8.96
10/20/78,8.96
10/23/78,8.96
10/24/78,8.96
10/25/78,8.96
10/26/78,8.96
10/27/78,8.96
10/30/78,8.96
10/31/78,8.96
11/1/78,9.76
11/2/78,9.76
11/3/78,9.76
11/6/78,9.76
11/7/78,9.76
11/8/78,9.76
11/9/78,9.76
11/10/78,9.76
11/13/78,9.76
11/14/78,9.76
11/15/78,9.76
11/16/78,9.76
11/17/78,9.76
11/20/78,9.76
11/21/78,9.76
11/22/78,9.76
11/23/78,9.76
11/24/78,9.76
11/27/78,9.76
11/28/78,9.76
11/29/78,9.76
11/30/78,9.76
12/1/78,10.03
12/4/78,10.03
12/5/78,10.03
12/6/78,10.03
12/7/78,10.03
12/8/78,10.03
12/11/78,10.03
12/12/78,10.03
12/13/78,10.03
12/14/78,10.03
12/15/78,10.03
12/18/78,10.03
12/19/78,10.03
12/20/78,10.03
12/21/78,10.03
12/22/78,10.03
12/25/78,10.03
12/26/78,10.03
12/27/78,10.03
12/28/78,10.03
12/29/78,10.03
1/1/79,10.07
1/2/79,10.07
1/3/79,10.07
1/4/79,10.07
1/5/79,10.07
1/8/79,10.07
1/9/79,10.07
1/10/79,10.07
1/11/79,10.07
1/12/79,10.07
1/15/79,10.07
1/16/79,10.07
1/17/79,10.07
1/18/79,10.07
1/19/79,10.07
1/22/79,10.07
1/23/79,10.07
1/24/79,10.07
1/25/79,10.07
1/26/79,10.07
1/29/79,10.07
1/30/79,10.07
1/31/79,10.07
2/1/79,10.06
2/2/79,10.06
2/5/79,10.06
2/6/79,10.06
2/7/79,10.06
2/8/79,10.06
2/9/79,10.06
2/12/79,10.06
2/13/79,10.06
2/14/79,10.06
2/15/79,10.06
2/16/79,10.06
2/19/79,10.06
2/20/79,10.06
2/21/79,10.06
2/22/79,10.06
2/23/79,10.06
2/26/79,10.06
2/27/79,10.06
2/28/79,10.06
3/1/79,10.09
3/2/79,10.09
3/5/79,10.09
3/6/79,10.09
3/7/79,10.09
3/8/79,10.09
3/9/79,10.09
3/12/79,10.09
3/13/79,10.09
3/14/79,10.09
3/15/79,10.09
3/16/79,10.09
3/19/79,10.09
3/20/79,10.09
3/21/79,10.09
3/22/79,10.09
3/23/79,10.09
3/26/79,10.09
3/27/79,10.09
3/28/79,10.09
3/29/79,10.09
3/30/79,10.09
4/2/79,10.01
4/3/79,10.01
4/4/79,10.01
4/5/79,10.01
4/6/79,10.01
4/9/79,10.01
4/10/79,10.01
4/11/79,10.01
4/12/79,10.01
4/13/79,10.01
4/16/79,10.01
4/17/79,10.01
4/18/79,10.01
4/19/79,10.01
4/20/79,10.01
4/23/79,10.01
4/24/79,10.01
4/25/79,10.01
4/26/79,10.01
4/27/79,10.01
4/30/79,10.01
5/1/79,10.24
5/2/79,10.24
5/3/79,10.24
5/4/79,10.24
5/7/79,10.24
5/8/79,10.24
5/9/79,10.24
5/10/79,10.24
5/11/79,10.24
5/14/79,10.24
5/15/79,10.24
5/16/79,10.24
5/17/79,10.24
5/18/79,10.24
5/21/79,10.24
5/22/79,10.24
5/23/79,10.24
5/24/79,10.24
5/25/79,10.24
5/28/79,10.24
5/29/79,10.24
5/30/79,10.24
5/31/79,10.24
6/1/79,10.29
6/4/79,10.29
6/5/79,10.29
6/6/79,10.29
6/7/79,10.29
6/8/79,10.29
6/11/79,10.29
6/12/79,10.29
6/13/79,10.29
6/14/79,10.29
6/15/79,10.29
6/18/79,10.29
6/19/79,10.29
6/20/79,10.29
6/21/79,10.29
6/22/79,10.29
6/25/79,10.29
6/26/79,10.29
6/27/79,10.29
6/28/79,10.29
6/29/79,10.29
7/2/79,10.47
7/3/79,10.47
7/4/79,10.47
7/5/79,10.47
7/6/79,10.47
7/9/79,10.47
7/10/79,10.47
7/11/79,10.47
7/12/79,10.47
7/13/79,10.47
7/16/79,10.47
7/17/79,10.47
7/18/79,10.47
7/19/79,10.47
7/20/79,10.47
7/23/79,10.47
7/24/79,10.47
7/25/79,10.47
7/26/79,10.47
7/27/79,10.47
7/30/79,10.47
7/31/79,10.47
8/1/79,10.94
8/2/79,10.94
8/3/79,10.94
8/6/79,10.94
8/7/79,10.94
8/8/79,10.94
8/9/79,10.94
8/10/79,10.94
8/13/79,10.94
8/14/79,10.94
8/15/79,10.94
8/16/79,10.94
8/17/79,10.94
8/20/79,10.94
8/21/79,10.94
8/22/79,10.94
8/23/79,10.94
8/24/79,10.94
8/27/79,10.94
8/28/79,10.94
8/29/79,10.94
8/30/79,10.94
8/31/79,10.94
9/3/79,11.43
9/4/79,11.43
9/5/79,11.43
9/6/79,11.43
9/7/79,11.43
9/10/79,11.43
9/11/79,11.43
9/12/79,11.43
9/13/79,11.43
9/14/79,11.43
9/17/79,11.43
9/18/79,11.43
9/19/79,11.43
9/20/79,11.43
9/21/79,11.43
9/24/79,11.43
9/25/79,11.43
9/26/79,11.43
9/27/79,11.43
9/28/79,11.43
10/1/79,13.77
10/2/79,13.77
10/3/79,13.77
10/4/79,13.77
10/5/79,13.77
10/8/79,13.77
10/9/79,13.77
10/10/79,13.77
10/11/79,13.77
10/12/79,13.77
10/15/79,13.77
10/16/79,13.77
10/17/79,13.77
10/18/79,13.77
10/19/79,13.77
10/22/79,13.77
10/23/79,13.77
10/24/79,13.77
10/25/79,13.77
10/26/79,13.77
10/29/79,13.77
10/30/79,13.77
10/31/79,13.77
11/1/79,13.18
11/2/79,13.18
11/5/79,13.18
11/6/79,13.18
11/7/79,13.18
11/8/79,13.18
11/9/79,13.18
11/12/79,13.18
11/13/79,13.18
11/14/79,13.18
11/15/79,13.18
11/16/79,13.18
11/19/79,13.18
11/20/79,13.18
11/21/79,13.18
11/22/79,13.18
11/23/79,13.18
11/26/79,13.18
11/27/79,13.18
11/28/79,13.18
11/29/79,13.18
11/30/79,13.18
12/3/79,13.78
12/4/79,13.78
12/5/79,13.78
12/6/79,13.78
12/7/79,13.78
12/10/79,13.78
12/11/79,13.78
12/12/79,13.78
12/13/79,13.78
12/14/79,13.78
12/17/79,13.78
12/18/79,13.78
12/19/79,13.78
12/20/79,13.78
12/21/79,13.78
12/24/79,13.78
12/25/79,13.78
12/26/79,13.78
12/27/79,13.78
12/28/79,13.78
12/31/79,13.78
1/1/80,13.82
1/2/80,13.82
1/3/80,13.82
1/4/80,13.82
1/7/80,13.82
1/8/80,13.82
1/9/80,13.82
1/10/80,13.82
1/11/80,13.82
1/14/80,13.82
1/15/80,13.82
1/16/80,13.82
1/17/80,13.82
1/18/80,13.82
1/21/80,13.82
1/22/80,13.82
1/23/80,13.82
1/24/80,13.82
1/25/80,13.82
1/28/80,13.82
1/29/80,13.82
1/30/80,13.82
1/31/80,13.82
2/1/80,14.13
2/4/80,14.13
2/5/80,14.13
2/6/80,14.13
2/7/80,14.13
2/8/80,14.13
2/11/80,14.13
2/12/80,14.13
2/13/80,14.13
2/14/80,14.13
2/15/80,14.13
2/18/80,14.13
2/19/80,14.13
2/20/80,14.13
2/21/80,14.13
2/22/80,14.13
2/25/80,14.13
2/26/80,14.13
2/27/80,14.13
2/28/80,14.13
2/29/80,14.13
3/3/80,17.19
3/4/80,17.19
3/5/80,17.19
3/6/80,17.19
3/7/80,17.19
3/10/80,17.19
3/11/80,17.19
3/12/80,17.19
3/13/80,17.19
3/14/80,17.19
3/17/80,17.19
3/18/80,17.19
3/19/80,17.19
3/20/80,17.19
3/21/80,17.19
3/24/80,17.19
3/25/80,17.19
3/26/80,17.19
3/27/80,17.19
3/28/80,17.19
3/31/80,17.19
4/1/80,17.61
4/2/80,17.61
4/3/80,17.61
4/4/80,17.61
4/7/80,17.61
4/8/80,17.61
4/9/80,17.61
4/10/80,17.61
4/11/80,17.61
4/14/80,17.61
4/15/80,17.61
4/16/80,17.61
4/17/80,17.61
4/18/80,17.61
4/21/80,17.61
4/22/80,17.61
4/23/80,17.61
4/24/80,17.61
4/25/80,17.61
4/28/80,17.61
4/29/80,17.61
4/30/80,17.61
5/1/80,10.98
5/2/80,10.98
5/5/80,10.98
5/6/80,10.98
5/7/80,10.98
5/8/80,10.98
5/9/80,10.98
5/12/80,10.98
5/13/80,10.98
5/14/80,10.98
5/15/80,10.98
5/16/80,10.98
5/19/80,10.98
5/20/80,10.98
5/21/80,10.98
5/22/80,10.98
5/23/80,10.98
5/26/80,10.98
5/27/80,10.98
5/28/80,10.98
5/29/80,10.98
5/30/80,10.98
6/2/80,9.47
6/3/80,9.47
6/4/80,9.47
6/5/80,9.47
6/6/80,9.47
6/9/80,9.47
6/10/80,9.47
6/11/80,9.47
6/12/80,9.47
6/13/80,9.47
6/16/80,9.47
6/17/80,9.47
6/18/80,9.47
6/19/80,9.47
6/20/80,9.47
6/23/80,9.47
6/24/80,9.47
6/25/80,9.47
6/26/80,9.47
6/27/80,9.47
6/30/80,9.47
7/1/80,9.03
7/2/80,9.03
7/3/80,9.03
7/4/80,9.03
7/7/80,9.03
7/8/80,9.03
7/9/80,9.03
7/10/80,9.03
7/11/80,9.03
7/14/80,9.03
7/15/80,9.03
7/16/80,9.03
7/17/80,9.03
7/18/80,9.03
7/21/80,9.03
7/22/80,9.03
7/23/80,9.03
7/24/80,9.03
7/25/80,9.03
7/28/80,9.03
7/29/80,9.03
7/30/80,9.03
7/31/80,9.03
8/1/80,9.61
8/4/80,9.61
8/5/80,9.61
8/6/80,9.61
8/7/80,9.61
8/8/80,9.61
8/11/80,9.61
8/12/80,9.61
8/13/80,9.61
8/14/80,9.61
8/15/80,9.61
8/18/80,9.61
8/19/80,9.61
8/20/80,9.61
8/21/80,9.61
8/22/80,9.61
8/25/80,9.61
8/26/80,9.61
8/27/80,9.61
8/28/80,9.61
8/29/80,9.61
9/1/80,10.87
9/2/80,10.87
9/3/80,10.87
9/4/80,10.87
9/5/80,10.87
9/8/80,10.87
9/9/80,10.87
9/10/80,10.87
9/11/80,10.87
9/12/80,10.87
9/15/80,10.87
9/16/80,10.87
9/17/80,10.87
9/18/80,10.87
9/19/80,10.87
9/22/80,10.87
9/23/80,10.87
9/24/80,10.87
9/25/80,10.87
9/26/80,10.87
9/29/80,10.87
9/30/80,10.87
10/1/80,12.81
10/2/80,12.81
10/3/80,12.81
10/6/80,12.81
10/7/80,12.81
10/8/80,12.81
10/9/80,12.81
10/10/80,12.81
10/13/80,12.81
10/14/80,12.81
10/15/80,12.81
10/16/80,12.81
10/17/80,12.81
10/20/80,12.81
10/21/80,12.81
10/22/80,12.81
10/23/80,12.81
10/24/80,12.81
10/27/80,12.81
10/28/80,12.81
10/29/80,12.81
10/30/80,12.81
10/31/80,12.81
11/3/80,15.85
11/4/80,15.85
11/5/80,15.85
11/6/80,15.85
11/7/80,15.85
11/10/80,15.85
11/11/80,15.85
11/12/80,15.85
11/13/80,15.85
11/14/80,15.85
11/17/80,15.85
11/18/80,15.85
11/19/80,15.85
11/20/80,15.85
11/21/80,15.85
11/24/80,15.85
11/25/80,15.85
11/26/80,15.85
11/27/80,15.85
11/28/80,15.85
12/1/80,18.9
12/2/80,18.9
12/3/80,18.9
12/4/80,18.9
12/5/80,18.9
12/8/80,18.9
12/9/80,18.9
12/10/80,18.9
12/11/80,18.9
12/12/80,18.9
12/15/80,18.9
12/16/80,18.9
12/17/80,18.9
12/18/80,18.9
12/19/80,18.9
12/22/80,18.9
12/23/80,18.9
12/24/80,18.9
12/25/80,18.9
12/26/80,18.9
12/29/80,18.9
12/30/80,18.9
12/31/80,18.9
1/1/81,19.08
1/2/81,19.08
1/5/81,19.08
1/6/81,19.08
1/7/81,19.08
1/8/81,19.08
1/9/81,19.08
1/12/81,19.08
1/13/81,19.08
1/14/81,19.08
1/15/81,19.08
1/16/81,19.08
1/19/81,19.08
1/20/81,19.08
1/21/81,19.08
1/22/81,19.08
1/23/81,19.08
1/26/81,19.08
1/27/81,19.08
1/28/81,19.08
1/29/81,19.08
1/30/81,19.08
2/2/81,15.93
2/3/81,15.93
2/4/81,15.93
2/5/81,15.93
2/6/81,15.93
2/9/81,15.93
2/10/81,15.93
2/11/81,15.93
2/12/81,15.93
2/13/81,15.93
2/16/81,15.93
2/17/81,15.93
2/18/81,15.93
2/19/81,15.93
2/20/81,15.93
2/23/81,15.93
2/24/81,15.93
2/25/81,15.93
2/26/81,15.93
2/27/81,15.93
3/2/81,14.7
3/3/81,14.7
3/4/81,14.7
3/5/81,14.7
3/6/81,14.7
3/9/81,14.7
3/10/81,14.7
3/11/81,14.7
3/12/81,14.7
3/13/81,14.7
3/16/81,14.7
3/17/81,14.7
3/18/81,14.7
3/19/81,14.7
3/20/81,14.7
3/23/81,14.7
3/24/81,14.7
3/25/81,14.7
3/26/81,14.7
3/27/81,14.7
3/30/81,14.7
3/31/81,14.7
4/1/81,15.72
4/2/81,15.72
4/3/81,15.72
4/6/81,15.72
4/7/81,15.72
4/8/81,15.72
4/9/81,15.72
4/10/81,15.72
4/13/81,15.72
4/14/81,15.72
4/15/81,15.72
4/16/81,15.72
4/17/81,15.72
4/20/81,15.72
4/21/81,15.72
4/22/81,15.72
4/23/81,15.72
4/24/81,15.72
4/27/81,15.72
4/28/81,15.72
4/29/81,15.72
4/30/81,15.72
5/1/81,18.52
5/4/81,18.52
5/5/81,18.52
5/6/81,18.52
5/7/81,18.52
5/8/81,18.52
5/11/81,18.52
5/12/81,18.52
5/13/81,18.52
5/14/81,18.52
5/15/81,18.52
5/18/81,18.52
5/19/81,18.52
5/20/81,18.52
5/21/81,18.52
5/22/81,18.52
5/25/81,18.52
5/26/81,18.52
5/27/81,18.52
5/28/81,18.52
5/29/81,18.52
6/1/81,19.1
6/2/81,19.1
6/3/81,19.1
6/4/81,19.1
6/5/81,19.1
6/8/81,19.1
6/9/81,19.1
6/10/81,19.1
6/11/81,19.1
6/12/81,19.1
6/15/81,19.1
6/16/81,19.1
6/17/81,19.1
6/18/81,19.1
6/19/81,19.1
6/22/81,19.1
6/23/81,19.1
6/24/81,19.1
6/25/81,19.1
6/26/81,19.1
6/29/81,19.1
6/30/81,19.1
7/1/81,19.04
7/2/81,19.04
7/3/81,19.04
7/6/81,19.04
7/7/81,19.04
7/8/81,19.04
7/9/81,19.04
7/10/81,19.04
7/13/81,19.04
7/14/81,19.04
7/15/81,19.04
7/16/81,19.04
7/17/81,19.04
7/20/81,19.04
7/21/81,19.04
7/22/81,19.04
7/23/81,19.04
7/24/81,19.04
7/27/81,19.04
7/28/81,19.04
7/29/81,19.04
7/30/81,19.04
7/31/81,19.04
8/3/81,17.82
8/4/81,17.82
8/5/81,17.82
8/6/81,17.82
8/7/81,17.82
8/10/81,17.82
8/11/81,17.82
8/12/81,17.82
8/13/81,17.82
8/14/81,17.82
8/17/81,17.82
8/18/81,17.82
8/19/81,17.82
8/20/81,17.82
8/21/81,17.82
8/24/81,17.82
8/25/81,17.82
8/26/81,17.82
8/27/81,17.82
8/28/81,17.82
8/31/81,17.82
9/1/81,15.87
9/2/81,15.87
9/3/81,15.87
9/4/81,15.87
9/7/81,15.87
9/8/81,15.87
9/9/81,15.87
9/10/81,15.87
9/11/81,15.87
9/14/81,15.87
9/15/81,15.87
9/16/81,15.87
9/17/81,15.87
9/18/81,15.87
9/21/81,15.87
9/22/81,15.87
9/23/81,15.87
9/24/81,15.87
9/25/81,15.87
9/28/81,15.87
9/29/81,15.87
9/30/81,15.87
10/1/81,15.08
10/2/81,15.08
10/5/81,15.08
10/6/81,15.08
10/7/81,15.08
10/8/81,15.08
10/9/81,15.08
10/12/81,15.08
10/13/81,15.08
10/14/81,15.08
10/15/81,15.08
10/16/81,15.08
10/19/81,15.08
10/20/81,15.08
10/21/81,15.08
10/22/81,15.08
10/23/81,15.08
10/26/81,15.08
10/27/81,15.08
10/28/81,15.08
10/29/81,15.08
10/30/81,15.08
11/2/81,13.31
11/3/81,13.31
11/4/81,13.31
11/5/81,13.31
11/6/81,13.31
11/9/81,13.31
11/10/81,13.31
11/11/81,13.31
11/12/81,13.31
11/13/81,13.31
11/16/81,13.31
11/17/81,13.31
11/18/81,13.31
11/19/81,13.31
11/20/81,13.31
11/23/81,13.31
11/24/81,13.31
11/25/81,13.31
11/26/81,13.31
11/27/81,13.31
11/30/81,13.31
12/1/81,12.37
12/2/81,12.37
12/3/81,12.37
12/4/81,12.37
12/7/81,12.37
12/8/81,12.37
12/9/81,12.37
12/10/81,12.37
12/11/81,12.37
12/14/81,12.37
12/15/81,12.37
12/16/81,12.37
12/17/81,12.37
12/18/81,12.37
12/21/81,12.37
12/22/81,12.37
12/23/81,12.37
12/24/81,12.37
12/25/81,12.37
12/28/81,12.37
12/29/81,12.37
12/30/81,12.37
12/31/81,12.37
1/1/82,13.22
1/4/82,13.22
1/5/82,13.22
1/6/82,13.22
1/7/82,13.22
1/8/82,13.22
1/11/82,13.22
1/12/82,13.22
1/13/82,13.22
1/14/82,13.22
1/15/82,13.22
1/18/82,13.22
1/19/82,13.22
1/20/82,13.22
1/21/82,13.22
1/22/82,13.22
1/25/82,13.22
1/26/82,13.22
1/27/82,13.22
1/28/82,13.22
1/29/82,13.22
2/1/82,14.78
2/2/82,14.78
2/3/82,14.78
2/4/82,14.78
2/5/82,14.78
2/8/82,14.78
2/9/82,14.78
2/10/82,14.78
2/11/82,14.78
2/12/82,14.78
2/15/82,14.78
2/16/82,14.78
2/17/82,14.78
2/18/82,14.78
2/19/82,14.78
2/22/82,14.78
2/23/82,14.78
2/24/82,14.78
2/25/82,14.78
2/26/82,14.78
3/1/82,14.68
3/2/82,14.68
3/3/82,14.68
3/4/82,14.68
3/5/82,14.68
3/8/82,14.68
3/9/82,14.68
3/10/82,14.68
3/11/82,14.68
3/12/82,14.68
3/15/82,14.68
3/16/82,14.68
3/17/82,14.68
3/18/82,14.68
3/19/82,14.68
3/22/82,14.68
3/23/82,14.68
3/24/82,14.68
3/25/82,14.68
3/26/82,14.68
3/29/82,14.68
3/30/82,14.68
3/31/82,14.68
4/1/82,14.94
4/2/82,14.94
4/5/82,14.94
4/6/82,14.94
4/7/82,14.94
4/8/82,14.94
4/9/82,14.94
4/12/82,14.94
4/13/82,14.94
4/14/82,14.94
4/15/82,14.94
4/16/82,14.94
4/19/82,14.94
4/20/82,14.94
4/21/82,14.94
4/22/82,14.94
4/23/82,14.94
4/26/82,14.94
4/27/82,14.94
4/28/82,14.94
4/29/82,14.94
4/30/82,14.94
5/3/82,14.45
5/4/82,14.45
5/5/82,14.45
5/6/82,14.45
5/7/82,14.45
5/10/82,14.45
5/11/82,14.45
5/12/82,14.45
5/13/82,14.45
5/14/82,14.45
5/17/82,14.45
5/18/82,14.45
5/19/82,14.45
5/20/82,14.45
5/21/82,14.45
5/24/82,14.45
5/25/82,14.45
5/26/82,14.45
5/27/82,14.45
5/28/82,14.45
5/31/82,14.45
6/1/82,14.15
6/2/82,14.15
6/3/82,14.15
6/4/82,14.15
6/7/82,14.15
6/8/82,14.15
6/9/82,14.15
6/10/82,14.15
6/11/82,14.15
6/14/82,14.15
6/15/82,14.15
6/16/82,14.15
6/17/82,14.15
6/18/82,14.15
6/21/82,14.15
6/22/82,14.15
6/23/82,14.15
6/24/82,14.15
6/25/82,14.15
6/28/82,14.15
6/29/82,14.15
6/30/82,14.15
7/1/82,12.59
7/2/82,12.59
7/5/82,12.59
7/6/82,12.59
7/7/82,12.59
7/8/82,12.59
7/9/82,12.59
7/12/82,12.59
7/13/82,12.59
7/14/82,12.59
7/15/82,12.59
7/16/82,12.59
7/19/82,12.59
7/20/82,12.59
7/21/82,12.59
7/22/82,12.59
7/23/82,12.59
7/26/82,12.59
7/27/82,12.59
7/28/82,12.59
7/29/82,12.59
7/30/82,12.59
8/2/82,10.12
8/3/82,10.12
8/4/82,10.12
8/5/82,10.12
8/6/82,10.12
8/9/82,10.12
8/10/82,10.12
8/11/82,10.12
8/12/82,10.12
8/13/82,10.12
8/16/82,10.12
8/17/82,10.12
8/18/82,10.12
8/19/82,10.12
8/20/82,10.12
8/23/82,10.12
8/24/82,10.12
8/25/82,10.12
8/26/82,10.12
8/27/82,10.12
8/30/82,10.12
8/31/82,10.12
9/1/82,10.31
9/2/82,10.31
9/3/82,10.31
9/6/82,10.31
9/7/82,10.31
9/8/82,10.31
9/9/82,10.31
9/10/82,10.31
9/13/82,10.31
9/14/82,10.31
9/15/82,10.31
9/16/82,10.31
9/17/82,10.31
9/20/82,10.31
9/21/82,10.31
9/22/82,10.31
9/23/82,10.31
9/24/82,10.31
9/27/82,10.31
9/28/82,10.31
9/29/82,10.31
9/30/82,10.31
10/1/82,9.71
10/4/82,9.71
10/5/82,9.71
10/6/82,9.71
10/7/82,9.71
10/8/82,9.71
10/11/82,9.71
10/12/82,9.71
10/13/82,9.71
10/14/82,9.71
10/15/82,9.71
10/18/82,9.71
10/19/82,9.71
10/20/82,9.71
10/21/82,9.71
10/22/82,9.71
10/25/82,9.71
10/26/82,9.71
10/27/82,9.71
10/28/82,9.71
10/29/82,9.71
11/1/82,9.2
11/2/82,9.2
11/3/82,9.2
11/4/82,9.2
11/5/82,9.2
11/8/82,9.2
11/9/82,9.2
11/10/82,9.2
11/11/82,9.2
11/12/82,9.2
11/15/82,9.2
11/16/82,9.2
11/17/82,9.2
11/18/82,9.2
11/19/82,9.2
11/22/82,9.2
11/23/82,9.2
11/24/82,9.2
11/25/82,9.2
11/26/82,9.2
11/29/82,9.2
11/30/82,9.2
12/1/82,8.95
12/2/82,8.95
12/3/82,8.95
12/6/82,8.95
12/7/82,8.95
12/8/82,8.95
12/9/82,8.95
12/10/82,8.95
12/13/82,8.95
12/14/82,8.95
12/15/82,8.95
12/16/82,8.95
12/17/82,8.95
12/20/82,8.95
12/21/82,8.95
12/22/82,8.95
12/23/82,8.95
12/24/82,8.95
12/27/82,8.95
12/28/82,8.95
12/29/82,8.95
12/30/82,8.95
12/31/82,8.95
1/3/83,8.68
1/4/83,8.68
1/5/83,8.68
1/6/83,8.68
1/7/83,8.68
1/10/83,8.68
1/11/83,8.68
1/12/83,8.68
1/13/83,8.68
1/14/83,8.68
1/17/83,8.68
1/18/83,8.68
1/19/83,8.68
1/20/83,8.68
1/21/83,8.68
1/24/83,8.68
1/25/83,8.68
1/26/83,8.68
1/27/83,8.68
1/28/83,8.68
1/31/83,8.68
2/1/83,8.51
2/2/83,8.51
2/3/83,8.51
2/4/83,8.51
2/7/83,8.51
2/8/83,8.51
2/9/83,8.51
2/10/83,8.51
2/11/83,8.51
2/14/83,8.51
2/15/83,8.51
2/16/83,8.51
2/17/83,8.51
2/18/83,8.51
2/21/83,8.51
2/22/83,8.51
2/23/83,8.51
2/24/83,8.51
2/25/83,8.51
2/28/83,8.51
3/1/83,8.77
3/2/83,8.77
3/3/83,8.77
3/4/83,8.77
3/7/83,8.77
3/8/83,8.77
3/9/83,8.77
3/10/83,8.77
3/11/83,8.77
3/14/83,8.77
3/15/83,8.77
3/16/83,8.77
3/17/83,8.77
3/18/83,8.77
3/21/83,8.77
3/22/83,8.77
3/23/83,8.77
3/24/83,8.77
3/25/83,8.77
3/28/83,8.77
3/29/83,8.77
3/30/83,8.77
3/31/83,8.77
4/1/83,8.8
4/4/83,8.8
4/5/83,8.8
4/6/83,8.8
4/7/83,8.8
4/8/83,8.8
4/11/83,8.8
4/12/83,8.8
4/13/83,8.8
4/14/83,8.8
4/15/83,8.8
4/18/83,8.8
4/19/83,8.8
4/20/83,8.8
4/21/83,8.8
4/22/83,8.8
4/25/83,8.8
4/26/83,8.8
4/27/83,8.8
4/28/83,8.8
4/29/83,8.8
5/2/83,8.63
5/3/83,8.63
5/4/83,8.63
5/5/83,8.63
5/6/83,8.63
5/9/83,8.63
5/10/83,8.63
5/11/83,8.63
5/12/83,8.63
5/13/83,8.63
5/16/83,8.63
5/17/83,8.63
5/18/83,8.63
5/19/83,8.63
5/20/83,8.63
5/23/83,8.63
5/24/83,8.63
5/25/83,8.63
5/26/83,8.63
5/27/83,8.63
5/30/83,8.63
5/31/83,8.63
6/1/83,8.98
6/2/83,8.98
6/3/83,8.98
6/6/83,8.98
6/7/83,8.98
6/8/83,8.98
6/9/83,8.98
6/10/83,8.98
6/13/83,8.98
6/14/83,8.98
6/15/83,8.98
6/16/83,8.98
6/17/83,8.98
6/20/83,8.98
6/21/83,8.98
6/22/83,8.98
6/23/83,8.98
6/24/83,8.98
6/27/83,8.98
6/28/83,8.98
6/29/83,8.98
6/30/83,8.98
7/1/83,9.37
7/4/83,9.37
7/5/83,9.37
7/6/83,9.37
7/7/83,9.37
7/8/83,9.37
7/11/83,9.37
7/12/83,9.37
7/13/83,9.37
7/14/83,9.37
7/15/83,9.37
7/18/83,9.37
7/19/83,9.37
7/20/83,9.37
7/21/83,9.37
7/22/83,9.37
7/25/83,9.37
7/26/83,9.37
7/27/83,9.37
7/28/83,9.37
7/29/83,9.37
8/1/83,9.56
8/2/83,9.56
8/3/83,9.56
8/4/83,9.56
8/5/83,9.56
8/8/83,9.56
8/9/83,9.56
8/10/83,9.56
8/11/83,9.56
8/12/83,9.56
8/15/83,9.56
8/16/83,9.56
8/17/83,9.56
8/18/83,9.56
8/19/83,9.56
8/22/83,9.56
8/23/83,9.56
8/24/83,9.56
8/25/83,9.56
8/26/83,9.56
8/29/83,9.56
8/30/83,9.56
8/31/83,9.56
9/1/83,9.45
9/2/83,9.45
9/5/83,9.45
9/6/83,9.45
9/7/83,9.45
9/8/83,9.45
9/9/83,9.45
9/12/83,9.45
9/13/83,9.45
9/14/83,9.45
9/15/83,9.45
9/16/83,9.45
9/19/83,9.45
9/20/83,9.45
9/21/83,9.45
9/22/83,9.45
9/23/83,9.45
9/26/83,9.45
9/27/83,9.45
9/28/83,9.45
9/29/83,9.45
9/30/83,9.45
10/3/83,9.48
10/4/83,9.48
10/5/83,9.48
10/6/83,9.48
10/7/83,9.48
10/10/83,9.48
10/11/83,9.48
10/12/83,9.48
10/13/83,9.48
10/14/83,9.48
10/17/83,9.48
10/18/83,9.48
10/19/83,9.48
10/20/83,9.48
10/21/83,9.48
10/24/83,9.48
10/25/83,9.48
10/26/83,9.48
10/27/83,9.48
10/28/83,9.48
10/31/83,9.48
11/1/83,9.34
11/2/83,9.34
11/3/83,9.34
11/4/83,9.34
11/7/83,9.34
11/8/83,9.34
11/9/83,9.34
11/10/83,9.34
11/11/83,9.34
11/14/83,9.34
11/15/83,9.34
11/16/83,9.34
11/17/83,9.34
11/18/83,9.34
11/21/83,9.34
11/22/83,9.34
11/23/83,9.34
11/24/83,9.34
11/25/83,9.34
11/28/83,9.34
11/29/83,9.34
11/30/83,9.34
12/1/83,9.47
12/2/83,9.47
12/5/83,9.47
12/6/83,9.47
12/7/83,9.47
12/8/83,9.47
12/9/83,9.47
12/12/83,9.47
12/13/83,9.47
12/14/83,9.47
12/15/83,9.47
12/16/83,9.47
12/19/83,9.47
12/20/83,9.47
12/21/83,9.47
12/22/83,9.47
12/23/83,9.47
12/26/83,9.47
12/27/83,9.47
12/28/83,9.47
12/29/83,9.47
12/30/83,9.47
1/2/84,9.56
1/3/84,9.56
1/4/84,9.56
1/5/84,9.56
1/6/84,9.56
1/9/84,9.56
1/10/84,9.56
1/11/84,9.56
1/12/84,9.56
1/13/84,9.56
1/16/84,9.56
1/17/84,9.56
1/18/84,9.56
1/19/84,9.56
1/20/84,9.56
1/23/84,9.56
1/24/84,9.56
1/25/84,9.56
1/26/84,9.56
1/27/84,9.56
1/30/84,9.56
1/31/84,9.56
2/1/84,9.59
2/2/84,9.59
2/3/84,9.59
2/6/84,9.59
2/7/84,9.59
2/8/84,9.59
2/9/84,9.59
2/10/84,9.59
2/13/84,9.59
2/14/84,9.59
2/15/84,9.59
2/16/84,9.59
2/17/84,9.59
2/20/84,9.59
2/21/84,9.59
2/22/84,9.59
2/23/84,9.59
2/24/84,9.59
2/27/84,9.59
2/28/84,9.59
2/29/84,9.59
3/1/84,9.91
3/2/84,9.91
3/5/84,9.91
3/6/84,9.91
3/7/84,9.91
3/8/84,9.91
3/9/84,9.91
3/12/84,9.91
3/13/84,9.91
3/14/84,9.91
3/15/84,9.91
3/16/84,9.91
3/19/84,9.91
3/20/84,9.91
3/21/84,9.91
3/22/84,9.91
3/23/84,9.91
3/26/84,9.91
3/27/84,9.91
3/28/84,9.91
3/29/84,9.91
3/30/84,9.91
4/2/84,10.29
4/3/84,10.29
4/4/84,10.29
4/5/84,10.29
4/6/84,10.29
4/9/84,10.29
4/10/84,10.29
4/11/84,10.29
4/12/84,10.29
4/13/84,10.29
4/16/84,10.29
4/17/84,10.29
4/18/84,10.29
4/19/84,10.29
4/20/84,10.29
4/23/84,10.29
4/24/84,10.29
4/25/84,10.29
4/26/84,10.29
4/27/84,10.29
4/30/84,10.29
5/1/84,10.32
5/2/84,10.32
5/3/84,10.32
5/4/84,10.32
5/7/84,10.32
5/8/84,10.32
5/9/84,10.32
5/10/84,10.32
5/11/84,10.32
5/14/84,10.32
5/15/84,10.32
5/16/84,10.32
5/17/84,10.32
5/18/84,10.32
5/21/84,10.32
5/22/84,10.32
5/23/84,10.32
5/24/84,10.32
5/25/84,10.32
5/28/84,10.32
5/29/84,10.32
5/30/84,10.32
5/31/84,10.32
6/1/84,11.06
6/4/84,11.06
6/5/84,11.06
6/6/84,11.06
6/7/84,11.06
6/8/84,11.06
6/11/84,11.06
6/12/84,11.06
6/13/84,11.06
6/14/84,11.06
6/15/84,11.06
6/18/84,11.06
6/19/84,11.06
6/20/84,11.06
6/21/84,11.06
6/22/84,11.06
6/25/84,11.06
6/26/84,11.06
6/27/84,11.06
6/28/84,11.06
6/29/84,11.06
7/2/84,11.23
7/3/84,11.23
7/4/84,11.23
7/5/84,11.23
7/6/84,11.23
7/9/84,11.23
7/10/84,11.23
7/11/84,11.23
7/12/84,11.23
7/13/84,11.23
7/16/84,11.23
7/17/84,11.23
7/18/84,11.23
7/19/84,11.23
7/20/84,11.23
7/23/84,11.23
7/24/84,11.23
7/25/84,11.23
7/26/84,11.23
7/27/84,11.23
7/30/84,11.23
7/31/84,11.23
8/1/84,11.64
8/2/84,11.64
8/3/84,11.64
8/6/84,11.64
8/7/84,11.64
8/8/84,11.64
8/9/84,11.64
8/10/84,11.64
8/13/84,11.64
8/14/84,11.64
8/15/84,11.64
8/16/84,11.64
8/17/84,11.64
8/20/84,11.64
8/21/84,11.64
8/22/84,11.64
8/23/84,11.64
8/24/84,11.64
8/27/84,11.64
8/28/84,11.64
8/29/84,11.64
8/30/84,11.64
8/31/84,11.64
9/3/84,11.3
9/4/84,11.3
9/5/84,11.3
9/6/84,11.3
9/7/84,11.3
9/10/84,11.3
9/11/84,11.3
9/12/84,11.3
9/13/84,11.3
9/14/84,11.3
9/17/84,11.3
9/18/84,11.3
9/19/84,11.3
9/20/84,11.3
9/21/84,11.3
9/24/84,11.3
9/25/84,11.3
9/26/84,11.3
9/27/84,11.3
9/28/84,11.3
10/1/84,9.99
10/2/84,9.99
10/3/84,9.99
10/4/84,9.99
10/5/84,9.99
10/8/84,9.99
10/9/84,9.99
10/10/84,9.99
10/11/84,9.99
10/12/84,9.99
10/15/84,9.99
10/16/84,9.99
10/17/84,9.99
10/18/84,9.99
10/19/84,9.99
10/22/84,9.99
10/23/84,9.99
10/24/84,9.99
10/25/84,9.99
10/26/84,9.99
10/29/84,9.99
10/30/84,9.99
10/31/84,9.99
11/1/84,9.43
11/2/84,9.43
11/5/84,9.43
11/6/84,9.43
11/7/84,9.43
11/8/84,9.43
11/9/84,9.43
11/12/84,9.43
11/13/84,9.43
11/14/84,9.43
11/15/84,9.43
11/16/84,9.43
11/19/84,9.43
11/20/84,9.43
11/21/84,9.43
11/22/84,9.43
11/23/84,9.43
11/26/84,9.43
11/27/84,9.43
11/28/84,9.43
11/29/84,9.43
11/30/84,9.43
12/3/84,8.38
12/4/84,8.38
12/5/84,8.38
12/6/84,8.38
12/7/84,8.38
12/10/84,8.38
12/11/84,8.38
12/12/84,8.38
12/13/84,8.38
12/14/84,8.38
12/17/84,8.38
12/18/84,8.38
12/19/84,8.38
12/20/84,8.38
12/21/84,8.38
12/24/84,8.38
12/25/84,8.38
12/26/84,8.38
12/27/84,8.38
12/28/84,8.38
12/31/84,8.38
1/1/85,8.35
1/2/85,8.35
1/3/85,8.35
1/4/85,8.35
1/7/85,8.35
1/8/85,8.35
1/9/85,8.35
1/10/85,8.35
1/11/85,8.35
1/14/85,8.35
1/15/85,8.35
1/16/85,8.35
1/17/85,8.35
1/18/85,8.35
1/21/85,8.35
1/22/85,8.35
1/23/85,8.35
1/24/85,8.35
1/25/85,8.35
1/28/85,8.35
1/29/85,8.35
1/30/85,8.35
1/31/85,8.35
2/1/85,8.5
2/4/85,8.5
2/5/85,8.5
2/6/85,8.5
2/7/85,8.5
2/8/85,8.5
2/11/85,8.5
2/12/85,8.5
2/13/85,8.5
2/14/85,8.5
2/15/85,8.5
2/18/85,8.5
2/19/85,8.5
2/20/85,8.5
2/21/85,8.5
2/22/85,8.5
2/25/85,8.5
2/26/85,8.5
2/27/85,8.5
2/28/85,8.5
3/1/85,8.58
3/4/85,8.58
3/5/85,8.58
3/6/85,8.58
3/7/85,8.58
3/8/85,8.58
3/11/85,8.58
3/12/85,8.58
3/13/85,8.58
3/14/85,8.58
3/15/85,8.58
3/18/85,8.58
3/19/85,8.58
3/20/85,8.58
3/21/85,8.58
3/22/85,8.58
3/25/85,8.58
3/26/85,8.58
3/27/85,8.58
3/28/85,8.58
3/29/85,8.58
4/1/85,8.27
4/2/85,8.27
4/3/85,8.27
4/4/85,8.27
4/5/85,8.27
4/8/85,8.27
4/9/85,8.27
4/10/85,8.27
4/11/85,8.27
4/12/85,8.27
4/15/85,8.27
4/16/85,8.27
4/17/85,8.27
4/18/85,8.27
4/19/85,8.27
4/22/85,8.27
4/23/85,8.27
4/24/85,8.27
4/25/85,8.27
4/26/85,8.27
4/29/85,8.27
4/30/85,8.27
5/1/85,7.97
5/2/85,7.97
5/3/85,7.97
5/6/85,7.97
5/7/85,7.97
5/8/85,7.97
5/9/85,7.97
5/10/85,7.97
5/13/85,7.97
5/14/85,7.97
5/15/85,7.97
5/16/85,7.97
5/17/85,7.97
5/20/85,7.97
5/21/85,7.97
5/22/85,7.97
5/23/85,7.97
5/24/85,7.97
5/27/85,7.97
5/28/85,7.97
5/29/85,7.97
5/30/85,7.97
5/31/85,7.97
6/3/85,7.53
6/4/85,7.53
6/5/85,7.53
6/6/85,7.53
6/7/85,7.53
6/10/85,7.53
6/11/85,7.53
6/12/85,7.53
6/13/85,7.53
6/14/85,7.53
6/17/85,7.53
6/18/85,7.53
6/19/85,7.53
6/20/85,7.53
6/21/85,7.53
6/24/85,7.53
6/25/85,7.53
6/26/85,7.53
6/27/85,7.53
6/28/85,7.53
7/1/85,7.88
7/2/85,7.88
7/3/85,7.88
7/4/85,7.88
7/5/85,7.88
7/8/85,7.88
7/9/85,7.88
7/10/85,7.88
7/11/85,7.88
7/12/85,7.88
7/15/85,7.88
7/16/85,7.88
7/17/85,7.88
7/18/85,7.88
7/19/85,7.88
7/22/85,7.88
7/23/85,7.88
7/24/85,7.88
7/25/85,7.88
7/26/85,7.88
7/29/85,7.88
7/30/85,7.88
7/31/85,7.88
8/1/85,7.9
8/2/85,7.9
8/5/85,7.9
8/6/85,7.9
8/7/85,7.9
8/8/85,7.9
8/9/85,7.9
8/12/85,7.9
8/13/85,7.9
8/14/85,7.9
8/15/85,7.9
8/16/85,7.9
8/19/85,7.9
8/20/85,7.9
8/21/85,7.9
8/22/85,7.9
8/23/85,7.9
8/26/85,7.9
8/27/85,7.9
8/28/85,7.9
8/29/85,7.9
8/30/85,7.9
9/2/85,7.92
9/3/85,7.92
9/4/85,7.92
9/5/85,7.92
9/6/85,7.92
9/9/85,7.92
9/10/85,7.92
9/11/85,7.92
9/12/85,7.92
9/13/85,7.92
9/16/85,7.92
9/17/85,7.92
9/18/85,7.92
9/19/85,7.92
9/20/85,7.92
9/23/85,7.92
9/24/85,7.92
9/25/85,7.92
9/26/85,7.92
9/27/85,7.92
9/30/85,7.92
10/1/85,7.99
10/2/85,7.99
10/3/85,7.99
10/4/85,7.99
10/7/85,7.99
10/8/85,7.99
10/9/85,7.99
10/10/85,7.99
10/11/85,7.99
10/14/85,7.99
10/15/85,7.99
10/16/85,7.99
10/17/85,7.99
10/18/85,7.99
10/21/85,7.99
10/22/85,7.99
10/23/85,7.99
10/24/85,7.99
10/25/85,7.99
10/28/85,7.99
10/29/85,7.99
10/30/85,7.99
10/31/85,7.99
11/1/85,8.05
11/4/85,8.05
11/5/85,8.05
11/6/85,8.05
11/7/85,8.05
11/8/85,8.05
11/11/85,8.05
11/12/85,8.05
11/13/85,8.05
11/14/85,8.05
11/15/85,8.05
11/18/85,8.05
11/19/85,8.05
11/20/85,8.05
11/21/85,8.05
11/22/85,8.05
11/25/85,8.05
11/26/85,8.05
11/27/85,8.05
11/28/85,8.05
11/29/85,8.05
12/2/85,8.27
12/3/85,8.27
12/4/85,8.27
12/5/85,8.27
12/6/85,8.27
12/9/85,8.27
12/10/85,8.27
12/11/85,8.27
12/12/85,8.27
12/13/85,8.27
12/16/85,8.27
12/17/85,8.27
12/18/85,8.27
12/19/85,8.27
12/20/85,8.27
12/23/85,8.27
12/24/85,8.27
12/25/85,8.27
12/26/85,8.27
12/27/85,8.27
12/30/85,8.27
12/31/85,8.27
1/1/86,8.14
1/2/86,8.14
1/3/86,8.14
1/6/86,8.14
1/7/86,8.14
1/8/86,8.14
1/9/86,8.14
1/10/86,8.14
1/13/86,8.14
1/14/86,8.14
1/15/86,8.14
1/16/86,8.14
1/17/86,8.14
1/20/86,8.14
1/21/86,8.14
1/22/86,8.14
1/23/86,8.14
1/24/86,8.14
1/27/86,8.14
1/28/86,8.14
1/29/86,8.14
1/30/86,8.14
1/31/86,8.14
2/3/86,7.86
2/4/86,7.86
2/5/86,7.86
2/6/86,7.86
2/7/86,7.86
2/10/86,7.86
2/11/86,7.86
2/12/86,7.86
2/13/86,7.86
2/14/86,7.86
2/17/86,7.86
2/18/86,7.86
2/19/86,7.86
2/20/86,7.86
2/21/86,7.86
2/24/86,7.86
2/25/86,7.86
2/26/86,7.86
2/27/86,7.86
2/28/86,7.86
3/3/86,7.48
3/4/86,7.48
3/5/86,7.48
3/6/86,7.48
3/7/86,7.48
3/10/86,7.48
3/11/86,7.48
3/12/86,7.48
3/13/86,7.48
3/14/86,7.48
3/17/86,7.48
3/18/86,7.48
3/19/86,7.48
3/20/86,7.48
3/21/86,7.48
3/24/86,7.48
3/25/86,7.48
3/26/86,7.48
3/27/86,7.48
3/28/86,7.48
3/31/86,7.48
4/1/86,6.99
4/2/86,6.99
4/3/86,6.99
4/4/86,6.99
4/7/86,6.99
4/8/86,6.99
4/9/86,6.99
4/10/86,6.99
4/11/86,6.99
4/14/86,6.99
4/15/86,6.99
4/16/86,6.99
4/17/86,6.99
4/18/86,6.99
4/21/86,6.99
4/22/86,6.99
4/23/86,6.99
4/24/86,6.99
4/25/86,6.99
4/28/86,6.99
4/29/86,6.99
4/30/86,6.99
5/1/86,6.85
5/2/86,6.85
5/5/86,6.85
5/6/86,6.85
5/7/86,6.85
5/8/86,6.85
5/9/86,6.85
5/12/86,6.85
5/13/86,6.85
5/14/86,6.85
5/15/86,6.85
5/16/86,6.85
5/19/86,6.85
5/20/86,6.85
5/21/86,6.85
5/22/86,6.85
5/23/86,6.85
5/26/86,6.85
5/27/86,6.85
5/28/86,6.85
5/29/86,6.85
5/30/86,6.85
6/2/86,6.92
6/3/86,6.92
6/4/86,6.92
6/5/86,6.92
6/6/86,6.92
6/9/86,6.92
6/10/86,6.92
6/11/86,6.92
6/12/86,6.92
6/13/86,6.92
6/16/86,6.92
6/17/86,6.92
6/18/86,6.92
6/19/86,6.92
6/20/86,6.92
6/23/86,6.92
6/24/86,6.92
6/25/86,6.92
6/26/86,6.92
6/27/86,6.92
6/30/86,6.92
7/1/86,6.56
7/2/86,6.56
7/3/86,6.56
7/4/86,6.56
7/7/86,6.56
7/8/86,6.56
7/9/86,6.56
7/10/86,6.56
7/11/86,6.56
7/14/86,6.56
7/15/86,6.56
7/16/86,6.56
7/17/86,6.56
7/18/86,6.56
7/21/86,6.56
7/22/86,6.56
7/23/86,6.56
7/24/86,6.56
7/25/86,6.56
7/28/86,6.56
7/29/86,6.56
7/30/86,6.56
7/31/86,6.56
8/1/86,6.17
8/4/86,6.17
8/5/86,6.17
8/6/86,6.17
8/7/86,6.17
8/8/86,6.17
8/11/86,6.17
8/12/86,6.17
8/13/86,6.17
8/14/86,6.17
8/15/86,6.17
8/18/86,6.17
8/19/86,6.17
8/20/86,6.17
8/21/86,6.17
8/22/86,6.17
8/25/86,6.17
8/26/86,6.17
8/27/86,6.17
8/28/86,6.17
8/29/86,6.17
9/1/86,5.89
9/2/86,5.89
9/3/86,5.89
9/4/86,5.89
9/5/86,5.89
9/8/86,5.89
9/9/86,5.89
9/10/86,5.89
9/11/86,5.89
9/12/86,5.89
9/15/86,5.89
9/16/86,5.89
9/17/86,5.89
9/18/86,5.89
9/19/86,5.89
9/22/86,5.89
9/23/86,5.89
9/24/86,5.89
9/25/86,5.89
9/26/86,5.89
9/29/86,5.89
9/30/86,5.89
10/1/86,5.85
10/2/86,5.85
10/3/86,5.85
10/6/86,5.85
10/7/86,5.85
10/8/86,5.85
10/9/86,5.85
10/10/86,5.85
10/13/86,5.85
10/14/86,5.85
10/15/86,5.85
10/16/86,5.85
10/17/86,5.85
10/20/86,5.85
10/21/86,5.85
10/22/86,5.85
10/23/86,5.85
10/24/86,5.85
10/27/86,5.85
10/28/86,5.85
10/29/86,5.85
10/30/86,5.85
10/31/86,5.85
11/3/86,6.04
11/4/86,6.04
11/5/86,6.04
11/6/86,6.04
11/7/86,6.04
11/10/86,6.04
11/11/86,6.04
11/12/86,6.04
11/13/86,6.04
11/14/86,6.04
11/17/86,6.04
11/18/86,6.04
11/19/86,6.04
11/20/86,6.04
11/21/86,6.04
11/24/86,6.04
11/25/86,6.04
11/26/86,6.04
11/27/86,6.04
11/28/86,6.04
12/1/86,6.91
12/2/86,6.91
12/3/86,6.91
12/4/86,6.91
12/5/86,6.91
12/8/86,6.91
12/9/86,6.91
12/10/86,6.91
12/11/86,6.91
12/12/86,6.91
12/15/86,6.91
12/16/86,6.91
12/17/86,6.91
12/18/86,6.91
12/19/86,6.91
12/22/86,6.91
12/23/86,6.91
12/24/86,6.91
12/25/86,6.91
12/26/86,6.91
12/29/86,6.91
12/30/86,6.91
12/31/86,6.91
1/1/87,6.43
1/2/87,6.43
1/5/87,6.43
1/6/87,6.43
1/7/87,6.43
1/8/87,6.43
1/9/87,6.43
1/12/87,6.43
1/13/87,6.43
1/14/87,6.43
1/15/87,6.43
1/16/87,6.43
1/19/87,6.43
1/20/87,6.43
1/21/87,6.43
1/22/87,6.43
1/23/87,6.43
1/26/87,6.43
1/27/87,6.43
1/28/87,6.43
1/29/87,6.43
1/30/87,6.43
2/2/87,6.1
2/3/87,6.1
2/4/87,6.1
2/5/87,6.1
2/6/87,6.1
2/9/87,6.1
2/10/87,6.1
2/11/87,6.1
2/12/87,6.1
2/13/87,6.1
2/16/87,6.1
2/17/87,6.1
2/18/87,6.1
2/19/87,6.1
2/20/87,6.1
2/23/87,6.1
2/24/87,6.1
2/25/87,6.1
2/26/87,6.1
2/27/87,6.1
3/2/87,6.13
3/3/87,6.13
3/4/87,6.13
3/5/87,6.13
3/6/87,6.13
3/9/87,6.13
3/10/87,6.13
3/11/87,6.13
3/12/87,6.13
3/13/87,6.13
3/16/87,6.13
3/17/87,6.13
3/18/87,6.13
3/19/87,6.13
3/20/87,6.13
3/23/87,6.13
3/24/87,6.13
3/25/87,6.13
3/26/87,6.13
3/27/87,6.13
3/30/87,6.13
3/31/87,6.13
4/1/87,6.37
4/2/87,6.37
4/3/87,6.37
4/6/87,6.37
4/7/87,6.37
4/8/87,6.37
4/9/87,6.37
4/10/87,6.37
4/13/87,6.37
4/14/87,6.37
4/15/87,6.37
4/16/87,6.37
4/17/87,6.37
4/20/87,6.37
4/21/87,6.37
4/22/87,6.37
4/23/87,6.37
4/24/87,6.37
4/27/87,6.37
4/28/87,6.37
4/29/87,6.37
4/30/87,6.37
5/1/87,6.85
5/4/87,6.85
5/5/87,6.85
5/6/87,6.85
5/7/87,6.85
5/8/87,6.85
5/11/87,6.85
5/12/87,6.85
5/13/87,6.85
5/14/87,6.85
5/15/87,6.85
5/18/87,6.85
5/19/87,6.85
5/20/87,6.85
5/21/87,6.85
5/22/87,6.85
5/25/87,6.85
5/26/87,6.85
5/27/87,6.85
5/28/87,6.85
5/29/87,6.85
6/1/87,6.73
6/2/87,6.73
6/3/87,6.73
6/4/87,6.73
6/5/87,6.73
6/8/87,6.73
6/9/87,6.73
6/10/87,6.73
6/11/87,6.73
6/12/87,6.73
6/15/87,6.73
6/16/87,6.73
6/17/87,6.73
6/18/87,6.73
6/19/87,6.73
6/22/87,6.73
6/23/87,6.73
6/24/87,6.73
6/25/87,6.73
6/26/87,6.73
6/29/87,6.73
6/30/87,6.73
7/1/87,6.58
7/2/87,6.58
7/3/87,6.58
7/6/87,6.58
7/7/87,6.58
7/8/87,6.58
7/9/87,6.58
7/10/87,6.58
7/13/87,6.58
7/14/87,6.58
7/15/87,6.58
7/16/87,6.58
7/17/87,6.58
7/20/87,6.58
7/21/87,6.58
7/22/87,6.58
7/23/87,6.58
7/24/87,6.58
7/27/87,6.58
7/28/87,6.58
7/29/87,6.58
7/30/87,6.58
7/31/87,6.58
8/3/87,6.73
8/4/87,6.73
8/5/87,6.73
8/6/87,6.73
8/7/87,6.73
8/10/87,6.73
8/11/87,6.73
8/12/87,6.73
8/13/87,6.73
8/14/87,6.73
8/17/87,6.73
8/18/87,6.73
8/19/87,6.73
8/20/87,6.73
8/21/87,6.73
8/24/87,6.73
8/25/87,6.73
8/26/87,6.73
8/27/87,6.73
8/28/87,6.73
8/31/87,6.73
9/1/87,7.22
9/2/87,7.22
9/3/87,7.22
9/4/87,7.22
9/7/87,7.22
9/8/87,7.22
9/9/87,7.22
9/10/87,7.22
9/11/87,7.22
9/14/87,7.22
9/15/87,7.22
9/16/87,7.22
9/17/87,7.22
9/18/87,7.22
9/21/87,7.22
9/22/87,7.22
9/23/87,7.22
9/24/87,7.22
9/25/87,7.22
9/28/87,7.22
9/29/87,7.22
9/30/87,7.22
10/1/87,7.29
10/2/87,7.29
10/5/87,7.29
10/6/87,7.29
10/7/87,7.29
10/8/87,7.29
10/9/87,7.29
10/12/87,7.29
10/13/87,7.29
10/14/87,7.29
10/15/87,7.29
10/16/87,7.29
10/19/87,7.29
10/20/87,7.29
10/21/87,7.29
10/22/87,7.29
10/23/87,7.29
10/26/87,7.29
10/27/87,7.29
10/28/87,7.29
10/29/87,7.29
10/30/87,7.29
11/2/87,6.69
11/3/87,6.69
11/4/87,6.69
11/5/87,6.69
11/6/87,6.69
11/9/87,6.69
11/10/87,6.69
11/11/87,6.69
11/12/87,6.69
11/13/87,6.69
11/16/87,6.69
11/17/87,6.69
11/18/87,6.69
11/19/87,6.69
11/20/87,6.69
11/23/87,6.69
11/24/87,6.69
11/25/87,6.69
11/26/87,6.69
11/27/87,6.69
11/30/87,6.69
12/1/87,6.77
12/2/87,6.77
12/3/87,6.77
12/4/87,6.77
12/7/87,6.77
12/8/87,6.77
12/9/87,6.77
12/10/87,6.77
12/11/87,6.77
12/14/87,6.77
12/15/87,6.77
12/16/87,6.77
12/17/87,6.77
12/18/87,6.77
12/21/87,6.77
12/22/87,6.77
12/23/87,6.77
12/24/87,6.77
12/25/87,6.77
12/28/87,6.77
12/29/87,6.77
12/30/87,6.77
12/31/87,6.77
1/1/88,6.83
1/4/88,6.83
1/5/88,6.83
1/6/88,6.83
1/7/88,6.83
1/8/88,6.83
1/11/88,6.83
1/12/88,6.83
1/13/88,6.83
1/14/88,6.83
1/15/88,6.83
1/18/88,6.83
1/19/88,6.83
1/20/88,6.83
1/21/88,6.83
1/22/88,6.83
1/25/88,6.83
1/26/88,6.83
1/27/88,6.83
1/28/88,6.83
1/29/88,6.83
2/1/88,6.58
2/2/88,6.58
2/3/88,6.58
2/4/88,6.58
2/5/88,6.58
2/8/88,6.58
2/9/88,6.58
2/10/88,6.58
2/11/88,6.58
2/12/88,6.58
2/15/88,6.58
2/16/88,6.58
2/17/88,6.58
2/18/88,6.58
2/19/88,6.58
2/22/88,6.58
2/23/88,6.58
2/24/88,6.58
2/25/88,6.58
2/26/88,6.58
2/29/88,6.58
3/1/88,6.58
3/2/88,6.58
3/3/88,6.58
3/4/88,6.58
3/7/88,6.58
3/8/88,6.58
3/9/88,6.58
3/10/88,6.58
3/11/88,6.58
3/14/88,6.58
3/15/88,6.58
3/16/88,6.58
3/17/88,6.58
3/18/88,6.58
3/21/88,6.58
3/22/88,6.58
3/23/88,6.58
3/24/88,6.58
3/25/88,6.58
3/28/88,6.58
3/29/88,6.58
3/30/88,6.58
3/31/88,6.58
4/1/88,6.87
4/4/88,6.87
4/5/88,6.87
4/6/88,6.87
4/7/88,6.87
4/8/88,6.87
4/11/88,6.87
4/12/88,6.87
4/13/88,6.87
4/14/88,6.87
4/15/88,6.87
4/18/88,6.87
4/19/88,6.87
4/20/88,6.87
4/21/88,6.87
4/22/88,6.87
4/25/88,6.87
4/26/88,6.87
4/27/88,6.87
4/28/88,6.87
4/29/88,6.87
5/2/88,7.09
5/3/88,7.09
5/4/88,7.09
5/5/88,7.09
5/6/88,7.09
5/9/88,7.09
5/10/88,7.09
5/11/88,7.09
5/12/88,7.09
5/13/88,7.09
5/16/88,7.09
5/17/88,7.09
5/18/88,7.09
5/19/88,7.09
5/20/88,7.09
5/23/88,7.09
5/24/88,7.09
5/25/88,7.09
5/26/88,7.09
5/27/88,7.09
5/30/88,7.09
5/31/88,7.09
6/1/88,7.51
6/2/88,7.51
6/3/88,7.51
6/6/88,7.51
6/7/88,7.51
6/8/88,7.51
6/9/88,7.51
6/10/88,7.51
6/13/88,7.51
6/14/88,7.51
6/15/88,7.51
6/16/88,7.51
6/17/88,7.51
6/20/88,7.51
6/21/88,7.51
6/22/88,7.51
6/23/88,7.51
6/24/88,7.51
6/27/88,7.51
6/28/88,7.51
6/29/88,7.51
6/30/88,7.51
7/1/88,7.75
7/4/88,7.75
7/5/88,7.75
7/6/88,7.75
7/7/88,7.75
7/8/88,7.75
7/11/88,7.75
7/12/88,7.75
7/13/88,7.75
7/14/88,7.75
7/15/88,7.75
7/18/88,7.75
7/19/88,7.75
7/20/88,7.75
7/21/88,7.75
7/22/88,7.75
7/25/88,7.75
7/26/88,7.75
7/27/88,7.75
7/28/88,7.75
7/29/88,7.75
8/1/88,8.01
8/2/88,8.01
8/3/88,8.01
8/4/88,8.01
8/5/88,8.01
8/8/88,8.01
8/9/88,8.01
8/10/88,8.01
8/11/88,8.01
8/12/88,8.01
8/15/88,8.01
8/16/88,8.01
8/17/88,8.01
8/18/88,8.01
8/19/88,8.01
8/22/88,8.01
8/23/88,8.01
8/24/88,8.01
8/25/88,8.01
8/26/88,8.01
8/29/88,8.01
8/30/88,8.01
8/31/88,8.01
9/1/88,8.19
9/2/88,8.19
9/5/88,8.19
9/6/88,8.19
9/7/88,8.19
9/8/88,8.19
9/9/88,8.19
9/12/88,8.19
9/13/88,8.19
9/14/88,8.19
9/15/88,8.19
9/16/88,8.19
9/19/88,8.19
9/20/88,8.19
9/21/88,8.19
9/22/88,8.19
9/23/88,8.19
9/26/88,8.19
9/27/88,8.19
9/28/88,8.19
9/29/88,8.19
9/30/88,8.19
10/3/88,8.3
10/4/88,8.3
10/5/88,8.3
10/6/88,8.3
10/7/88,8.3
10/10/88,8.3
10/11/88,8.3
10/12/88,8.3
10/13/88,8.3
10/14/88,8.3
10/17/88,8.3
10/18/88,8.3
10/19/88,8.3
10/20/88,8.3
10/21/88,8.3
10/24/88,8.3
10/25/88,8.3
10/26/88,8.3
10/27/88,8.3
10/28/88,8.3
10/31/88,8.3
11/1/88,8.35
11/2/88,8.35
11/3/88,8.35
11/4/88,8.35
11/7/88,8.35
11/8/88,8.35
11/9/88,8.35
11/10/88,8.35
11/11/88,8.35
11/14/88,8.35
11/15/88,8.35
11/16/88,8.35
11/17/88,8.35
11/18/88,8.35
11/21/88,8.35
11/22/88,8.35
11/23/88,8.35
11/24/88,8.35
11/25/88,8.35
11/28/88,8.35
11/29/88,8.35
11/30/88,8.35
12/1/88,8.76
12/2/88,8.76
12/5/88,8.76
12/6/88,8.76
12/7/88,8.76
12/8/88,8.76
12/9/88,8.76
12/12/88,8.76
12/13/88,8.76
12/14/88,8.76
12/15/88,8.76
12/16/88,8.76
12/19/88,8.76
12/20/88,8.76
12/21/88,8.76
12/22/88,8.76
12/23/88,8.76
12/26/88,8.76
12/27/88,8.76
12/28/88,8.76
12/29/88,8.76
12/30/88,8.76
1/2/89,9.12
1/3/89,9.12
1/4/89,9.12
1/5/89,9.12
1/6/89,9.12
1/9/89,9.12
1/10/89,9.12
1/11/89,9.12
1/12/89,9.12
1/13/89,9.12
1/16/89,9.12
1/17/89,9.12
1/18/89,9.12
1/19/89,9.12
1/20/89,9.12
1/23/89,9.12
1/24/89,9.12
1/25/89,9.12
1/26/89,9.12
1/27/89,9.12
1/30/89,9.12
1/31/89,9.12
2/1/89,9.36
2/2/89,9.36
2/3/89,9.36
2/6/89,9.36
2/7/89,9.36
2/8/89,9.36
2/9/89,9.36
2/10/89,9.36
2/13/89,9.36
2/14/89,9.36
2/15/89,9.36
2/16/89,9.36
2/17/89,9.36
2/20/89,9.36
2/21/89,9.36
2/22/89,9.36
2/23/89,9.36
2/24/89,9.36
2/27/89,9.36
2/28/89,9.36
3/1/89,9.85
3/2/89,9.85
3/3/89,9.85
3/6/89,9.85
3/7/89,9.85
3/8/89,9.85
3/9/89,9.85
3/10/89,9.85
3/13/89,9.85
3/14/89,9.85
3/15/89,9.85
3/16/89,9.85
3/17/89,9.85
3/20/89,9.85
3/21/89,9.85
3/22/89,9.85
3/23/89,9.85
3/24/89,9.85
3/27/89,9.85
3/28/89,9.85
3/29/89,9.85
3/30/89,9.85
3/31/89,9.85
4/3/89,9.84
4/4/89,9.84
4/5/89,9.84
4/6/89,9.84
4/7/89,9.84
4/10/89,9.84
4/11/89,9.84
4/12/89,9.84
4/13/89,9.84
4/14/89,9.84
4/17/89,9.84
4/18/89,9.84
4/19/89,9.84
4/20/89,9.84
4/21/89,9.84
4/24/89,9.84
4/25/89,9.84
4/26/89,9.84
4/27/89,9.84
4/28/89,9.84
5/1/89,9.81
5/2/89,9.81
5/3/89,9.81
5/4/89,9.81
5/5/89,9.81
5/8/89,9.81
5/9/89,9.81
5/10/89,9.81
5/11/89,9.81
5/12/89,9.81
5/15/89,9.81
5/16/89,9.81
5/17/89,9.81
5/18/89,9.81
5/19/89,9.81
5/22/89,9.81
5/23/89,9.81
5/24/89,9.81
5/25/89,9.81
5/26/89,9.81
5/29/89,9.81
5/30/89,9.81
5/31/89,9.81
6/1/89,9.53
6/2/89,9.53
6/5/89,9.53
6/6/89,9.53
6/7/89,9.53
6/8/89,9.53
6/9/89,9.53
6/12/89,9.53
6/13/89,9.53
6/14/89,9.53
6/15/89,9.53
6/16/89,9.53
6/19/89,9.53
6/20/89,9.53
6/21/89,9.53
6/22/89,9.53
6/23/89,9.53
6/26/89,9.53
6/27/89,9.53
6/28/89,9.53
6/29/89,9.53
6/30/89,9.53
7/3/89,9.24
7/4/89,9.24
7/5/89,9.24
7/6/89,9.24
7/7/89,9.24
7/10/89,9.24
7/11/89,9.24
7/12/89,9.24
7/13/89,9.24
7/14/89,9.24
7/17/89,9.24
7/18/89,9.24
7/19/89,9.24
7/20/89,9.24
7/21/89,9.24
7/24/89,9.24
7/25/89,9.24
7/26/89,9.24
7/27/89,9.24
7/28/89,9.24
7/31/89,9.24
8/1/89,8.99
8/2/89,8.99
8/3/89,8.99
8/4/89,8.99
8/7/89,8.99
8/8/89,8.99
8/9/89,8.99
8/10/89,8.99
8/11/89,8.99
8/14/89,8.99
8/15/89,8.99
8/16/89,8.99
8/17/89,8.99
8/18/89,8.99
8/21/89,8.99
8/22/89,8.99
8/23/89,8.99
8/24/89,8.99
8/25/89,8.99
8/28/89,8.99
8/29/89,8.99
8/30/89,8.99
8/31/89,8.99
9/1/89,9.02
9/4/89,9.02
9/5/89,9.02
9/6/89,9.02
9/7/89,9.02
9/8/89,9.02
9/11/89,9.02
9/12/89,9.02
9/13/89,9.02
9/14/89,9.02
9/15/89,9.02
9/18/89,9.02
9/19/89,9.02
9/20/89,9.02
9/21/89,9.02
9/22/89,9.02
9/25/89,9.02
9/26/89,9.02
9/27/89,9.02
9/28/89,9.02
9/29/89,9.02
10/2/89,8.84
10/3/89,8.84
10/4/89,8.84
10/5/89,8.84
10/6/89,8.84
10/9/89,8.84
10/10/89,8.84
10/11/89,8.84
10/12/89,8.84
10/13/89,8.84
10/16/89,8.84
10/17/89,8.84
10/18/89,8.84
10/19/89,8.84
10/20/89,8.84
10/23/89,8.84
10/24/89,8.84
10/25/89,8.84
10/26/89,8.84
10/27/89,8.84
10/30/89,8.84
10/31/89,8.84
11/1/89,8.55
11/2/89,8.55
11/3/89,8.55
11/6/89,8.55
11/7/89,8.55
11/8/89,8.55
11/9/89,8.55
11/10/89,8.55
11/13/89,8.55
11/14/89,8.55
11/15/89,8.55
11/16/89,8.55
11/17/89,8.55
11/20/89,8.55
11/21/89,8.55
11/22/89,8.55
11/23/89,8.55
11/24/89,8.55
11/27/89,8.55
11/28/89,8.55
11/29/89,8.55
11/30/89,8.55
12/1/89,8.45
12/4/89,8.45
12/5/89,8.45
12/6/89,8.45
12/7/89,8.45
12/8/89,8.45
12/11/89,8.45
12/12/89,8.45
12/13/89,8.45
12/14/89,8.45
12/15/89,8.45
12/18/89,8.45
12/19/89,8.45
12/20/89,8.45
12/21/89,8.45
12/22/89,8.45
12/25/89,8.45
12/26/89,8.45
12/27/89,8.45
12/28/89,8.45
12/29/89,8.45
1/1/90,8.23
1/2/90,8.23
1/3/90,8.23
1/4/90,8.23
1/5/90,8.23
1/8/90,8.23
1/9/90,8.23
1/10/90,8.23
1/11/90,8.23
1/12/90,8.23
1/15/90,8.23
1/16/90,8.23
1/17/90,8.23
1/18/90,8.23
1/19/90,8.23
1/22/90,8.23
1/23/90,8.23
1/24/90,8.23
1/25/90,8.23
1/26/90,8.23
1/29/90,8.23
1/30/90,8.23
1/31/90,8.23
2/1/90,8.24
2/2/90,8.24
2/5/90,8.24
2/6/90,8.24
2/7/90,8.24
2/8/90,8.24
2/9/90,8.24
2/12/90,8.24
2/13/90,8.24
2/14/90,8.24
2/15/90,8.24
2/16/90,8.24
2/19/90,8.24
2/20/90,8.24
2/21/90,8.24
2/22/90,8.24
2/23/90,8.24
2/26/90,8.24
2/27/90,8.24
2/28/90,8.24
3/1/90,8.28
3/2/90,8.28
3/5/90,8.28
3/6/90,8.28
3/7/90,8.28
3/8/90,8.28
3/9/90,8.28
3/12/90,8.28
3/13/90,8.28
3/14/90,8.28
3/15/90,8.28
3/16/90,8.28
3/19/90,8.28
3/20/90,8.28
3/21/90,8.28
3/22/90,8.28
3/23/90,8.28
3/26/90,8.28
3/27/90,8.28
3/28/90,8.28
3/29/90,8.28
3/30/90,8.28
4/2/90,8.26
4/3/90,8.26
4/4/90,8.26
4/5/90,8.26
4/6/90,8.26
4/9/90,8.26
4/10/90,8.26
4/11/90,8.26
4/12/90,8.26
4/13/90,8.26
4/16/90,8.26
4/17/90,8.26
4/18/90,8.26
4/19/90,8.26
4/20/90,8.26
4/23/90,8.26
4/24/90,8.26
4/25/90,8.26
4/26/90,8.26
4/27/90,8.26
4/30/90,8.26
5/1/90,8.18
5/2/90,8.18
5/3/90,8.18
5/4/90,8.18
5/7/90,8.18
5/8/90,8.18
5/9/90,8.18
5/10/90,8.18
5/11/90,8.18
5/14/90,8.18
5/15/90,8.18
5/16/90,8.18
5/17/90,8.18
5/18/90,8.18
5/21/90,8.18
5/22/90,8.18
5/23/90,8.18
5/24/90,8.18
5/25/90,8.18
5/28/90,8.18
5/29/90,8.18
5/30/90,8.18
5/31/90,8.18
6/1/90,8.29
6/4/90,8.29
6/5/90,8.29
6/6/90,8.29
6/7/90,8.29
6/8/90,8.29
6/11/90,8.29
6/12/90,8.29
6/13/90,8.29
6/14/90,8.29
6/15/90,8.29
6/18/90,8.29
6/19/90,8.29
6/20/90,8.29
6/21/90,8.29
6/22/90,8.29
6/25/90,8.29
6/26/90,8.29
6/27/90,8.29
6/28/90,8.29
6/29/90,8.29
7/2/90,8.15
7/3/90,8.15
7/4/90,8.15
7/5/90,8.15
7/6/90,8.15
7/9/90,8.15
7/10/90,8.15
7/11/90,8.15
7/12/90,8.15
7/13/90,8.15
7/16/90,8.15
7/17/90,8.15
7/18/90,8.15
7/19/90,8.15
7/20/90,8.15
7/23/90,8.15
7/24/90,8.15
7/25/90,8.15
7/26/90,8.15
7/27/90,8.15
7/30/90,8.15
7/31/90,8.15
8/1/90,8.13
8/2/90,8.13
8/3/90,8.13
8/6/90,8.13
8/7/90,8.13
8/8/90,8.13
8/9/90,8.13
8/10/90,8.13
8/13/90,8.13
8/14/90,8.13
8/15/90,8.13
8/16/90,8.13
8/17/90,8.13
8/20/90,8.13
8/21/90,8.13
8/22/90,8.13
8/23/90,8.13
8/24/90,8.13
8/27/90,8.13
8/28/90,8.13
8/29/90,8.13
8/30/90,8.13
8/31/90,8.13
9/3/90,8.2
9/4/90,8.2
9/5/90,8.2
9/6/90,8.2
9/7/90,8.2
9/10/90,8.2
9/11/90,8.2
9/12/90,8.2
9/13/90,8.2
9/14/90,8.2
9/17/90,8.2
9/18/90,8.2
9/19/90,8.2
9/20/90,8.2
9/21/90,8.2
9/24/90,8.2
9/25/90,8.2
9/26/90,8.2
9/27/90,8.2
9/28/90,8.2
10/1/90,8.11
10/2/90,8.11
10/3/90,8.11
10/4/90,8.11
10/5/90,8.11
10/8/90,8.11
10/9/90,8.11
10/10/90,8.11
10/11/90,8.11
10/12/90,8.11
10/15/90,8.11
10/16/90,8.11
10/17/90,8.11
10/18/90,8.11
10/19/90,8.11
10/22/90,8.11
10/23/90,8.11
10/24/90,8.11
10/25/90,8.11
10/26/90,8.11
10/29/90,8.11
10/30/90,8.11
10/31/90,8.11
11/1/90,7.81
11/2/90,7.81
11/5/90,7.81
11/6/90,7.81
11/7/90,7.81
11/8/90,7.81
11/9/90,7.81
11/12/90,7.81
11/13/90,7.81
11/14/90,7.81
11/15/90,7.81
11/16/90,7.81
11/19/90,7.81
11/20/90,7.81
11/21/90,7.81
11/22/90,7.81
11/23/90,7.81
11/26/90,7.81
11/27/90,7.81
11/28/90,7.81
11/29/90,7.81
11/30/90,7.81
12/3/90,7.31
12/4/90,7.31
12/5/90,7.31
12/6/90,7.31
12/7/90,7.31
12/10/90,7.31
12/11/90,7.31
12/12/90,7.31
12/13/90,7.31
12/14/90,7.31
12/17/90,7.31
12/18/90,7.31
12/19/90,7.31
12/20/90,7.31
12/21/90,7.31
12/24/90,7.31
12/25/90,7.31
12/26/90,7.31
12/27/90,7.31
12/28/90,7.31
12/31/90,7.31
1/1/91,6.91
1/2/91,6.91
1/3/91,6.91
1/4/91,6.91
1/7/91,6.91
1/8/91,6.91
1/9/91,6.91
1/10/91,6.91
1/11/91,6.91
1/14/91,6.91
1/15/91,6.91
1/16/91,6.91
1/17/91,6.91
1/18/91,6.91
1/21/91,6.91
1/22/91,6.91
1/23/91,6.91
1/24/91,6.91
1/25/91,6.91
1/28/91,6.91
1/29/91,6.91
1/30/91,6.91
1/31/91,6.91
2/1/91,6.25
2/4/91,6.25
2/5/91,6.25
2/6/91,6.25
2/7/91,6.25
2/8/91,6.25
2/11/91,6.25
2/12/91,6.25
2/13/91,6.25
2/14/91,6.25
2/15/91,6.25
2/18/91,6.25
2/19/91,6.25
2/20/91,6.25
2/21/91,6.25
2/22/91,6.25
2/25/91,6.25
2/26/91,6.25
2/27/91,6.25
2/28/91,6.25
3/1/91,6.12
3/4/91,6.12
3/5/91,6.12
3/6/91,6.12
3/7/91,6.12
3/8/91,6.12
3/11/91,6.12
3/12/91,6.12
3/13/91,6.12
3/14/91,6.12
3/15/91,6.12
3/18/91,6.12
3/19/91,6.12
3/20/91,6.12
3/21/91,6.12
3/22/91,6.12
3/25/91,6.12
3/26/91,6.12
3/27/91,6.12
3/28/91,6.12
3/29/91,6.12
4/1/91,5.91
4/2/91,5.91
4/3/91,5.91
4/4/91,5.91
4/5/91,5.91
4/8/91,5.91
4/9/91,5.91
4/10/91,5.91
4/11/91,5.91
4/12/91,5.91
4/15/91,5.91
4/16/91,5.91
4/17/91,5.91
4/18/91,5.91
4/19/91,5.91
4/22/91,5.91
4/23/91,5.91
4/24/91,5.91
4/25/91,5.91
4/26/91,5.91
4/29/91,5.91
4/30/91,5.91
5/1/91,5.78
5/2/91,5.78
5/3/91,5.78
5/6/91,5.78
5/7/91,5.78
5/8/91,5.78
5/9/91,5.78
5/10/91,5.78
5/13/91,5.78
5/14/91,5.78
5/15/91,5.78
5/16/91,5.78
5/17/91,5.78
5/20/91,5.78
5/21/91,5.78
5/22/91,5.78
5/23/91,5.78
5/24/91,5.78
5/27/91,5.78
5/28/91,5.78
5/29/91,5.78
5/30/91,5.78
5/31/91,5.78
6/3/91,5.9
6/4/91,5.9
6/5/91,5.9
6/6/91,5.9
6/7/91,5.9
6/10/91,5.9
6/11/91,5.9
6/12/91,5.9
6/13/91,5.9
6/14/91,5.9
6/17/91,5.9
6/18/91,5.9
6/19/91,5.9
6/20/91,5.9
6/21/91,5.9
6/24/91,5.9
6/25/91,5.9
6/26/91,5.9
6/27/91,5.9
6/28/91,5.9
7/1/91,5.82
7/2/91,5.82
7/3/91,5.82
7/4/91,5.82
7/5/91,5.82
7/8/91,5.82
7/9/91,5.82
7/10/91,5.82
7/11/91,5.82
7/12/91,5.82
7/15/91,5.82
7/16/91,5.82
7/17/91,5.82
7/18/91,5.82
7/19/91,5.82
7/22/91,5.82
7/23/91,5.82
7/24/91,5.82
7/25/91,5.82
7/26/91,5.82
7/29/91,5.82
7/30/91,5.82
7/31/91,5.82
8/1/91,5.66
8/2/91,5.66
8/5/91,5.66
8/6/91,5.66
8/7/91,5.66
8/8/91,5.66
8/9/91,5.66
8/12/91,5.66
8/13/91,5.66
8/14/91,5.66
8/15/91,5.66
8/16/91,5.66
8/19/91,5.66
8/20/91,5.66
8/21/91,5.66
8/22/91,5.66
8/23/91,5.66
8/26/91,5.66
8/27/91,5.66
8/28/91,5.66
8/29/91,5.66
8/30/91,5.66
9/2/91,5.45
9/3/91,5.45
9/4/91,5.45
9/5/91,5.45
9/6/91,5.45
9/9/91,5.45
9/10/91,5.45
9/11/91,5.45
9/12/91,5.45
9/13/91,5.45
9/16/91,5.45
9/17/91,5.45
9/18/91,5.45
9/19/91,5.45
9/20/91,5.45
9/23/91,5.45
9/24/91,5.45
9/25/91,5.45
9/26/91,5.45
9/27/91,5.45
9/30/91,5.45
10/1/91,5.21
10/2/91,5.21
10/3/91,5.21
10/4/91,5.21
10/7/91,5.21
10/8/91,5.21
10/9/91,5.21
10/10/91,5.21
10/11/91,5.21
10/14/91,5.21
10/15/91,5.21
10/16/91,5.21
10/17/91,5.21
10/18/91,5.21
10/21/91,5.21
10/22/91,5.21
10/23/91,5.21
10/24/91,5.21
10/25/91,5.21
10/28/91,5.21
10/29/91,5.21
10/30/91,5.21
10/31/91,5.21
11/1/91,4.81
11/4/91,4.81
11/5/91,4.81
11/6/91,4.81
11/7/91,4.81
11/8/91,4.81
11/11/91,4.81
11/12/91,4.81
11/13/91,4.81
11/14/91,4.81
11/15/91,4.81
11/18/91,4.81
11/19/91,4.81
11/20/91,4.81
11/21/91,4.81
11/22/91,4.81
11/25/91,4.81
11/26/91,4.81
11/27/91,4.81
11/28/91,4.81
11/29/91,4.81
12/2/91,4.43
12/3/91,4.43
12/4/91,4.43
12/5/91,4.43
12/6/91,4.43
12/9/91,4.43
12/10/91,4.43
12/11/91,4.43
12/12/91,4.43
12/13/91,4.43
12/16/91,4.43
12/17/91,4.43
12/18/91,4.43
12/19/91,4.43
12/20/91,4.43
12/23/91,4.43
12/24/91,4.43
12/25/91,4.43
12/26/91,4.43
12/27/91,4.43
12/30/91,4.43
12/31/91,4.43
1/1/92,4.03
1/2/92,4.03
1/3/92,4.03
1/6/92,4.03
1/7/92,4.03
1/8/92,4.03
1/9/92,4.03
1/10/92,4.03
1/13/92,4.03
1/14/92,4.03
1/15/92,4.03
1/16/92,4.03
1/17/92,4.03
1/20/92,4.03
1/21/92,4.03
1/22/92,4.03
1/23/92,4.03
1/24/92,4.03
1/27/92,4.03
1/28/92,4.03
1/29/92,4.03
1/30/92,4.03
1/31/92,4.03
2/3/92,4.06
2/4/92,4.06
2/5/92,4.06
2/6/92,4.06
2/7/92,4.06
2/10/92,4.06
2/11/92,4.06
2/12/92,4.06
2/13/92,4.06
2/14/92,4.06
2/17/92,4.06
2/18/92,4.06
2/19/92,4.06
2/20/92,4.06
2/21/92,4.06
2/24/92,4.06
2/25/92,4.06
2/26/92,4.06
2/27/92,4.06
2/28/92,4.06
3/2/92,3.98
3/3/92,3.98
3/4/92,3.98
3/5/92,3.98
3/6/92,3.98
3/9/92,3.98
3/10/92,3.98
3/11/92,3.98
3/12/92,3.98
3/13/92,3.98
3/16/92,3.98
3/17/92,3.98
3/18/92,3.98
3/19/92,3.98
3/20/92,3.98
3/23/92,3.98
3/24/92,3.98
3/25/92,3.98
3/26/92,3.98
3/27/92,3.98
3/30/92,3.98
3/31/92,3.98
4/1/92,3.73
4/2/92,3.73
4/3/92,3.73
4/6/92,3.73
4/7/92,3.73
4/8/92,3.73
4/9/92,3.73
4/10/92,3.73
4/13/92,3.73
4/14/92,3.73
4/15/92,3.73
4/16/92,3.73
4/17/92,3.73
4/20/92,3.73
4/21/92,3.73
4/22/92,3.73
4/23/92,3.73
4/24/92,3.73
4/27/92,3.73
4/28/92,3.73
4/29/92,3.73
4/30/92,3.73
5/1/92,3.82
5/4/92,3.82
5/5/92,3.82
5/6/92,3.82
5/7/92,3.82
5/8/92,3.82
5/11/92,3.82
5/12/92,3.82
5/13/92,3.82
5/14/92,3.82
5/15/92,3.82
5/18/92,3.82
5/19/92,3.82
5/20/92,3.82
5/21/92,3.82
5/22/92,3.82
5/25/92,3.82
5/26/92,3.82
5/27/92,3.82
5/28/92,3.82
5/29/92,3.82
6/1/92,3.76
6/2/92,3.76
6/3/92,3.76
6/4/92,3.76
6/5/92,3.76
6/8/92,3.76
6/9/92,3.76
6/10/92,3.76
6/11/92,3.76
6/12/92,3.76
6/15/92,3.76
6/16/92,3.76
6/17/92,3.76
6/18/92,3.76
6/19/92,3.76
6/22/92,3.76
6/23/92,3.76
6/24/92,3.76
6/25/92,3.76
6/26/92,3.76
6/29/92,3.76
6/30/92,3.76
7/1/92,3.25
7/2/92,3.25
7/3/92,3.25
7/6/92,3.25
7/7/92,3.25
7/8/92,3.25
7/9/92,3.25
7/10/92,3.25
7/13/92,3.25
7/14/92,3.25
7/15/92,3.25
7/16/92,3.25
7/17/92,3.25
7/20/92,3.25
7/21/92,3.25
7/22/92,3.25
7/23/92,3.25
7/24/92,3.25
7/27/92,3.25
7/28/92,3.25
7/29/92,3.25
7/30/92,3.25
7/31/92,3.25
8/3/92,3.3
8/4/92,3.3
8/5/92,3.3
8/6/92,3.3
8/7/92,3.3
8/10/92,3.3
8/11/92,3.3
8/12/92,3.3
8/13/92,3.3
8/14/92,3.3
8/17/92,3.3
8/18/92,3.3
8/19/92,3.3
8/20/92,3.3
8/21/92,3.3
8/24/92,3.3
8/25/92,3.3
8/26/92,3.3
8/27/92,3.3
8/28/92,3.3
8/31/92,3.3
9/1/92,3.22
9/2/92,3.22
9/3/92,3.22
9/4/92,3.22
9/7/92,3.22
9/8/92,3.22
9/9/92,3.22
9/10/92,3.22
9/11/92,3.22
9/14/92,3.22
9/15/92,3.22
9/16/92,3.22
9/17/92,3.22
9/18/92,3.22
9/21/92,3.22
9/22/92,3.22
9/23/92,3.22
9/24/92,3.22
9/25/92,3.22
9/28/92,3.22
9/29/92,3.22
9/30/92,3.22
10/1/92,3.1
10/2/92,3.1
10/5/92,3.1
10/6/92,3.1
10/7/92,3.1
10/8/92,3.1
10/9/92,3.1
10/12/92,3.1
10/13/92,3.1
10/14/92,3.1
10/15/92,3.1
10/16/92,3.1
10/19/92,3.1
10/20/92,3.1
10/21/92,3.1
10/22/92,3.1
10/23/92,3.1
10/26/92,3.1
10/27/92,3.1
10/28/92,3.1
10/29/92,3.1
10/30/92,3.1
11/2/92,3.09
11/3/92,3.09
11/4/92,3.09
11/5/92,3.09
11/6/92,3.09
11/9/92,3.09
11/10/92,3.09
11/11/92,3.09
11/12/92,3.09
11/13/92,3.09
11/16/92,3.09
11/17/92,3.09
11/18/92,3.09
11/19/92,3.09
11/20/92,3.09
11/23/92,3.09
11/24/92,3.09
11/25/92,3.09
11/26/92,3.09
11/27/92,3.09
11/30/92,3.09
12/1/92,2.92
12/2/92,2.92
12/3/92,2.92
12/4/92,2.92
12/7/92,2.92
12/8/92,2.92
12/9/92,2.92
12/10/92,2.92
12/11/92,2.92
12/14/92,2.92
12/15/92,2.92
12/16/92,2.92
12/17/92,2.92
12/18/92,2.92
12/21/92,2.92
12/22/92,2.92
12/23/92,2.92
12/24/92,2.92
12/25/92,2.92
12/28/92,2.92
12/29/92,2.92
12/30/92,2.92
12/31/92,2.92
1/1/93,3.02
1/4/93,3.02
1/5/93,3.02
1/6/93,3.02
1/7/93,3.02
1/8/93,3.02
1/11/93,3.02
1/12/93,3.02
1/13/93,3.02
1/14/93,3.02
1/15/93,3.02
1/18/93,3.02
1/19/93,3.02
1/20/93,3.02
1/21/93,3.02
1/22/93,3.02
1/25/93,3.02
1/26/93,3.02
1/27/93,3.02
1/28/93,3.02
1/29/93,3.02
2/1/93,3.03
2/2/93,3.03
2/3/93,3.03
2/4/93,3.03
2/5/93,3.03
2/8/93,3.03
2/9/93,3.03
2/10/93,3.03
2/11/93,3.03
2/12/93,3.03
2/15/93,3.03
2/16/93,3.03
2/17/93,3.03
2/18/93,3.03
2/19/93,3.03
2/22/93,3.03
2/23/93,3.03
2/24/93,3.03
2/25/93,3.03
2/26/93,3.03
3/1/93,3.07
3/2/93,3.07
3/3/93,3.07
3/4/93,3.07
3/5/93,3.07
3/8/93,3.07
3/9/93,3.07
3/10/93,3.07
3/11/93,3.07
3/12/93,3.07
3/15/93,3.07
3/16/93,3.07
3/17/93,3.07
3/18/93,3.07
3/19/93,3.07
3/22/93,3.07
3/23/93,3.07
3/24/93,3.07
3/25/93,3.07
3/26/93,3.07
3/29/93,3.07
3/30/93,3.07
3/31/93,3.07
4/1/93,2.96
4/2/93,2.96
4/5/93,2.96
4/6/93,2.96
4/7/93,2.96
4/8/93,2.96
4/9/93,2.96
4/12/93,2.96
4/13/93,2.96
4/14/93,2.96
4/15/93,2.96
4/16/93,2.96
4/19/93,2.96
4/20/93,2.96
4/21/93,2.96
4/22/93,2.96
4/23/93,2.96
4/26/93,2.96
4/27/93,2.96
4/28/93,2.96
4/29/93,2.96
4/30/93,2.96
5/3/93,3
5/4/93,3
5/5/93,3
5/6/93,3
5/7/93,3
5/10/93,3
5/11/93,3
5/12/93,3
5/13/93,3
5/14/93,3
5/17/93,3
5/18/93,3
5/19/93,3
5/20/93,3
5/21/93,3
5/24/93,3
5/25/93,3
5/26/93,3
5/27/93,3
5/28/93,3
5/31/93,3
6/1/93,3.04
6/2/93,3.04
6/3/93,3.04
6/4/93,3.04
6/7/93,3.04
6/8/93,3.04
6/9/93,3.04
6/10/93,3.04
6/11/93,3.04
6/14/93,3.04
6/15/93,3.04
6/16/93,3.04
6/17/93,3.04
6/18/93,3.04
6/21/93,3.04
6/22/93,3.04
6/23/93,3.04
6/24/93,3.04
6/25/93,3.04
6/28/93,3.04
6/29/93,3.04
6/30/93,3.04
7/1/93,3.06
7/2/93,3.06
7/5/93,3.06
7/6/93,3.06
7/7/93,3.06
7/8/93,3.06
7/9/93,3.06
7/12/93,3.06
7/13/93,3.06
7/14/93,3.06
7/15/93,3.06
7/16/93,3.06
7/19/93,3.06
7/20/93,3.06
7/21/93,3.06
7/22/93,3.06
7/23/93,3.06
7/26/93,3.06
7/27/93,3.06
7/28/93,3.06
7/29/93,3.06
7/30/93,3.06
8/2/93,3.03
8/3/93,3.03
8/4/93,3.03
8/5/93,3.03
8/6/93,3.03
8/9/93,3.03
8/10/93,3.03
8/11/93,3.03
8/12/93,3.03
8/13/93,3.03
8/16/93,3.03
8/17/93,3.03
8/18/93,3.03
8/19/93,3.03
8/20/93,3.03
8/23/93,3.03
8/24/93,3.03
8/25/93,3.03
8/26/93,3.03
8/27/93,3.03
8/30/93,3.03
8/31/93,3.03
9/1/93,3.09
9/2/93,3.09
9/3/93,3.09
9/6/93,3.09
9/7/93,3.09
9/8/93,3.09
9/9/93,3.09
9/10/93,3.09
9/13/93,3.09
9/14/93,3.09
9/15/93,3.09
9/16/93,3.09
9/17/93,3.09
9/20/93,3.09
9/21/93,3.09
9/22/93,3.09
9/23/93,3.09
9/24/93,3.09
9/27/93,3.09
9/28/93,3.09
9/29/93,3.09
9/30/93,3.09
10/1/93,2.99
10/4/93,2.99
10/5/93,2.99
10/6/93,2.99
10/7/93,2.99
10/8/93,2.99
10/11/93,2.99
10/12/93,2.99
10/13/93,2.99
10/14/93,2.99
10/15/93,2.99
10/18/93,2.99
10/19/93,2.99
10/20/93,2.99
10/21/93,2.99
10/22/93,2.99
10/25/93,2.99
10/26/93,2.99
10/27/93,2.99
10/28/93,2.99
10/29/93,2.99
11/1/93,3.02
11/2/93,3.02
11/3/93,3.02
11/4/93,3.02
11/5/93,3.02
11/8/93,3.02
11/9/93,3.02
11/10/93,3.02
11/11/93,3.02
11/12/93,3.02
11/15/93,3.02
11/16/93,3.02
11/17/93,3.02
11/18/93,3.02
11/19/93,3.02
11/22/93,3.02
11/23/93,3.02
11/24/93,3.02
11/25/93,3.02
11/26/93,3.02
11/29/93,3.02
11/30/93,3.02
12/1/93,2.96
12/2/93,2.96
12/3/93,2.96
12/6/93,2.96
12/7/93,2.96
12/8/93,2.96
12/9/93,2.96
12/10/93,2.96
12/13/93,2.96
12/14/93,2.96
12/15/93,2.96
12/16/93,2.96
12/17/93,2.96
12/20/93,2.96
12/21/93,2.96
12/22/93,2.96
12/23/93,2.96
12/24/93,2.96
12/27/93,2.96
12/28/93,2.96
12/29/93,2.96
12/30/93,2.96
12/31/93,2.96
1/3/94,3.05
1/4/94,3.05
1/5/94,3.05
1/6/94,3.05
1/7/94,3.05
1/10/94,3.05
1/11/94,3.05
1/12/94,3.05
1/13/94,3.05
1/14/94,3.05
1/17/94,3.05
1/18/94,3.05
1/19/94,3.05
1/20/94,3.05
1/21/94,3.05
1/24/94,3.05
1/25/94,3.05
1/26/94,3.05
1/27/94,3.05
1/28/94,3.05
1/31/94,3.05
2/1/94,3.25
2/2/94,3.25
2/3/94,3.25
2/4/94,3.25
2/7/94,3.25
2/8/94,3.25
2/9/94,3.25
2/10/94,3.25
2/11/94,3.25
2/14/94,3.25
2/15/94,3.25
2/16/94,3.25
2/17/94,3.25
2/18/94,3.25
2/21/94,3.25
2/22/94,3.25
2/23/94,3.25
2/24/94,3.25
2/25/94,3.25
2/28/94,3.25
3/1/94,3.34
3/2/94,3.34
3/3/94,3.34
3/4/94,3.34
3/7/94,3.34
3/8/94,3.34
3/9/94,3.34
3/10/94,3.34
3/11/94,3.34
3/14/94,3.34
3/15/94,3.34
3/16/94,3.34
3/17/94,3.34
3/18/94,3.34
3/21/94,3.34
3/22/94,3.34
3/23/94,3.34
3/24/94,3.34
3/25/94,3.34
3/28/94,3.34
3/29/94,3.34
3/30/94,3.34
3/31/94,3.34
4/1/94,3.56
4/4/94,3.56
4/5/94,3.56
4/6/94,3.56
4/7/94,3.56
4/8/94,3.56
4/11/94,3.56
4/12/94,3.56
4/13/94,3.56
4/14/94,3.56
4/15/94,3.56
4/18/94,3.56
4/19/94,3.56
4/20/94,3.56
4/21/94,3.56
4/22/94,3.56
4/25/94,3.56
4/26/94,3.56
4/27/94,3.56
4/28/94,3.56
4/29/94,3.56
5/2/94,4.01
5/3/94,4.01
5/4/94,4.01
5/5/94,4.01
5/6/94,4.01
5/9/94,4.01
5/10/94,4.01
5/11/94,4.01
5/12/94,4.01
5/13/94,4.01
5/16/94,4.01
5/17/94,4.01
5/18/94,4.01
5/19/94,4.01
5/20/94,4.01
5/23/94,4.01
5/24/94,4.01
5/25/94,4.01
5/26/94,4.01
5/27/94,4.01
5/30/94,4.01
5/31/94,4.01
6/1/94,4.25
6/2/94,4.25
6/3/94,4.25
6/6/94,4.25
6/7/94,4.25
6/8/94,4.25
6/9/94,4.25
6/10/94,4.25
6/13/94,4.25
6/14/94,4.25
6/15/94,4.25
6/16/94,4.25
6/17/94,4.25
6/20/94,4.25
6/21/94,4.25
6/22/94,4.25
6/23/94,4.25
6/24/94,4.25
6/27/94,4.25
6/28/94,4.25
6/29/94,4.25
6/30/94,4.25
7/1/94,4.26
7/4/94,4.26
7/5/94,4.26
7/6/94,4.26
7/7/94,4.26
7/8/94,4.26
7/11/94,4.26
7/12/94,4.26
7/13/94,4.26
7/14/94,4.26
7/15/94,4.26
7/18/94,4.26
7/19/94,4.26
7/20/94,4.26
7/21/94,4.26
7/22/94,4.26
7/25/94,4.26
7/26/94,4.26
7/27/94,4.26
7/28/94,4.26
7/29/94,4.26
8/1/94,4.47
8/2/94,4.47
8/3/94,4.47
8/4/94,4.47
8/5/94,4.47
8/8/94,4.47
8/9/94,4.47
8/10/94,4.47
8/11/94,4.47
8/12/94,4.47
8/15/94,4.47
8/16/94,4.47
8/17/94,4.47
8/18/94,4.47
8/19/94,4.47
8/22/94,4.47
8/23/94,4.47
8/24/94,4.47
8/25/94,4.47
8/26/94,4.47
8/29/94,4.47
8/30/94,4.47
8/31/94,4.47
9/1/94,4.73
9/2/94,4.73
9/5/94,4.73
9/6/94,4.73
9/7/94,4.73
9/8/94,4.73
9/9/94,4.73
9/12/94,4.73
9/13/94,4.73
9/14/94,4.73
9/15/94,4.73
9/16/94,4.73
9/19/94,4.73
9/20/94,4.73
9/21/94,4.73
9/22/94,4.73
9/23/94,4.73
9/26/94,4.73
9/27/94,4.73
9/28/94,4.73
9/29/94,4.73
9/30/94,4.73
10/3/94,4.76
10/4/94,4.76
10/5/94,4.76
10/6/94,4.76
10/7/94,4.76
10/10/94,4.76
10/11/94,4.76
10/12/94,4.76
10/13/94,4.76
10/14/94,4.76
10/17/94,4.76
10/18/94,4.76
10/19/94,4.76
10/20/94,4.76
10/21/94,4.76
10/24/94,4.76
10/25/94,4.76
10/26/94,4.76
10/27/94,4.76
10/28/94,4.76
10/31/94,4.76
11/1/94,5.29
11/2/94,5.29
11/3/94,5.29
11/4/94,5.29
11/7/94,5.29
11/8/94,5.29
11/9/94,5.29
11/10/94,5.29
11/11/94,5.29
11/14/94,5.29
11/15/94,5.29
11/16/94,5.29
11/17/94,5.29
11/18/94,5.29
11/21/94,5.29
11/22/94,5.29
11/23/94,5.29
11/24/94,5.29
11/25/94,5.29
11/28/94,5.29
11/29/94,5.29
11/30/94,5.29
12/1/94,5.45
12/2/94,5.45
12/5/94,5.45
12/6/94,5.45
12/7/94,5.45
12/8/94,5.45
12/9/94,5.45
12/12/94,5.45
12/13/94,5.45
12/14/94,5.45
12/15/94,5.45
12/16/94,5.45
12/19/94,5.45
12/20/94,5.45
12/21/94,5.45
12/22/94,5.45
12/23/94,5.45
12/26/94,5.45
12/27/94,5.45
12/28/94,5.45
12/29/94,5.45
12/30/94,5.45
1/2/95,5.53
1/3/95,5.53
1/4/95,5.53
1/5/95,5.53
1/6/95,5.53
1/9/95,5.53
1/10/95,5.53
1/11/95,5.53
1/12/95,5.53
1/13/95,5.53
1/16/95,5.53
1/17/95,5.53
1/18/95,5.53
1/19/95,5.53
1/20/95,5.53
1/23/95,5.53
1/24/95,5.53
1/25/95,5.53
1/26/95,5.53
1/27/95,5.53
1/30/95,5.53
1/31/95,5.53
2/1/95,5.92
2/2/95,5.92
2/3/95,5.92
2/6/95,5.92
2/7/95,5.92
2/8/95,5.92
2/9/95,5.92
2/10/95,5.92
2/13/95,5.92
2/14/95,5.92
2/15/95,5.92
2/16/95,5.92
2/17/95,5.92
2/20/95,5.92
2/21/95,5.92
2/22/95,5.92
2/23/95,5.92
2/24/95,5.92
2/27/95,5.92
2/28/95,5.92
3/1/95,5.98
3/2/95,5.98
3/3/95,5.98
3/6/95,5.98
3/7/95,5.98
3/8/95,5.98
3/9/95,5.98
3/10/95,5.98
3/13/95,5.98
3/14/95,5.98
3/15/95,5.98
3/16/95,5.98
3/17/95,5.98
3/20/95,5.98
3/21/95,5.98
3/22/95,5.98
3/23/95,5.98
3/24/95,5.98
3/27/95,5.98
3/28/95,5.98
3/29/95,5.98
3/30/95,5.98
3/31/95,5.98
4/3/95,6.05
4/4/95,6.05
4/5/95,6.05
4/6/95,6.05
4/7/95,6.05
4/10/95,6.05
4/11/95,6.05
4/12/95,6.05
4/13/95,6.05
4/14/95,6.05
4/17/95,6.05
4/18/95,6.05
4/19/95,6.05
4/20/95,6.05
4/21/95,6.05
4/24/95,6.05
4/25/95,6.05
4/26/95,6.05
4/27/95,6.05
4/28/95,6.05
5/1/95,6.01
5/2/95,6.01
5/3/95,6.01
5/4/95,6.01
5/5/95,6.01
5/8/95,6.01
5/9/95,6.01
5/10/95,6.01
5/11/95,6.01
5/12/95,6.01
5/15/95,6.01
5/16/95,6.01
5/17/95,6.01
5/18/95,6.01
5/19/95,6.01
5/22/95,6.01
5/23/95,6.01
5/24/95,6.01
5/25/95,6.01
5/26/95,6.01
5/29/95,6.01
5/30/95,6.01
5/31/95,6.01
6/1/95,6
6/2/95,6
6/5/95,6
6/6/95,6
6/7/95,6
6/8/95,6
6/9/95,6
6/12/95,6
6/13/95,6
6/14/95,6
6/15/95,6
6/16/95,6
6/19/95,6
6/20/95,6
6/21/95,6
6/22/95,6
6/23/95,6
6/26/95,6
6/27/95,6
6/28/95,6
6/29/95,6
6/30/95,6
7/3/95,5.85
7/4/95,5.85
7/5/95,5.85
7/6/95,5.85
7/7/95,5.85
7/10/95,5.85
7/11/95,5.85
7/12/95,5.85
7/13/95,5.85
7/14/95,5.85
7/17/95,5.85
7/18/95,5.85
7/19/95,5.85
7/20/95,5.85
7/21/95,5.85
7/24/95,5.85
7/25/95,5.85
7/26/95,5.85
7/27/95,5.85
7/28/95,5.85
7/31/95,5.85
8/1/95,5.74
8/2/95,5.74
8/3/95,5.74
8/4/95,5.74
8/7/95,5.74
8/8/95,5.74
8/9/95,5.74
8/10/95,5.74
8/11/95,5.74
8/14/95,5.74
8/15/95,5.74
8/16/95,5.74
8/17/95,5.74
8/18/95,5.74
8/21/95,5.74
8/22/95,5.74
8/23/95,5.74
8/24/95,5.74
8/25/95,5.74
8/28/95,5.74
8/29/95,5.74
8/30/95,5.74
8/31/95,5.74
9/1/95,5.8
9/4/95,5.8
9/5/95,5.8
9/6/95,5.8
9/7/95,5.8
9/8/95,5.8
9/11/95,5.8
9/12/95,5.8
9/13/95,5.8
9/14/95,5.8
9/15/95,5.8
9/18/95,5.8
9/19/95,5.8
9/20/95,5.8
9/21/95,5.8
9/22/95,5.8
9/25/95,5.8
9/26/95,5.8
9/27/95,5.8
9/28/95,5.8
9/29/95,5.8
10/2/95,5.76
10/3/95,5.76
10/4/95,5.76
10/5/95,5.76
10/6/95,5.76
10/9/95,5.76
10/10/95,5.76
10/11/95,5.76
10/12/95,5.76
10/13/95,5.76
10/16/95,5.76
10/17/95,5.76
10/18/95,5.76
10/19/95,5.76
10/20/95,5.76
10/23/95,5.76
10/24/95,5.76
10/25/95,5.76
10/26/95,5.76
10/27/95,5.76
10/30/95,5.76
10/31/95,5.76
11/1/95,5.8
11/2/95,5.8
11/3/95,5.8
11/6/95,5.8
11/7/95,5.8
11/8/95,5.8
11/9/95,5.8
11/10/95,5.8
11/13/95,5.8
11/14/95,5.8
11/15/95,5.8
11/16/95,5.8
11/17/95,5.8
11/20/95,5.8
11/21/95,5.8
11/22/95,5.8
11/23/95,5.8
11/24/95,5.8
11/27/95,5.8
11/28/95,5.8
11/29/95,5.8
11/30/95,5.8
12/1/95,5.6
12/4/95,5.6
12/5/95,5.6
12/6/95,5.6
12/7/95,5.6
12/8/95,5.6
12/11/95,5.6
12/12/95,5.6
12/13/95,5.6
12/14/95,5.6
12/15/95,5.6
12/18/95,5.6
12/19/95,5.6
12/20/95,5.6
12/21/95,5.6
12/22/95,5.6
12/25/95,5.6
12/26/95,5.6
12/27/95,5.6
12/28/95,5.6
12/29/95,5.6
1/1/96,5.56
1/2/96,5.56
1/3/96,5.56
1/4/96,5.56
1/5/96,5.56
1/8/96,5.56
1/9/96,5.56
1/10/96,5.56
1/11/96,5.56
1/12/96,5.56
1/15/96,5.56
1/16/96,5.56
1/17/96,5.56
1/18/96,5.56
1/19/96,5.56
1/22/96,5.56
1/23/96,5.56
1/24/96,5.56
1/25/96,5.56
1/26/96,5.56
1/29/96,5.56
1/30/96,5.56
1/31/96,5.56
2/1/96,5.22
2/2/96,5.22
2/5/96,5.22
2/6/96,5.22
2/7/96,5.22
2/8/96,5.22
2/9/96,5.22
2/12/96,5.22
2/13/96,5.22
2/14/96,5.22
2/15/96,5.22
2/16/96,5.22
2/19/96,5.22
2/20/96,5.22
2/21/96,5.22
2/22/96,5.22
2/23/96,5.22
2/26/96,5.22
2/27/96,5.22
2/28/96,5.22
2/29/96,5.22
3/1/96,5.31
3/4/96,5.31
3/5/96,5.31
3/6/96,5.31
3/7/96,5.31
3/8/96,5.31
3/11/96,5.31
3/12/96,5.31
3/13/96,5.31
3/14/96,5.31
3/15/96,5.31
3/18/96,5.31
3/19/96,5.31
3/20/96,5.31
3/21/96,5.31
3/22/96,5.31
3/25/96,5.31
3/26/96,5.31
3/27/96,5.31
3/28/96,5.31
3/29/96,5.31
4/1/96,5.22
4/2/96,5.22
4/3/96,5.22
4/4/96,5.22
4/5/96,5.22
4/8/96,5.22
4/9/96,5.22
4/10/96,5.22
4/11/96,5.22
4/12/96,5.22
4/15/96,5.22
4/16/96,5.22
4/17/96,5.22
4/18/96,5.22
4/19/96,5.22
4/22/96,5.22
4/23/96,5.22
4/24/96,5.22
4/25/96,5.22
4/26/96,5.22
4/29/96,5.22
4/30/96,5.22
5/1/96,5.24
5/2/96,5.24
5/3/96,5.24
5/6/96,5.24
5/7/96,5.24
5/8/96,5.24
5/9/96,5.24
5/10/96,5.24
5/13/96,5.24
5/14/96,5.24
5/15/96,5.24
5/16/96,5.24
5/17/96,5.24
5/20/96,5.24
5/21/96,5.24
5/22/96,5.24
5/23/96,5.24
5/24/96,5.24
5/27/96,5.24
5/28/96,5.24
5/29/96,5.24
5/30/96,5.24
5/31/96,5.24
6/3/96,5.27
6/4/96,5.27
6/5/96,5.27
6/6/96,5.27
6/7/96,5.27
6/10/96,5.27
6/11/96,5.27
6/12/96,5.27
6/13/96,5.27
6/14/96,5.27
6/17/96,5.27
6/18/96,5.27
6/19/96,5.27
6/20/96,5.27
6/21/96,5.27
6/24/96,5.27
6/25/96,5.27
6/26/96,5.27
6/27/96,5.27
6/28/96,5.27
7/1/96,5.4
7/2/96,5.4
7/3/96,5.4
7/4/96,5.4
7/5/96,5.4
7/8/96,5.4
7/9/96,5.4
7/10/96,5.4
7/11/96,5.4
7/12/96,5.4
7/15/96,5.4
7/16/96,5.4
7/17/96,5.4
7/18/96,5.4
7/19/96,5.4
7/22/96,5.4
7/23/96,5.4
7/24/96,5.4
7/25/96,5.4
7/26/96,5.4
7/29/96,5.4
7/30/96,5.4
7/31/96,5.4
8/1/96,5.22
8/2/96,5.22
8/5/96,5.22
8/6/96,5.22
8/7/96,5.22
8/8/96,5.22
8/9/96,5.22
8/12/96,5.22
8/13/96,5.22
8/14/96,5.22
8/15/96,5.22
8/16/96,5.22
8/19/96,5.22
8/20/96,5.22
8/21/96,5.22
8/22/96,5.22
8/23/96,5.22
8/26/96,5.22
8/27/96,5.22
8/28/96,5.22
8/29/96,5.22
8/30/96,5.22
9/2/96,5.3
9/3/96,5.3
9/4/96,5.3
9/5/96,5.3
9/6/96,5.3
9/9/96,5.3
9/10/96,5.3
9/11/96,5.3
9/12/96,5.3
9/13/96,5.3
9/16/96,5.3
9/17/96,5.3
9/18/96,5.3
9/19/96,5.3
9/20/96,5.3
9/23/96,5.3
9/24/96,5.3
9/25/96,5.3
9/26/96,5.3
9/27/96,5.3
9/30/96,5.3
10/1/96,5.24
10/2/96,5.24
10/3/96,5.24
10/4/96,5.24
10/7/96,5.24
10/8/96,5.24
10/9/96,5.24
10/10/96,5.24
10/11/96,5.24
10/14/96,5.24
10/15/96,5.24
10/16/96,5.24
10/17/96,5.24
10/18/96,5.24
10/21/96,5.24
10/22/96,5.24
10/23/96,5.24
10/24/96,5.24
10/25/96,5.24
10/28/96,5.24
10/29/96,5.24
10/30/96,5.24
10/31/96,5.24
11/1/96,5.31
11/4/96,5.31
11/5/96,5.31
11/6/96,5.31
11/7/96,5.31
11/8/96,5.31
11/11/96,5.31
11/12/96,5.31
11/13/96,5.31
11/14/96,5.31
11/15/96,5.31
11/18/96,5.31
11/19/96,5.31
11/20/96,5.31
11/21/96,5.31
11/22/96,5.31
11/25/96,5.31
11/26/96,5.31
11/27/96,5.31
11/28/96,5.31
11/29/96,5.31
12/2/96,5.29
12/3/96,5.29
12/4/96,5.29
12/5/96,5.29
12/6/96,5.29
12/9/96,5.29
12/10/96,5.29
12/11/96,5.29
12/12/96,5.29
12/13/96,5.29
12/16/96,5.29
12/17/96,5.29
12/18/96,5.29
12/19/96,5.29
12/20/96,5.29
12/23/96,5.29
12/24/96,5.29
12/25/96,5.29
12/26/96,5.29
12/27/96,5.29
12/30/96,5.29
12/31/96,5.29
1/1/97,5.25
1/2/97,5.25
1/3/97,5.25
1/6/97,5.25
1/7/97,5.25
1/8/97,5.25
1/9/97,5.25
1/10/97,5.25
1/13/97,5.25
1/14/97,5.25
1/15/97,5.25
1/16/97,5.25
1/17/97,5.25
1/20/97,5.25
1/21/97,5.25
1/22/97,5.25
1/23/97,5.25
1/24/97,5.25
1/27/97,5.25
1/28/97,5.25
1/29/97,5.25
1/30/97,5.25
1/31/97,5.25
2/3/97,5.19
2/4/97,5.19
2/5/97,5.19
2/6/97,5.19
2/7/97,5.19
2/10/97,5.19
2/11/97,5.19
2/12/97,5.19
2/13/97,5.19
2/14/97,5.19
2/17/97,5.19
2/18/97,5.19
2/19/97,5.19
2/20/97,5.19
2/21/97,5.19
2/24/97,5.19
2/25/97,5.19
2/26/97,5.19
2/27/97,5.19
2/28/97,5.19
3/3/97,5.39
3/4/97,5.39
3/5/97,5.39
3/6/97,5.39
3/7/97,5.39
3/10/97,5.39
3/11/97,5.39
3/12/97,5.39
3/13/97,5.39
3/14/97,5.39
3/17/97,5.39
3/18/97,5.39
3/19/97,5.39
3/20/97,5.39
3/21/97,5.39
3/24/97,5.39
3/25/97,5.39
3/26/97,5.39
3/27/97,5.39
3/28/97,5.39
3/31/97,5.39
4/1/97,5.51
4/2/97,5.51
4/3/97,5.51
4/4/97,5.51
4/7/97,5.51
4/8/97,5.51
4/9/97,5.51
4/10/97,5.51
4/11/97,5.51
4/14/97,5.51
4/15/97,5.51
4/16/97,5.51
4/17/97,5.51
4/18/97,5.51
4/21/97,5.51
4/22/97,5.51
4/23/97,5.51
4/24/97,5.51
4/25/97,5.51
4/28/97,5.51
4/29/97,5.51
4/30/97,5.51
5/1/97,5.5
5/2/97,5.5
5/5/97,5.5
5/6/97,5.5
5/7/97,5.5
5/8/97,5.5
5/9/97,5.5
5/12/97,5.5
5/13/97,5.5
5/14/97,5.5
5/15/97,5.5
5/16/97,5.5
5/19/97,5.5
5/20/97,5.5
5/21/97,5.5
5/22/97,5.5
5/23/97,5.5
5/26/97,5.5
5/27/97,5.5
5/28/97,5.5
5/29/97,5.5
5/30/97,5.5
6/2/97,5.56
6/3/97,5.56
6/4/97,5.56
6/5/97,5.56
6/6/97,5.56
6/9/97,5.56
6/10/97,5.56
6/11/97,5.56
6/12/97,5.56
6/13/97,5.56
6/16/97,5.56
6/17/97,5.56
6/18/97,5.56
6/19/97,5.56
6/20/97,5.56
6/23/97,5.56
6/24/97,5.56
6/25/97,5.56
6/26/97,5.56
6/27/97,5.56
6/30/97,5.56
7/1/97,5.52
7/2/97,5.52
7/3/97,5.52
7/4/97,5.52
7/7/97,5.52
7/8/97,5.52
7/9/97,5.52
7/10/97,5.52
7/11/97,5.52
7/14/97,5.52
7/15/97,5.52
7/16/97,5.52
7/17/97,5.52
7/18/97,5.52
7/21/97,5.52
7/22/97,5.52
7/23/97,5.52
7/24/97,5.52
7/25/97,5.52
7/28/97,5.52
7/29/97,5.52
7/30/97,5.52
7/31/97,5.52
8/1/97,5.54
8/4/97,5.54
8/5/97,5.54
8/6/97,5.54
8/7/97,5.54
8/8/97,5.54
8/11/97,5.54
8/12/97,5.54
8/13/97,5.54
8/14/97,5.54
8/15/97,5.54
8/18/97,5.54
8/19/97,5.54
8/20/97,5.54
8/21/97,5.54
8/22/97,5.54
8/25/97,5.54
8/26/97,5.54
8/27/97,5.54
8/28/97,5.54
8/29/97,5.54
9/1/97,5.54
9/2/97,5.54
9/3/97,5.54
9/4/97,5.54
9/5/97,5.54
9/8/97,5.54
9/9/97,5.54
9/10/97,5.54
9/11/97,5.54
9/12/97,5.54
9/15/97,5.54
9/16/97,5.54
9/17/97,5.54
9/18/97,5.54
9/19/97,5.54
9/22/97,5.54
9/23/97,5.54
9/24/97,5.54
9/25/97,5.54
9/26/97,5.54
9/29/97,5.54
9/30/97,5.54
10/1/97,5.5
10/2/97,5.5
10/3/97,5.5
10/6/97,5.5
10/7/97,5.5
10/8/97,5.5
10/9/97,5.5
10/10/97,5.5
10/13/97,5.5
10/14/97,5.5
10/15/97,5.5
10/16/97,5.5
10/17/97,5.5
10/20/97,5.5
10/21/97,5.5
10/22/97,5.5
10/23/97,5.5
10/24/97,5.5
10/27/97,5.5
10/28/97,5.5
10/29/97,5.5
10/30/97,5.5
10/31/97,5.5
11/3/97,5.52
11/4/97,5.52
11/5/97,5.52
11/6/97,5.52
11/7/97,5.52
11/10/97,5.52
11/11/97,5.52
11/12/97,5.52
11/13/97,5.52
11/14/97,5.52
11/17/97,5.52
11/18/97,5.52
11/19/97,5.52
11/20/97,5.52
11/21/97,5.52
11/24/97,5.52
11/25/97,5.52
11/26/97,5.52
11/27/97,5.52
11/28/97,5.52
12/1/97,5.5
12/2/97,5.5
12/3/97,5.5
12/4/97,5.5
12/5/97,5.5
12/8/97,5.5
12/9/97,5.5
12/10/97,5.5
12/11/97,5.5
12/12/97,5.5
12/15/97,5.5
12/16/97,5.5
12/17/97,5.5
12/18/97,5.5
12/19/97,5.5
12/22/97,5.5
12/23/97,5.5
12/24/97,5.5
12/25/97,5.5
12/26/97,5.5
12/29/97,5.5
12/30/97,5.5
12/31/97,5.5
1/1/98,5.56
1/2/98,5.56
1/5/98,5.56
1/6/98,5.56
1/7/98,5.56
1/8/98,5.56
1/9/98,5.56
1/12/98,5.56
1/13/98,5.56
1/14/98,5.56
1/15/98,5.56
1/16/98,5.56
1/19/98,5.56
1/20/98,5.56
1/21/98,5.56
1/22/98,5.56
1/23/98,5.56
1/26/98,5.56
1/27/98,5.56
1/28/98,5.56
1/29/98,5.56
1/30/98,5.56
2/2/98,5.51
2/3/98,5.51
2/4/98,5.51
2/5/98,5.51
2/6/98,5.51
2/9/98,5.51
2/10/98,5.51
2/11/98,5.51
2/12/98,5.51
2/13/98,5.51
2/16/98,5.51
2/17/98,5.51
2/18/98,5.51
2/19/98,5.51
2/20/98,5.51
2/23/98,5.51
2/24/98,5.51
2/25/98,5.51
2/26/98,5.51
2/27/98,5.51
3/2/98,5.49
3/3/98,5.49
3/4/98,5.49
3/5/98,5.49
3/6/98,5.49
3/9/98,5.49
3/10/98,5.49
3/11/98,5.49
3/12/98,5.49
3/13/98,5.49
3/16/98,5.49
3/17/98,5.49
3/18/98,5.49
3/19/98,5.49
3/20/98,5.49
3/23/98,5.49
3/24/98,5.49
3/25/98,5.49
3/26/98,5.49
3/27/98,5.49
3/30/98,5.49
3/31/98,5.49
4/1/98,5.45
4/2/98,5.45
4/3/98,5.45
4/6/98,5.45
4/7/98,5.45
4/8/98,5.45
4/9/98,5.45
4/10/98,5.45
4/13/98,5.45
4/14/98,5.45
4/15/98,5.45
4/16/98,5.45
4/17/98,5.45
4/20/98,5.45
4/21/98,5.45
4/22/98,5.45
4/23/98,5.45
4/24/98,5.45
4/27/98,5.45
4/28/98,5.45
4/29/98,5.45
4/30/98,5.45
5/1/98,5.49
5/4/98,5.49
5/5/98,5.49
5/6/98,5.49
5/7/98,5.49
5/8/98,5.49
5/11/98,5.49
5/12/98,5.49
5/13/98,5.49
5/14/98,5.49
5/15/98,5.49
5/18/98,5.49
5/19/98,5.49
5/20/98,5.49
5/21/98,5.49
5/22/98,5.49
5/25/98,5.49
5/26/98,5.49
5/27/98,5.49
5/28/98,5.49
5/29/98,5.49
6/1/98,5.56
6/2/98,5.56
6/3/98,5.56
6/4/98,5.56
6/5/98,5.56
6/8/98,5.56
6/9/98,5.56
6/10/98,5.56
6/11/98,5.56
6/12/98,5.56
6/15/98,5.56
6/16/98,5.56
6/17/98,5.56
6/18/98,5.56
6/19/98,5.56
6/22/98,5.56
6/23/98,5.56
6/24/98,5.56
6/25/98,5.56
6/26/98,5.56
6/29/98,5.56
6/30/98,5.56
7/1/98,5.54
7/2/98,5.54
7/3/98,5.54
7/6/98,5.54
7/7/98,5.54
7/8/98,5.54
7/9/98,5.54
7/10/98,5.54
7/13/98,5.54
7/14/98,5.54
7/15/98,5.54
7/16/98,5.54
7/17/98,5.54
7/20/98,5.54
7/21/98,5.54
7/22/98,5.54
7/23/98,5.54
7/24/98,5.54
7/27/98,5.54
7/28/98,5.54
7/29/98,5.54
7/30/98,5.54
7/31/98,5.54
8/3/98,5.55
8/4/98,5.55
8/5/98,5.55
8/6/98,5.55
8/7/98,5.55
8/10/98,5.55
8/11/98,5.55
8/12/98,5.55
8/13/98,5.55
8/14/98,5.55
8/17/98,5.55
8/18/98,5.55
8/19/98,5.55
8/20/98,5.55
8/21/98,5.55
8/24/98,5.55
8/25/98,5.55
8/26/98,5.55
8/27/98,5.55
8/28/98,5.55
8/31/98,5.55
9/1/98,5.51
9/2/98,5.51
9/3/98,5.51
9/4/98,5.51
9/7/98,5.51
9/8/98,5.51
9/9/98,5.51
9/10/98,5.51
9/11/98,5.51
9/14/98,5.51
9/15/98,5.51
9/16/98,5.51
9/17/98,5.51
9/18/98,5.51
9/21/98,5.51
9/22/98,5.51
9/23/98,5.51
9/24/98,5.51
9/25/98,5.51
9/28/98,5.51
9/29/98,5.51
9/30/98,5.51
10/1/98,5.07
10/2/98,5.07
10/5/98,5.07
10/6/98,5.07
10/7/98,5.07
10/8/98,5.07
10/9/98,5.07
10/12/98,5.07
10/13/98,5.07
10/14/98,5.07
10/15/98,5.07
10/16/98,5.07
10/19/98,5.07
10/20/98,5.07
10/21/98,5.07
10/22/98,5.07
10/23/98,5.07
10/26/98,5.07
10/27/98,5.07
10/28/98,5.07
10/29/98,5.07
10/30/98,5.07
11/2/98,4.83
11/3/98,4.83
11/4/98,4.83
11/5/98,4.83
11/6/98,4.83
11/9/98,4.83
11/10/98,4.83
11/11/98,4.83
11/12/98,4.83
11/13/98,4.83
11/16/98,4.83
11/17/98,4.83
11/18/98,4.83
11/19/98,4.83
11/20/98,4.83
11/23/98,4.83
11/24/98,4.83
11/25/98,4.83
11/26/98,4.83
11/27/98,4.83
11/30/98,4.83
12/1/98,4.68
12/2/98,4.68
12/3/98,4.68
12/4/98,4.68
12/7/98,4.68
12/8/98,4.68
12/9/98,4.68
12/10/98,4.68
12/11/98,4.68
12/14/98,4.68
12/15/98,4.68
12/16/98,4.68
12/17/98,4.68
12/18/98,4.68
12/21/98,4.68
12/22/98,4.68
12/23/98,4.68
12/24/98,4.68
12/25/98,4.68
12/28/98,4.68
12/29/98,4.68
12/30/98,4.68
12/31/98,4.68
1/1/99,4.63
1/4/99,4.63
1/5/99,4.63
1/6/99,4.63
1/7/99,4.63
1/8/99,4.63
1/11/99,4.63
1/12/99,4.63
1/13/99,4.63
1/14/99,4.63
1/15/99,4.63
1/18/99,4.63
1/19/99,4.63
1/20/99,4.63
1/21/99,4.63
1/22/99,4.63
1/25/99,4.63
1/26/99,4.63
1/27/99,4.63
1/28/99,4.63
1/29/99,4.63
2/1/99,4.76
2/2/99,4.76
2/3/99,4.76
2/4/99,4.76
2/5/99,4.76
2/8/99,4.76
2/9/99,4.76
2/10/99,4.76
2/11/99,4.76
2/12/99,4.76
2/15/99,4.76
2/16/99,4.76
2/17/99,4.76
2/18/99,4.76
2/19/99,4.76
2/22/99,4.76
2/23/99,4.76
2/24/99,4.76
2/25/99,4.76
2/26/99,4.76
3/1/99,4.81
3/2/99,4.81
3/3/99,4.81
3/4/99,4.81
3/5/99,4.81
3/8/99,4.81
3/9/99,4.81
3/10/99,4.81
3/11/99,4.81
3/12/99,4.81
3/15/99,4.81
3/16/99,4.81
3/17/99,4.81
3/18/99,4.81
3/19/99,4.81
3/22/99,4.81
3/23/99,4.81
3/24/99,4.81
3/25/99,4.81
3/26/99,4.81
3/29/99,4.81
3/30/99,4.81
3/31/99,4.81
4/1/99,4.74
4/2/99,4.74
4/5/99,4.74
4/6/99,4.74
4/7/99,4.74
4/8/99,4.74
4/9/99,4.74
4/12/99,4.74
4/13/99,4.74
4/14/99,4.74
4/15/99,4.74
4/16/99,4.74
4/19/99,4.74
4/20/99,4.74
4/21/99,4.74
4/22/99,4.74
4/23/99,4.74
4/26/99,4.74
4/27/99,4.74
4/28/99,4.74
4/29/99,4.74
4/30/99,4.74
5/3/99,4.74
5/4/99,4.74
5/5/99,4.74
5/6/99,4.74
5/7/99,4.74
5/10/99,4.74
5/11/99,4.74
5/12/99,4.74
5/13/99,4.74
5/14/99,4.74
5/17/99,4.74
5/18/99,4.74
5/19/99,4.74
5/20/99,4.74
5/21/99,4.74
5/24/99,4.74
5/25/99,4.74
5/26/99,4.74
5/27/99,4.74
5/28/99,4.74
5/31/99,4.74
6/1/99,4.76
6/2/99,4.76
6/3/99,4.76
6/4/99,4.76
6/7/99,4.76
6/8/99,4.76
6/9/99,4.76
6/10/99,4.76
6/11/99,4.76
6/14/99,4.76
6/15/99,4.76
6/16/99,4.76
6/17/99,4.76
6/18/99,4.76
6/21/99,4.76
6/22/99,4.76
6/23/99,4.76
6/24/99,4.76
6/25/99,4.76
6/28/99,4.76
6/29/99,4.76
6/30/99,4.76
7/1/99,4.99
7/2/99,4.99
7/5/99,4.99
7/6/99,4.99
7/7/99,4.99
7/8/99,4.99
7/9/99,4.99
7/12/99,4.99
7/13/99,4.99
7/14/99,4.99
7/15/99,4.99
7/16/99,4.99
7/19/99,4.99
7/20/99,4.99
7/21/99,4.99
7/22/99,4.99
7/23/99,4.99
7/26/99,4.99
7/27/99,4.99
7/28/99,4.99
7/29/99,4.99
7/30/99,4.99
8/2/99,5.07
8/3/99,5.07
8/4/99,5.07
8/5/99,5.07
8/6/99,5.07
8/9/99,5.07
8/10/99,5.07
8/11/99,5.07
8/12/99,5.07
8/13/99,5.07
8/16/99,5.07
8/17/99,5.07
8/18/99,5.07
8/19/99,5.07
8/20/99,5.07
8/23/99,5.07
8/24/99,5.07
8/25/99,5.07
8/26/99,5.07
8/27/99,5.07
8/30/99,5.07
8/31/99,5.07
9/1/99,5.22
9/2/99,5.22
9/3/99,5.22
9/6/99,5.22
9/7/99,5.22
9/8/99,5.22
9/9/99,5.22
9/10/99,5.22
9/13/99,5.22
9/14/99,5.22
9/15/99,5.22
9/16/99,5.22
9/17/99,5.22
9/20/99,5.22
9/21/99,5.22
9/22/99,5.22
9/23/99,5.22
9/24/99,5.22
9/27/99,5.22
9/28/99,5.22
9/29/99,5.22
9/30/99,5.22
10/1/99,5.2
10/4/99,5.2
10/5/99,5.2
10/6/99,5.2
10/7/99,5.2
10/8/99,5.2
10/11/99,5.2
10/12/99,5.2
10/13/99,5.2
10/14/99,5.2
10/15/99,5.2
10/18/99,5.2
10/19/99,5.2
10/20/99,5.2
10/21/99,5.2
10/22/99,5.2
10/25/99,5.2
10/26/99,5.2
10/27/99,5.2
10/28/99,5.2
10/29/99,5.2
11/1/99,5.42
11/2/99,5.42
11/3/99,5.42
11/4/99,5.42
11/5/99,5.42
11/8/99,5.42
11/9/99,5.42
11/10/99,5.42
11/11/99,5.42
11/12/99,5.42
11/15/99,5.42
11/16/99,5.42
11/17/99,5.42
11/18/99,5.42
11/19/99,5.42
11/22/99,5.42
11/23/99,5.42
11/24/99,5.42
11/25/99,5.42
11/26/99,5.42
11/29/99,5.42
11/30/99,5.42
12/1/99,5.3
12/2/99,5.3
12/3/99,5.3
12/6/99,5.3
12/7/99,5.3
12/8/99,5.3
12/9/99,5.3
12/10/99,5.3
12/13/99,5.3
12/14/99,5.3
12/15/99,5.3
12/16/99,5.3
12/17/99,5.3
12/20/99,5.3
12/21/99,5.3
12/22/99,5.3
12/23/99,5.3
12/24/99,5.3
12/27/99,5.3
12/28/99,5.3
12/29/99,5.3
12/30/99,5.3
12/31/99,5.3
1/3/00,5.45
1/4/00,5.45
1/5/00,5.45
1/6/00,5.45
1/7/00,5.45
1/10/00,5.45
1/11/00,5.45
1/12/00,5.45
1/13/00,5.45
1/14/00,5.45
1/17/00,5.45
1/18/00,5.45
1/19/00,5.45
1/20/00,5.45
1/21/00,5.45
1/24/00,5.45
1/25/00,5.45
1/26/00,5.45
1/27/00,5.45
1/28/00,5.45
1/31/00,5.45
2/1/00,5.73
2/2/00,5.73
2/3/00,5.73
2/4/00,5.73
2/7/00,5.73
2/8/00,5.73
2/9/00,5.73
2/10/00,5.73
2/11/00,5.73
2/14/00,5.73
2/15/00,5.73
2/16/00,5.73
2/17/00,5.73
2/18/00,5.73
2/21/00,5.73
2/22/00,5.73
2/23/00,5.73
2/24/00,5.73
2/25/00,5.73
2/28/00,5.73
2/29/00,5.73
3/1/00,5.85
3/2/00,5.85
3/3/00,5.85
3/6/00,5.85
3/7/00,5.85
3/8/00,5.85
3/9/00,5.85
3/10/00,5.85
3/13/00,5.85
3/14/00,5.85
3/15/00,5.85
3/16/00,5.85
3/17/00,5.85
3/20/00,5.85
3/21/00,5.85
3/22/00,5.85
3/23/00,5.85
3/24/00,5.85
3/27/00,5.85
3/28/00,5.85
3/29/00,5.85
3/30/00,5.85
3/31/00,5.85
4/3/00,6.02
4/4/00,6.02
4/5/00,6.02
4/6/00,6.02
4/7/00,6.02
4/10/00,6.02
4/11/00,6.02
4/12/00,6.02
4/13/00,6.02
4/14/00,6.02
4/17/00,6.02
4/18/00,6.02
4/19/00,6.02
4/20/00,6.02
4/21/00,6.02
4/24/00,6.02
4/25/00,6.02
4/26/00,6.02
4/27/00,6.02
4/28/00,6.02
5/1/00,6.27
5/2/00,6.27
5/3/00,6.27
5/4/00,6.27
5/5/00,6.27
5/8/00,6.27
5/9/00,6.27
5/10/00,6.27
5/11/00,6.27
5/12/00,6.27
5/15/00,6.27
5/16/00,6.27
5/17/00,6.27
5/18/00,6.27
5/19/00,6.27
5/22/00,6.27
5/23/00,6.27
5/24/00,6.27
5/25/00,6.27
5/26/00,6.27
5/29/00,6.27
5/30/00,6.27
5/31/00,6.27
6/1/00,6.53
6/2/00,6.53
6/5/00,6.53
6/6/00,6.53
6/7/00,6.53
6/8/00,6.53
6/9/00,6.53
6/12/00,6.53
6/13/00,6.53
6/14/00,6.53
6/15/00,6.53
6/16/00,6.53
6/19/00,6.53
6/20/00,6.53
6/21/00,6.53
6/22/00,6.53
6/23/00,6.53
6/26/00,6.53
6/27/00,6.53
6/28/00,6.53
6/29/00,6.53
6/30/00,6.53
7/3/00,6.54
7/4/00,6.54
7/5/00,6.54
7/6/00,6.54
7/7/00,6.54
7/10/00,6.54
7/11/00,6.54
7/12/00,6.54
7/13/00,6.54
7/14/00,6.54
7/17/00,6.54
7/18/00,6.54
7/19/00,6.54
7/20/00,6.54
7/21/00,6.54
7/24/00,6.54
7/25/00,6.54
7/26/00,6.54
7/27/00,6.54
7/28/00,6.54
7/31/00,6.54
8/1/00,6.5
8/2/00,6.5
8/3/00,6.5
8/4/00,6.5
8/7/00,6.5
8/8/00,6.5
8/9/00,6.5
8/10/00,6.5
8/11/00,6.5
8/14/00,6.5
8/15/00,6.5
8/16/00,6.5
8/17/00,6.5
8/18/00,6.5
8/21/00,6.5
8/22/00,6.5
8/23/00,6.5
8/24/00,6.5
8/25/00,6.5
8/28/00,6.5
8/29/00,6.5
8/30/00,6.5
8/31/00,6.5
9/1/00,6.52
9/4/00,6.52
9/5/00,6.52
9/6/00,6.52
9/7/00,6.52
9/8/00,6.52
9/11/00,6.52
9/12/00,6.52
9/13/00,6.52
9/14/00,6.52
9/15/00,6.52
9/18/00,6.52
9/19/00,6.52
9/20/00,6.52
9/21/00,6.52
9/22/00,6.52
9/25/00,6.52
9/26/00,6.52
9/27/00,6.52
9/28/00,6.52
9/29/00,6.52
10/2/00,6.51
10/3/00,6.51
10/4/00,6.51
10/5/00,6.51
10/6/00,6.51
10/9/00,6.51
10/10/00,6.51
10/11/00,6.51
10/12/00,6.51
10/13/00,6.51
10/16/00,6.51
10/17/00,6.51
10/18/00,6.51
10/19/00,6.51
10/20/00,6.51
10/23/00,6.51
10/24/00,6.51
10/25/00,6.51
10/26/00,6.51
10/27/00,6.51
10/30/00,6.51
10/31/00,6.51
11/1/00,6.51
11/2/00,6.51
11/3/00,6.51
11/6/00,6.51
11/7/00,6.51
11/8/00,6.51
11/9/00,6.51
11/10/00,6.51
11/13/00,6.51
11/14/00,6.51
11/15/00,6.51
11/16/00,6.51
11/17/00,6.51
11/20/00,6.51
11/21/00,6.51
11/22/00,6.51
11/23/00,6.51
11/24/00,6.51
11/27/00,6.51
11/28/00,6.51
11/29/00,6.51
11/30/00,6.51
12/1/00,6.4
12/4/00,6.4
12/5/00,6.4
12/6/00,6.4
12/7/00,6.4
12/8/00,6.4
12/11/00,6.4
12/12/00,6.4
12/13/00,6.4
12/14/00,6.4
12/15/00,6.4
12/18/00,6.4
12/19/00,6.4
12/20/00,6.4
12/21/00,6.4
12/22/00,6.4
12/25/00,6.4
12/26/00,6.4
12/27/00,6.4
12/28/00,6.4
12/29/00,6.4
1/1/01,5.98
1/2/01,5.98
1/3/01,5.98
1/4/01,5.98
1/5/01,5.98
1/8/01,5.98
1/9/01,5.98
1/10/01,5.98
1/11/01,5.98
1/12/01,5.98
1/15/01,5.98
1/16/01,5.98
1/17/01,5.98
1/18/01,5.98
1/19/01,5.98
1/22/01,5.98
1/23/01,5.98
1/24/01,5.98
1/25/01,5.98
1/26/01,5.98
1/29/01,5.98
1/30/01,5.98
1/31/01,5.98
2/1/01,5.49
2/2/01,5.49
2/5/01,5.49
2/6/01,5.49
2/7/01,5.49
2/8/01,5.49
2/9/01,5.49
2/12/01,5.49
2/13/01,5.49
2/14/01,5.49
2/15/01,5.49
2/16/01,5.49
2/19/01,5.49
2/20/01,5.49
2/21/01,5.49
2/22/01,5.49
2/23/01,5.49
2/26/01,5.49
2/27/01,5.49
2/28/01,5.49
3/1/01,5.31
3/2/01,5.31
3/5/01,5.31
3/6/01,5.31
3/7/01,5.31
3/8/01,5.31
3/9/01,5.31
3/12/01,5.31
3/13/01,5.31
3/14/01,5.31
3/15/01,5.31
3/16/01,5.31
3/19/01,5.31
3/20/01,5.31
3/21/01,5.31
3/22/01,5.31
3/23/01,5.31
3/26/01,5.31
3/27/01,5.31
3/28/01,5.31
3/29/01,5.31
3/30/01,5.31
4/2/01,4.8
4/3/01,4.8
4/4/01,4.8
4/5/01,4.8
4/6/01,4.8
4/9/01,4.8
4/10/01,4.8
4/11/01,4.8
4/12/01,4.8
4/13/01,4.8
4/16/01,4.8
4/17/01,4.8
4/18/01,4.8
4/19/01,4.8
4/20/01,4.8
4/23/01,4.8
4/24/01,4.8
4/25/01,4.8
4/26/01,4.8
4/27/01,4.8
4/30/01,4.8
5/1/01,4.21
5/2/01,4.21
5/3/01,4.21
5/4/01,4.21
5/7/01,4.21
5/8/01,4.21
5/9/01,4.21
5/10/01,4.21
5/11/01,4.21
5/14/01,4.21
5/15/01,4.21
5/16/01,4.21
5/17/01,4.21
5/18/01,4.21
5/21/01,4.21
5/22/01,4.21
5/23/01,4.21
5/24/01,4.21
5/25/01,4.21
5/28/01,4.21
5/29/01,4.21
5/30/01,4.21
5/31/01,4.21
6/1/01,3.97
6/4/01,3.97
6/5/01,3.97
6/6/01,3.97
6/7/01,3.97
6/8/01,3.97
6/11/01,3.97
6/12/01,3.97
6/13/01,3.97
6/14/01,3.97
6/15/01,3.97
6/18/01,3.97
6/19/01,3.97
6/20/01,3.97
6/21/01,3.97
6/22/01,3.97
6/25/01,3.97
6/26/01,3.97
6/27/01,3.97
6/28/01,3.97
6/29/01,3.97
7/2/01,3.77
7/3/01,3.77
7/4/01,3.77
7/5/01,3.77
7/6/01,3.77
7/9/01,3.77
7/10/01,3.77
7/11/01,3.77
7/12/01,3.77
7/13/01,3.77
7/16/01,3.77
7/17/01,3.77
7/18/01,3.77
7/19/01,3.77
7/20/01,3.77
7/23/01,3.77
7/24/01,3.77
7/25/01,3.77
7/26/01,3.77
7/27/01,3.77
7/30/01,3.77
7/31/01,3.77
8/1/01,3.65
8/2/01,3.65
8/3/01,3.65
8/6/01,3.65
8/7/01,3.65
8/8/01,3.65
8/9/01,3.65
8/10/01,3.65
8/13/01,3.65
8/14/01,3.65
8/15/01,3.65
8/16/01,3.65
8/17/01,3.65
8/20/01,3.65
8/21/01,3.65
8/22/01,3.65
8/23/01,3.65
8/24/01,3.65
8/27/01,3.65
8/28/01,3.65
8/29/01,3.65
8/30/01,3.65
8/31/01,3.65
9/3/01,3.07
9/4/01,3.07
9/5/01,3.07
9/6/01,3.07
9/7/01,3.07
9/10/01,3.07
9/11/01,3.07
9/12/01,3.07
9/13/01,3.07
9/14/01,3.07
9/17/01,3.07
9/18/01,3.07
9/19/01,3.07
9/20/01,3.07
9/21/01,3.07
9/24/01,3.07
9/25/01,3.07
9/26/01,3.07
9/27/01,3.07
9/28/01,3.07
10/1/01,2.49
10/2/01,2.49
10/3/01,2.49
10/4/01,2.49
10/5/01,2.49
10/8/01,2.49
10/9/01,2.49
10/10/01,2.49
10/11/01,2.49
10/12/01,2.49
10/15/01,2.49
10/16/01,2.49
10/17/01,2.49
10/18/01,2.49
10/19/01,2.49
10/22/01,2.49
10/23/01,2.49
10/24/01,2.49
10/25/01,2.49
10/26/01,2.49
10/29/01,2.49
10/30/01,2.49
10/31/01,2.49
11/1/01,2.09
11/2/01,2.09
11/5/01,2.09
11/6/01,2.09
11/7/01,2.09
11/8/01,2.09
11/9/01,2.09
11/12/01,2.09
11/13/01,2.09
11/14/01,2.09
11/15/01,2.09
11/16/01,2.09
11/19/01,2.09
11/20/01,2.09
11/21/01,2.09
11/22/01,2.09
11/23/01,2.09
11/26/01,2.09
11/27/01,2.09
11/28/01,2.09
11/29/01,2.09
11/30/01,2.09
12/3/01,1.82
12/4/01,1.82
12/5/01,1.82
12/6/01,1.82
12/7/01,1.82
12/10/01,1.82
12/11/01,1.82
12/12/01,1.82
12/13/01,1.82
12/14/01,1.82
12/17/01,1.82
12/18/01,1.82
12/19/01,1.82
12/20/01,1.82
12/21/01,1.82
12/24/01,1.82
12/25/01,1.82
12/26/01,1.82
12/27/01,1.82
12/28/01,1.82
12/31/01,1.82
1/1/02,1.73
1/2/02,1.73
1/3/02,1.73
1/4/02,1.73
1/7/02,1.73
1/8/02,1.73
1/9/02,1.73
1/10/02,1.73
1/11/02,1.73
1/14/02,1.73
1/15/02,1.73
1/16/02,1.73
1/17/02,1.73
1/18/02,1.73
1/21/02,1.73
1/22/02,1.73
1/23/02,1.73
1/24/02,1.73
1/25/02,1.73
1/28/02,1.73
1/29/02,1.73
1/30/02,1.73
1/31/02,1.73
2/1/02,1.74
2/4/02,1.74
2/5/02,1.74
2/6/02,1.74
2/7/02,1.74
2/8/02,1.74
2/11/02,1.74
2/12/02,1.74
2/13/02,1.74
2/14/02,1.74
2/15/02,1.74
2/18/02,1.74
2/19/02,1.74
2/20/02,1.74
2/21/02,1.74
2/22/02,1.74
2/25/02,1.74
2/26/02,1.74
2/27/02,1.74
2/28/02,1.74
3/1/02,1.73
3/4/02,1.73
3/5/02,1.73
3/6/02,1.73
3/7/02,1.73
3/8/02,1.73
3/11/02,1.73
3/12/02,1.73
3/13/02,1.73
3/14/02,1.73
3/15/02,1.73
3/18/02,1.73
3/19/02,1.73
3/20/02,1.73
3/21/02,1.73
3/22/02,1.73
3/25/02,1.73
3/26/02,1.73
3/27/02,1.73
3/28/02,1.73
3/29/02,1.73
4/1/02,1.75
4/2/02,1.75
4/3/02,1.75
4/4/02,1.75
4/5/02,1.75
4/8/02,1.75
4/9/02,1.75
4/10/02,1.75
4/11/02,1.75
4/12/02,1.75
4/15/02,1.75
4/16/02,1.75
4/17/02,1.75
4/18/02,1.75
4/19/02,1.75
4/22/02,1.75
4/23/02,1.75
4/24/02,1.75
4/25/02,1.75
4/26/02,1.75
4/29/02,1.75
4/30/02,1.75
5/1/02,1.75
5/2/02,1.75
5/3/02,1.75
5/6/02,1.75
5/7/02,1.75
5/8/02,1.75
5/9/02,1.75
5/10/02,1.75
5/13/02,1.75
5/14/02,1.75
5/15/02,1.75
5/16/02,1.75
5/17/02,1.75
5/20/02,1.75
5/21/02,1.75
5/22/02,1.75
5/23/02,1.75
5/24/02,1.75
5/27/02,1.75
5/28/02,1.75
5/29/02,1.75
5/30/02,1.75
5/31/02,1.75
6/3/02,1.75
6/4/02,1.75
6/5/02,1.75
6/6/02,1.75
6/7/02,1.75
6/10/02,1.75
6/11/02,1.75
6/12/02,1.75
6/13/02,1.75
6/14/02,1.75
6/17/02,1.75
6/18/02,1.75
6/19/02,1.75
6/20/02,1.75
6/21/02,1.75
6/24/02,1.75
6/25/02,1.75
6/26/02,1.75
6/27/02,1.75
6/28/02,1.75
7/1/02,1.73
7/2/02,1.73
7/3/02,1.73
7/4/02,1.73
7/5/02,1.73
7/8/02,1.73
7/9/02,1.73
7/10/02,1.73
7/11/02,1.73
7/12/02,1.73
7/15/02,1.73
7/16/02,1.73
7/17/02,1.73
7/18/02,1.73
7/19/02,1.73
7/22/02,1.73
7/23/02,1.73
7/24/02,1.73
7/25/02,1.73
7/26/02,1.73
7/29/02,1.73
7/30/02,1.73
7/31/02,1.73
8/1/02,1.74
8/2/02,1.74
8/5/02,1.74
8/6/02,1.74
8/7/02,1.74
8/8/02,1.74
8/9/02,1.74
8/12/02,1.74
8/13/02,1.74
8/14/02,1.74
8/15/02,1.74
8/16/02,1.74
8/19/02,1.74
8/20/02,1.74
8/21/02,1.74
8/22/02,1.74
8/23/02,1.74
8/26/02,1.74
8/27/02,1.74
8/28/02,1.74
8/29/02,1.74
8/30/02,1.74
9/2/02,1.75
9/3/02,1.75
9/4/02,1.75
9/5/02,1.75
9/6/02,1.75
9/9/02,1.75
9/10/02,1.75
9/11/02,1.75
9/12/02,1.75
9/13/02,1.75
9/16/02,1.75
9/17/02,1.75
9/18/02,1.75
9/19/02,1.75
9/20/02,1.75
9/23/02,1.75
9/24/02,1.75
9/25/02,1.75
9/26/02,1.75
9/27/02,1.75
9/30/02,1.75
10/1/02,1.75
10/2/02,1.75
10/3/02,1.75
10/4/02,1.75
10/7/02,1.75
10/8/02,1.75
10/9/02,1.75
10/10/02,1.75
10/11/02,1.75
10/14/02,1.75
10/15/02,1.75
10/16/02,1.75
10/17/02,1.75
10/18/02,1.75
10/21/02,1.75
10/22/02,1.75
10/23/02,1.75
10/24/02,1.75
10/25/02,1.75
10/28/02,1.75
10/29/02,1.75
10/30/02,1.75
10/31/02,1.75
11/1/02,1.34
11/4/02,1.34
11/5/02,1.34
11/6/02,1.34
11/7/02,1.34
11/8/02,1.34
11/11/02,1.34
11/12/02,1.34
11/13/02,1.34
11/14/02,1.34
11/15/02,1.34
11/18/02,1.34
11/19/02,1.34
11/20/02,1.34
11/21/02,1.34
11/22/02,1.34
11/25/02,1.34
11/26/02,1.34
11/27/02,1.34
11/28/02,1.34
11/29/02,1.34
12/2/02,1.24
12/3/02,1.24
12/4/02,1.24
12/5/02,1.24
12/6/02,1.24
12/9/02,1.24
12/10/02,1.24
12/11/02,1.24
12/12/02,1.24
12/13/02,1.24
12/16/02,1.24
12/17/02,1.24
12/18/02,1.24
12/19/02,1.24
12/20/02,1.24
12/23/02,1.24
12/24/02,1.24
12/25/02,1.24
12/26/02,1.24
12/27/02,1.24
12/30/02,1.24
12/31/02,1.24
1/1/03,1.24
1/2/03,1.24
1/3/03,1.24
1/6/03,1.24
1/7/03,1.24
1/8/03,1.24
1/9/03,1.24
1/10/03,1.24
1/13/03,1.24
1/14/03,1.24
1/15/03,1.24
1/16/03,1.24
1/17/03,1.24
1/20/03,1.24
1/21/03,1.24
1/22/03,1.24
1/23/03,1.24
1/24/03,1.24
1/27/03,1.24
1/28/03,1.24
1/29/03,1.24
1/30/03,1.24
1/31/03,1.24
2/3/03,1.26
2/4/03,1.26
2/5/03,1.26
2/6/03,1.26
2/7/03,1.26
2/10/03,1.26
2/11/03,1.26
2/12/03,1.26
2/13/03,1.26
2/14/03,1.26
2/17/03,1.26
2/18/03,1.26
2/19/03,1.26
2/20/03,1.26
2/21/03,1.26
2/24/03,1.26
2/25/03,1.26
2/26/03,1.26
2/27/03,1.26
2/28/03,1.26
3/3/03,1.25
3/4/03,1.25
3/5/03,1.25
3/6/03,1.25
3/7/03,1.25
3/10/03,1.25
3/11/03,1.25
3/12/03,1.25
3/13/03,1.25
3/14/03,1.25
3/17/03,1.25
3/18/03,1.25
3/19/03,1.25
3/20/03,1.25
3/21/03,1.25
3/24/03,1.25
3/25/03,1.25
3/26/03,1.25
3/27/03,1.25
3/28/03,1.25
3/31/03,1.25
4/1/03,1.26
4/2/03,1.26
4/3/03,1.26
4/4/03,1.26
4/7/03,1.26
4/8/03,1.26
4/9/03,1.26
4/10/03,1.26
4/11/03,1.26
4/14/03,1.26
4/15/03,1.26
4/16/03,1.26
4/17/03,1.26
4/18/03,1.26
4/21/03,1.26
4/22/03,1.26
4/23/03,1.26
4/24/03,1.26
4/25/03,1.26
4/28/03,1.26
4/29/03,1.26
4/30/03,1.26
5/1/03,1.26
5/2/03,1.26
5/5/03,1.26
5/6/03,1.26
5/7/03,1.26
5/8/03,1.26
5/9/03,1.26
5/12/03,1.26
5/13/03,1.26
5/14/03,1.26
5/15/03,1.26
5/16/03,1.26
5/19/03,1.26
5/20/03,1.26
5/21/03,1.26
5/22/03,1.26
5/23/03,1.26
5/26/03,1.26
5/27/03,1.26
5/28/03,1.26
5/29/03,1.26
5/30/03,1.26
6/2/03,1.22
6/3/03,1.22
6/4/03,1.22
6/5/03,1.22
6/6/03,1.22
6/9/03,1.22
6/10/03,1.22
6/11/03,1.22
6/12/03,1.22
6/13/03,1.22
6/16/03,1.22
6/17/03,1.22
6/18/03,1.22
6/19/03,1.22
6/20/03,1.22
6/23/03,1.22
6/24/03,1.22
6/25/03,1.22
6/26/03,1.22
6/27/03,1.22
6/30/03,1.22
7/1/03,1.01
7/2/03,1.01
7/3/03,1.01
7/4/03,1.01
7/7/03,1.01
7/8/03,1.01
7/9/03,1.01
7/10/03,1.01
7/11/03,1.01
7/14/03,1.01
7/15/03,1.01
7/16/03,1.01
7/17/03,1.01
7/18/03,1.01
7/21/03,1.01
7/22/03,1.01
7/23/03,1.01
7/24/03,1.01
7/25/03,1.01
7/28/03,1.01
7/29/03,1.01
7/30/03,1.01
7/31/03,1.01
8/1/03,1.03
8/4/03,1.03
8/5/03,1.03
8/6/03,1.03
8/7/03,1.03
8/8/03,1.03
8/11/03,1.03
8/12/03,1.03
8/13/03,1.03
8/14/03,1.03
8/15/03,1.03
8/18/03,1.03
8/19/03,1.03
8/20/03,1.03
8/21/03,1.03
8/22/03,1.03
8/25/03,1.03
8/26/03,1.03
8/27/03,1.03
8/28/03,1.03
8/29/03,1.03
9/1/03,1.01
9/2/03,1.01
9/3/03,1.01
9/4/03,1.01
9/5/03,1.01
9/8/03,1.01
9/9/03,1.01
9/10/03,1.01
9/11/03,1.01
9/12/03,1.01
9/15/03,1.01
9/16/03,1.01
9/17/03,1.01
9/18/03,1.01
9/19/03,1.01
9/22/03,1.01
9/23/03,1.01
9/24/03,1.01
9/25/03,1.01
9/26/03,1.01
9/29/03,1.01
9/30/03,1.01
10/1/03,1.01
10/2/03,1.01
10/3/03,1.01
10/6/03,1.01
10/7/03,1.01
10/8/03,1.01
10/9/03,1.01
10/10/03,1.01
10/13/03,1.01
10/14/03,1.01
10/15/03,1.01
10/16/03,1.01
10/17/03,1.01
10/20/03,1.01
10/21/03,1.01
10/22/03,1.01
10/23/03,1.01
10/24/03,1.01
10/27/03,1.01
10/28/03,1.01
10/29/03,1.01
10/30/03,1.01
10/31/03,1.01
11/3/03,1
11/4/03,1
11/5/03,1
11/6/03,1
11/7/03,1
11/10/03,1
11/11/03,1
11/12/03,1
11/13/03,1
11/14/03,1
11/17/03,1
11/18/03,1
11/19/03,1
11/20/03,1
11/21/03,1
11/24/03,1
11/25/03,1
11/26/03,1
11/27/03,1
11/28/03,1
12/1/03,0.98
12/2/03,0.98
12/3/03,0.98
12/4/03,0.98
12/5/03,0.98
12/8/03,0.98
12/9/03,0.98
12/10/03,0.98
12/11/03,0.98
12/12/03,0.98
12/15/03,0.98
12/16/03,0.98
12/17/03,0.98
12/18/03,0.98
12/19/03,0.98
12/22/03,0.98
12/23/03,0.98
12/24/03,0.98
12/25/03,0.98
12/26/03,0.98
12/29/03,0.98
12/30/03,0.98
12/31/03,0.98
1/1/04,1
1/2/04,1
1/5/04,1
1/6/04,1
1/7/04,1
1/8/04,1
1/9/04,1
1/12/04,1
1/13/04,1
1/14/04,1
1/15/04,1
1/16/04,1
1/19/04,1
1/20/04,1
1/21/04,1
1/22/04,1
1/23/04,1
1/26/04,1
1/27/04,1
1/28/04,1
1/29/04,1
1/30/04,1
2/2/04,1.01
2/3/04,1.01
2/4/04,1.01
2/5/04,1.01
2/6/04,1.01
2/9/04,1.01
2/10/04,1.01
2/11/04,1.01
2/12/04,1.01
2/13/04,1.01
2/16/04,1.01
2/17/04,1.01
2/18/04,1.01
2/19/04,1.01
2/20/04,1.01
2/23/04,1.01
2/24/04,1.01
2/25/04,1.01
2/26/04,1.01
2/27/04,1.01
3/1/04,1
3/2/04,1
3/3/04,1
3/4/04,1
3/5/04,1
3/8/04,1
3/9/04,1
3/10/04,1
3/11/04,1
3/12/04,1
3/15/04,1
3/16/04,1
3/17/04,1
3/18/04,1
3/19/04,1
3/22/04,1
3/23/04,1
3/24/04,1
3/25/04,1
3/26/04,1
3/29/04,1
3/30/04,1
3/31/04,1
4/1/04,1
4/2/04,1
4/5/04,1
4/6/04,1
4/7/04,1
4/8/04,1
4/9/04,1
4/12/04,1
4/13/04,1
4/14/04,1
4/15/04,1
4/16/04,1
4/19/04,1
4/20/04,1
4/21/04,1
4/22/04,1
4/23/04,1
4/26/04,1
4/27/04,1
4/28/04,1
4/29/04,1
4/30/04,1
5/3/04,1
5/4/04,1
5/5/04,1
5/6/04,1
5/7/04,1
5/10/04,1
5/11/04,1
5/12/04,1
5/13/04,1
5/14/04,1
5/17/04,1
5/18/04,1
5/19/04,1
5/20/04,1
5/21/04,1
5/24/04,1
5/25/04,1
5/26/04,1
5/27/04,1
5/28/04,1
5/31/04,1
6/1/04,1.03
6/2/04,1.03
6/3/04,1.03
6/4/04,1.03
6/7/04,1.03
6/8/04,1.03
6/9/04,1.03
6/10/04,1.03
6/11/04,1.03
6/14/04,1.03
6/15/04,1.03
6/16/04,1.03
6/17/04,1.03
6/18/04,1.03
6/21/04,1.03
6/22/04,1.03
6/23/04,1.03
6/24/04,1.03
6/25/04,1.03
6/28/04,1.03
6/29/04,1.03
6/30/04,1.03
7/1/04,1.26
7/2/04,1.26
7/5/04,1.26
7/6/04,1.26
7/7/04,1.26
7/8/04,1.26
7/9/04,1.26
7/12/04,1.26
7/13/04,1.26
7/14/04,1.26
7/15/04,1.26
7/16/04,1.26
7/19/04,1.26
7/20/04,1.26
7/21/04,1.26
7/22/04,1.26
7/23/04,1.26
7/26/04,1.26
7/27/04,1.26
7/28/04,1.26
7/29/04,1.26
7/30/04,1.26
8/2/04,1.43
8/3/04,1.43
8/4/04,1.43
8/5/04,1.43
8/6/04,1.43
8/9/04,1.43
8/10/04,1.43
8/11/04,1.43
8/12/04,1.43
8/13/04,1.43
8/16/04,1.43
8/17/04,1.43
8/18/04,1.43
8/19/04,1.43
8/20/04,1.43
8/23/04,1.43
8/24/04,1.43
8/25/04,1.43
8/26/04,1.43
8/27/04,1.43
8/30/04,1.43
8/31/04,1.43
9/1/04,1.61
9/2/04,1.61
9/3/04,1.61
9/6/04,1.61
9/7/04,1.61
9/8/04,1.61
9/9/04,1.61
9/10/04,1.61
9/13/04,1.61
9/14/04,1.61
9/15/04,1.61
9/16/04,1.61
9/17/04,1.61
9/20/04,1.61
9/21/04,1.61
9/22/04,1.61
9/23/04,1.61
9/24/04,1.61
9/27/04,1.61
9/28/04,1.61
9/29/04,1.61
9/30/04,1.61
10/1/04,1.76
10/4/04,1.76
10/5/04,1.76
10/6/04,1.76
10/7/04,1.76
10/8/04,1.76
10/11/04,1.76
10/12/04,1.76
10/13/04,1.76
10/14/04,1.76
10/15/04,1.76
10/18/04,1.76
10/19/04,1.76
10/20/04,1.76
10/21/04,1.76
10/22/04,1.76
10/25/04,1.76
10/26/04,1.76
10/27/04,1.76
10/28/04,1.76
10/29/04,1.76
11/1/04,1.93
11/2/04,1.93
11/3/04,1.93
11/4/04,1.93
11/5/04,1.93
11/8/04,1.93
11/9/04,1.93
11/10/04,1.93
11/11/04,1.93
11/12/04,1.93
11/15/04,1.93
11/16/04,1.93
11/17/04,1.93
11/18/04,1.93
11/19/04,1.93
11/22/04,1.93
11/23/04,1.93
11/24/04,1.93
11/25/04,1.93
11/26/04,1.93
11/29/04,1.93
11/30/04,1.93
12/1/04,2.16
12/2/04,2.16
12/3/04,2.16
12/6/04,2.16
12/7/04,2.16
12/8/04,2.16
12/9/04,2.16
12/10/04,2.16
12/13/04,2.16
12/14/04,2.16
12/15/04,2.16
12/16/04,2.16
12/17/04,2.16
12/20/04,2.16
12/21/04,2.16
12/22/04,2.16
12/23/04,2.16
12/24/04,2.16
12/27/04,2.16
12/28/04,2.16
12/29/04,2.16
12/30/04,2.16
12/31/04,2.16
1/3/05,2.28
1/4/05,2.28
1/5/05,2.28
1/6/05,2.28
1/7/05,2.28
1/10/05,2.28
1/11/05,2.28
1/12/05,2.28
1/13/05,2.28
1/14/05,2.28
1/17/05,2.28
1/18/05,2.28
1/19/05,2.28
1/20/05,2.28
1/21/05,2.28
1/24/05,2.28
1/25/05,2.28
1/26/05,2.28
1/27/05,2.28
1/28/05,2.28
1/31/05,2.28
2/1/05,2.5
2/2/05,2.5
2/3/05,2.5
2/4/05,2.5
2/7/05,2.5
2/8/05,2.5
2/9/05,2.5
2/10/05,2.5
2/11/05,2.5
2/14/05,2.5
2/15/05,2.5
2/16/05,2.5
2/17/05,2.5
2/18/05,2.5
2/21/05,2.5
2/22/05,2.5
2/23/05,2.5
2/24/05,2.5
2/25/05,2.5
2/28/05,2.5
3/1/05,2.63
3/2/05,2.63
3/3/05,2.63
3/4/05,2.63
3/7/05,2.63
3/8/05,2.63
3/9/05,2.63
3/10/05,2.63
3/11/05,2.63
3/14/05,2.63
3/15/05,2.63
3/16/05,2.63
3/17/05,2.63
3/18/05,2.63
3/21/05,2.63
3/22/05,2.63
3/23/05,2.63
3/24/05,2.63
3/25/05,2.63
3/28/05,2.63
3/29/05,2.63
3/30/05,2.63
3/31/05,2.63
4/1/05,2.79
4/4/05,2.79
4/5/05,2.79
4/6/05,2.79
4/7/05,2.79
4/8/05,2.79
4/11/05,2.79
4/12/05,2.79
4/13/05,2.79
4/14/05,2.79
4/15/05,2.79
4/18/05,2.79
4/19/05,2.79
4/20/05,2.79
4/21/05,2.79
4/22/05,2.79
4/25/05,2.79
4/26/05,2.79
4/27/05,2.79
4/28/05,2.79
4/29/05,2.79
5/2/05,3
5/3/05,3
5/4/05,3
5/5/05,3
5/6/05,3
5/9/05,3
5/10/05,3
5/11/05,3
5/12/05,3
5/13/05,3
5/16/05,3
5/17/05,3
5/18/05,3
5/19/05,3
5/20/05,3
5/23/05,3
5/24/05,3
5/25/05,3
5/26/05,3
5/27/05,3
5/30/05,3
5/31/05,3
6/1/05,3.04
6/2/05,3.04
6/3/05,3.04
6/6/05,3.04
6/7/05,3.04
6/8/05,3.04
6/9/05,3.04
6/10/05,3.04
6/13/05,3.04
6/14/05,3.04
6/15/05,3.04
6/16/05,3.04
6/17/05,3.04
6/20/05,3.04
6/21/05,3.04
6/22/05,3.04
6/23/05,3.04
6/24/05,3.04
6/27/05,3.04
6/28/05,3.04
6/29/05,3.04
6/30/05,3.04
7/1/05,3.26
7/4/05,3.26
7/5/05,3.26
7/6/05,3.26
7/7/05,3.26
7/8/05,3.26
7/11/05,3.26
7/12/05,3.26
7/13/05,3.26
7/14/05,3.26
7/15/05,3.26
7/18/05,3.26
7/19/05,3.26
7/20/05,3.26
7/21/05,3.26
7/22/05,3.26
7/25/05,3.26
7/26/05,3.26
7/27/05,3.26
7/28/05,3.26
7/29/05,3.26
8/1/05,3.5
8/2/05,3.5
8/3/05,3.5
8/4/05,3.5
8/5/05,3.5
8/8/05,3.5
8/9/05,3.5
8/10/05,3.5
8/11/05,3.5
8/12/05,3.5
8/15/05,3.5
8/16/05,3.5
8/17/05,3.5
8/18/05,3.5
8/19/05,3.5
8/22/05,3.5
8/23/05,3.5
8/24/05,3.5
8/25/05,3.5
8/26/05,3.5
8/29/05,3.5
8/30/05,3.5
8/31/05,3.5
9/1/05,3.62
9/2/05,3.62
9/5/05,3.62
9/6/05,3.62
9/7/05,3.62
9/8/05,3.62
9/9/05,3.62
9/12/05,3.62
9/13/05,3.62
9/14/05,3.62
9/15/05,3.62
9/16/05,3.62
9/19/05,3.62
9/20/05,3.62
9/21/05,3.62
9/22/05,3.62
9/23/05,3.62
9/26/05,3.62
9/27/05,3.62
9/28/05,3.62
9/29/05,3.62
9/30/05,3.62
10/3/05,3.78
10/4/05,3.78
10/5/05,3.78
10/6/05,3.78
10/7/05,3.78
10/10/05,3.78
10/11/05,3.78
10/12/05,3.78
10/13/05,3.78
10/14/05,3.78
10/17/05,3.78
10/18/05,3.78
10/19/05,3.78
10/20/05,3.78
10/21/05,3.78
10/24/05,3.78
10/25/05,3.78
10/26/05,3.78
10/27/05,3.78
10/28/05,3.78
10/31/05,3.78
11/1/05,4
11/2/05,4
11/3/05,4
11/4/05,4
11/7/05,4
11/8/05,4
11/9/05,4
11/10/05,4
11/11/05,4
11/14/05,4
11/15/05,4
11/16/05,4
11/17/05,4
11/18/05,4
11/21/05,4
11/22/05,4
11/23/05,4
11/24/05,4
11/25/05,4
11/28/05,4
11/29/05,4
11/30/05,4
12/1/05,4.16
12/2/05,4.16
12/5/05,4.16
12/6/05,4.16
12/7/05,4.16
12/8/05,4.16
12/9/05,4.16
12/12/05,4.16
12/13/05,4.16
12/14/05,4.16
12/15/05,4.16
12/16/05,4.16
12/19/05,4.16
12/20/05,4.16
12/21/05,4.16
12/22/05,4.16
12/23/05,4.16
12/26/05,4.16
12/27/05,4.16
12/28/05,4.16
12/29/05,4.16
12/30/05,4.16
1/2/06,4.29
1/3/06,4.29
1/4/06,4.29
1/5/06,4.29
1/6/06,4.29
1/9/06,4.29
1/10/06,4.29
1/11/06,4.29
1/12/06,4.29
1/13/06,4.29
1/16/06,4.29
1/17/06,4.29
1/18/06,4.29
1/19/06,4.29
1/20/06,4.29
1/23/06,4.29
1/24/06,4.29
1/25/06,4.29
1/26/06,4.29
1/27/06,4.29
1/30/06,4.29
1/31/06,4.29
2/1/06,4.49
2/2/06,4.49
2/3/06,4.49
2/6/06,4.49
2/7/06,4.49
2/8/06,4.49
2/9/06,4.49
2/10/06,4.49
2/13/06,4.49
2/14/06,4.49
2/15/06,4.49
2/16/06,4.49
2/17/06,4.49
2/20/06,4.49
2/21/06,4.49
2/22/06,4.49
2/23/06,4.49
2/24/06,4.49
2/27/06,4.49
2/28/06,4.49
3/1/06,4.59
3/2/06,4.59
3/3/06,4.59
3/6/06,4.59
3/7/06,4.59
3/8/06,4.59
3/9/06,4.59
3/10/06,4.59
3/13/06,4.59
3/14/06,4.59
3/15/06,4.59
3/16/06,4.59
3/17/06,4.59
3/20/06,4.59
3/21/06,4.59
3/22/06,4.59
3/23/06,4.59
3/24/06,4.59
3/27/06,4.59
3/28/06,4.59
3/29/06,4.59
3/30/06,4.59
3/31/06,4.59
4/3/06,4.79
4/4/06,4.79
4/5/06,4.79
4/6/06,4.79
4/7/06,4.79
4/10/06,4.79
4/11/06,4.79
4/12/06,4.79
4/13/06,4.79
4/14/06,4.79
4/17/06,4.79
4/18/06,4.79
4/19/06,4.79
4/20/06,4.79
4/21/06,4.79
4/24/06,4.79
4/25/06,4.79
4/26/06,4.79
4/27/06,4.79
4/28/06,4.79
5/1/06,4.94
5/2/06,4.94
5/3/06,4.94
5/4/06,4.94
5/5/06,4.94
5/8/06,4.94
5/9/06,4.94
5/10/06,4.94
5/11/06,4.94
5/12/06,4.94
5/15/06,4.94
5/16/06,4.94
5/17/06,4.94
5/18/06,4.94
5/19/06,4.94
5/22/06,4.94
5/23/06,4.94
5/24/06,4.94
5/25/06,4.94
5/26/06,4.94
5/29/06,4.94
5/30/06,4.94
5/31/06,4.94
6/1/06,4.99
6/2/06,4.99
6/5/06,4.99
6/6/06,4.99
6/7/06,4.99
6/8/06,4.99
6/9/06,4.99
6/12/06,4.99
6/13/06,4.99
6/14/06,4.99
6/15/06,4.99
6/16/06,4.99
6/19/06,4.99
6/20/06,4.99
6/21/06,4.99
6/22/06,4.99
6/23/06,4.99
6/26/06,4.99
6/27/06,4.99
6/28/06,4.99
6/29/06,4.99
6/30/06,4.99
7/3/06,5.24
7/4/06,5.24
7/5/06,5.24
7/6/06,5.24
7/7/06,5.24
7/10/06,5.24
7/11/06,5.24
7/12/06,5.24
7/13/06,5.24
7/14/06,5.24
7/17/06,5.24
7/18/06,5.24
7/19/06,5.24
7/20/06,5.24
7/21/06,5.24
7/24/06,5.24
7/25/06,5.24
7/26/06,5.24
7/27/06,5.24
7/28/06,5.24
7/31/06,5.24
8/1/06,5.25
8/2/06,5.25
8/3/06,5.25
8/4/06,5.25
8/7/06,5.25
8/8/06,5.25
8/9/06,5.25
8/10/06,5.25
8/11/06,5.25
8/14/06,5.25
8/15/06,5.25
8/16/06,5.25
8/17/06,5.25
8/18/06,5.25
8/21/06,5.25
8/22/06,5.25
8/23/06,5.25
8/24/06,5.25
8/25/06,5.25
8/28/06,5.25
8/29/06,5.25
8/30/06,5.25
8/31/06,5.25
9/1/06,5.25
9/4/06,5.25
9/5/06,5.25
9/6/06,5.25
9/7/06,5.25
9/8/06,5.25
9/11/06,5.25
9/12/06,5.25
9/13/06,5.25
9/14/06,5.25
9/15/06,5.25
9/18/06,5.25
9/19/06,5.25
9/20/06,5.25
9/21/06,5.25
9/22/06,5.25
9/25/06,5.25
9/26/06,5.25
9/27/06,5.25
9/28/06,5.25
9/29/06,5.25
10/2/06,5.25
10/3/06,5.25
10/4/06,5.25
10/5/06,5.25
10/6/06,5.25
10/9/06,5.25
10/10/06,5.25
10/11/06,5.25
10/12/06,5.25
10/13/06,5.25
10/16/06,5.25
10/17/06,5.25
10/18/06,5.25
10/19/06,5.25
10/20/06,5.25
10/23/06,5.25
10/24/06,5.25
10/25/06,5.25
10/26/06,5.25
10/27/06,5.25
10/30/06,5.25
10/31/06,5.25
11/1/06,5.25
11/2/06,5.25
11/3/06,5.25
11/6/06,5.25
11/7/06,5.25
11/8/06,5.25
11/9/06,5.25
11/10/06,5.25
11/13/06,5.25
11/14/06,5.25
11/15/06,5.25
11/16/06,5.25
11/17/06,5.25
11/20/06,5.25
11/21/06,5.25
11/22/06,5.25
11/23/06,5.25
11/24/06,5.25
11/27/06,5.25
11/28/06,5.25
11/29/06,5.25
11/30/06,5.25
12/1/06,5.24
12/4/06,5.24
12/5/06,5.24
12/6/06,5.24
12/7/06,5.24
12/8/06,5.24
12/11/06,5.24
12/12/06,5.24
12/13/06,5.24
12/14/06,5.24
12/15/06,5.24
12/18/06,5.24
12/19/06,5.24
12/20/06,5.24
12/21/06,5.24
12/22/06,5.24
12/25/06,5.24
12/26/06,5.24
12/27/06,5.24
12/28/06,5.24
12/29/06,5.24
1/1/07,5.25
1/2/07,5.25
1/3/07,5.25
1/4/07,5.25
1/5/07,5.25
1/8/07,5.25
1/9/07,5.25
1/10/07,5.25
1/11/07,5.25
1/12/07,5.25
1/15/07,5.25
1/16/07,5.25
1/17/07,5.25
1/18/07,5.25
1/19/07,5.25
1/22/07,5.25
1/23/07,5.25
1/24/07,5.25
1/25/07,5.25
1/26/07,5.25
1/29/07,5.25
1/30/07,5.25
1/31/07,5.25
2/1/07,5.26
2/2/07,5.26
2/5/07,5.26
2/6/07,5.26
2/7/07,5.26
2/8/07,5.26
2/9/07,5.26
2/12/07,5.26
2/13/07,5.26
2/14/07,5.26
2/15/07,5.26
2/16/07,5.26
2/19/07,5.26
2/20/07,5.26
2/21/07,5.26
2/22/07,5.26
2/23/07,5.26
2/26/07,5.26
2/27/07,5.26
2/28/07,5.26
3/1/07,5.26
3/2/07,5.26
3/5/07,5.26
3/6/07,5.26
3/7/07,5.26
3/8/07,5.26
3/9/07,5.26
3/12/07,5.26
3/13/07,5.26
3/14/07,5.26
3/15/07,5.26
3/16/07,5.26
3/19/07,5.26
3/20/07,5.26
3/21/07,5.26
3/22/07,5.26
3/23/07,5.26
3/26/07,5.26
3/27/07,5.26
3/28/07,5.26
3/29/07,5.26
3/30/07,5.26
4/2/07,5.25
4/3/07,5.25
4/4/07,5.25
4/5/07,5.25
4/6/07,5.25
4/9/07,5.25
4/10/07,5.25
4/11/07,5.25
4/12/07,5.25
4/13/07,5.25
4/16/07,5.25
4/17/07,5.25
4/18/07,5.25
4/19/07,5.25
4/20/07,5.25
4/23/07,5.25
4/24/07,5.25
4/25/07,5.25
4/26/07,5.25
4/27/07,5.25
4/30/07,5.25
5/1/07,5.25
5/2/07,5.25
5/3/07,5.25
5/4/07,5.25
5/7/07,5.25
5/8/07,5.25
5/9/07,5.25
5/10/07,5.25
5/11/07,5.25
5/14/07,5.25
5/15/07,5.25
5/16/07,5.25
5/17/07,5.25
5/18/07,5.25
5/21/07,5.25
5/22/07,5.25
5/23/07,5.25
5/24/07,5.25
5/25/07,5.25
5/28/07,5.25
5/29/07,5.25
5/30/07,5.25
5/31/07,5.25
6/1/07,5.25
6/4/07,5.25
6/5/07,5.25
6/6/07,5.25
6/7/07,5.25
6/8/07,5.25
6/11/07,5.25
6/12/07,5.25
6/13/07,5.25
6/14/07,5.25
6/15/07,5.25
6/18/07,5.25
6/19/07,5.25
6/20/07,5.25
6/21/07,5.25
6/22/07,5.25
6/25/07,5.25
6/26/07,5.25
6/27/07,5.25
6/28/07,5.25
6/29/07,5.25
7/2/07,5.26
7/3/07,5.26
7/4/07,5.26
7/5/07,5.26
7/6/07,5.26
7/9/07,5.26
7/10/07,5.26
7/11/07,5.26
7/12/07,5.26
7/13/07,5.26
7/16/07,5.26
7/17/07,5.26
7/18/07,5.26
7/19/07,5.26
7/20/07,5.26
7/23/07,5.26
7/24/07,5.26
7/25/07,5.26
7/26/07,5.26
7/27/07,5.26
7/30/07,5.26
7/31/07,5.26
8/1/07,5.02
8/2/07,5.02
8/3/07,5.02
8/6/07,5.02
8/7/07,5.02
8/8/07,5.02
8/9/07,5.02
8/10/07,5.02
8/13/07,5.02
8/14/07,5.02
8/15/07,5.02
8/16/07,5.02
8/17/07,5.02
8/20/07,5.02
8/21/07,5.02
8/22/07,5.02
8/23/07,5.02
8/24/07,5.02
8/27/07,5.02
8/28/07,5.02
8/29/07,5.02
8/30/07,5.02
8/31/07,5.02
9/3/07,4.94
9/4/07,4.94
9/5/07,4.94
9/6/07,4.94
9/7/07,4.94
9/10/07,4.94
9/11/07,4.94
9/12/07,4.94
9/13/07,4.94
9/14/07,4.94
9/17/07,4.94
9/18/07,4.94
9/19/07,4.94
9/20/07,4.94
9/21/07,4.94
9/24/07,4.94
9/25/07,4.94
9/26/07,4.94
9/27/07,4.94
9/28/07,4.94
10/1/07,4.76
10/2/07,4.76
10/3/07,4.76
10/4/07,4.76
10/5/07,4.76
10/8/07,4.76
10/9/07,4.76
10/10/07,4.76
10/11/07,4.76
10/12/07,4.76
10/15/07,4.76
10/16/07,4.76
10/17/07,4.76
10/18/07,4.76
10/19/07,4.76
10/22/07,4.76
10/23/07,4.76
10/24/07,4.76
10/25/07,4.76
10/26/07,4.76
10/29/07,4.76
10/30/07,4.76
10/31/07,4.76
11/1/07,4.49
11/2/07,4.49
11/5/07,4.49
11/6/07,4.49
11/7/07,4.49
11/8/07,4.49
11/9/07,4.49
11/12/07,4.49
11/13/07,4.49
11/14/07,4.49
11/15/07,4.49
11/16/07,4.49
11/19/07,4.49
11/20/07,4.49
11/21/07,4.49
11/22/07,4.49
11/23/07,4.49
11/26/07,4.49
11/27/07,4.49
11/28/07,4.49
11/29/07,4.49
11/30/07,4.49
12/3/07,4.24
12/4/07,4.24
12/5/07,4.24
12/6/07,4.24
12/7/07,4.24
12/10/07,4.24
12/11/07,4.24
12/12/07,4.24
12/13/07,4.24
12/14/07,4.24
12/17/07,4.24
12/18/07,4.24
12/19/07,4.24
12/20/07,4.24
12/21/07,4.24
12/24/07,4.24
12/25/07,4.24
12/26/07,4.24
12/27/07,4.24
12/28/07,4.24
12/31/07,4.24
1/1/08,3.94
1/2/08,3.94
1/3/08,3.94
1/4/08,3.94
1/7/08,3.94
1/8/08,3.94
1/9/08,3.94
1/10/08,3.94
1/11/08,3.94
1/14/08,3.94
1/15/08,3.94
1/16/08,3.94
1/17/08,3.94
1/18/08,3.94
1/21/08,3.94
1/22/08,3.94
1/23/08,3.94
1/24/08,3.94
1/25/08,3.94
1/28/08,3.94
1/29/08,3.94
1/30/08,3.94
1/31/08,3.94
2/1/08,2.98
2/4/08,2.98
2/5/08,2.98
2/6/08,2.98
2/7/08,2.98
2/8/08,2.98
2/11/08,2.98
2/12/08,2.98
2/13/08,2.98
2/14/08,2.98
2/15/08,2.98
2/18/08,2.98
2/19/08,2.98
2/20/08,2.98
2/21/08,2.98
2/22/08,2.98
2/25/08,2.98
2/26/08,2.98
2/27/08,2.98
2/28/08,2.98
2/29/08,2.98
3/3/08,2.61
3/4/08,2.61
3/5/08,2.61
3/6/08,2.61
3/7/08,2.61
3/10/08,2.61
3/11/08,2.61
3/12/08,2.61
3/13/08,2.61
3/14/08,2.61
3/17/08,2.61
3/18/08,2.61
3/19/08,2.61
3/20/08,2.61
3/21/08,2.61
3/24/08,2.61
3/25/08,2.61
3/26/08,2.61
3/27/08,2.61
3/28/08,2.61
3/31/08,2.61
4/1/08,2.28
4/2/08,2.28
4/3/08,2.28
4/4/08,2.28
4/7/08,2.28
4/8/08,2.28
4/9/08,2.28
4/10/08,2.28
4/11/08,2.28
4/14/08,2.28
4/15/08,2.28
4/16/08,2.28
4/17/08,2.28
4/18/08,2.28
4/21/08,2.28
4/22/08,2.28
4/23/08,2.28
4/24/08,2.28
4/25/08,2.28
4/28/08,2.28
4/29/08,2.28
4/30/08,2.28
5/1/08,1.98
5/2/08,1.98
5/5/08,1.98
5/6/08,1.98
5/7/08,1.98
5/8/08,1.98
5/9/08,1.98
5/12/08,1.98
5/13/08,1.98
5/14/08,1.98
5/15/08,1.98
5/16/08,1.98
5/19/08,1.98
5/20/08,1.98
5/21/08,1.98
5/22/08,1.98
5/23/08,1.98
5/26/08,1.98
5/27/08,1.98
5/28/08,1.98
5/29/08,1.98
5/30/08,1.98
6/2/08,2
6/3/08,2
6/4/08,2
6/5/08,2
6/6/08,2
6/9/08,2
6/10/08,2
6/11/08,2
6/12/08,2
6/13/08,2
6/16/08,2
6/17/08,2
6/18/08,2
6/19/08,2
6/20/08,2
6/23/08,2
6/24/08,2
6/25/08,2
6/26/08,2
6/27/08,2
6/30/08,2
7/1/08,2.01
7/2/08,2.01
7/3/08,2.01
7/4/08,2.01
7/7/08,2.01
7/8/08,2.01
7/9/08,2.01
7/10/08,2.01
7/11/08,2.01
7/14/08,2.01
7/15/08,2.01
7/16/08,2.01
7/17/08,2.01
7/18/08,2.01
7/21/08,2.01
7/22/08,2.01
7/23/08,2.01
7/24/08,2.01
7/25/08,2.01
7/28/08,2.01
7/29/08,2.01
7/30/08,2.01
7/31/08,2.01
8/1/08,2
8/4/08,2
8/5/08,2
8/6/08,2
8/7/08,2
8/8/08,2
8/11/08,2
8/12/08,2
8/13/08,2
8/14/08,2
8/15/08,2
8/18/08,2
8/19/08,2
8/20/08,2
8/21/08,2
8/22/08,2
8/25/08,2
8/26/08,2
8/27/08,2
8/28/08,2
8/29/08,2
9/1/08,1.81
9/2/08,1.81
9/3/08,1.81
9/4/08,1.81
9/5/08,1.81
9/8/08,1.81
9/9/08,1.81
9/10/08,1.81
9/11/08,1.81
9/12/08,1.81
9/15/08,1.81
9/16/08,1.81
9/17/08,1.81
9/18/08,1.81
9/19/08,1.81
9/22/08,1.81
9/23/08,1.81
9/24/08,1.81
9/25/08,1.81
9/26/08,1.81
9/29/08,1.81
9/30/08,1.81
10/1/08,0.97
10/2/08,0.97
10/3/08,0.97
10/6/08,0.97
10/7/08,0.97
10/8/08,0.97
10/9/08,0.97
10/10/08,0.97
10/13/08,0.97
10/14/08,0.97
10/15/08,0.97
10/16/08,0.97
10/17/08,0.97
10/20/08,0.97
10/21/08,0.97
10/22/08,0.97
10/23/08,0.97
10/24/08,0.97
10/27/08,0.97
10/28/08,0.97
10/29/08,0.97
10/30/08,0.97
10/31/08,0.97
11/3/08,0.39
11/4/08,0.39
11/5/08,0.39
11/6/08,0.39
11/7/08,0.39
11/10/08,0.39
11/11/08,0.39
11/12/08,0.39
11/13/08,0.39
11/14/08,0.39
11/17/08,0.39
11/18/08,0.39
11/19/08,0.39
11/20/08,0.39
11/21/08,0.39
11/24/08,0.39
11/25/08,0.39
11/26/08,0.39
11/27/08,0.39
11/28/08,0.39
12/1/08,0.16
12/2/08,0.16
12/3/08,0.16
12/4/08,0.16
12/5/08,0.16
12/8/08,0.16
12/9/08,0.16
12/10/08,0.16
12/11/08,0.16
12/12/08,0.16
12/15/08,0.16
12/16/08,0.16
12/17/08,0.16
12/18/08,0.16
12/19/08,0.16
12/22/08,0.16
12/23/08,0.16
12/24/08,0.16
12/25/08,0.16
12/26/08,0.16
12/29/08,0.16
12/30/08,0.16
12/31/08,0.16
1/1/09,0.15
1/2/09,0.15
1/5/09,0.15
1/6/09,0.15
1/7/09,0.15
1/8/09,0.15
1/9/09,0.15
1/12/09,0.15
1/13/09,0.15
1/14/09,0.15
1/15/09,0.15
1/16/09,0.15
1/19/09,0.15
1/20/09,0.15
1/21/09,0.15
1/22/09,0.15
1/23/09,0.15
1/26/09,0.15
1/27/09,0.15
1/28/09,0.15
1/29/09,0.15
1/30/09,0.15
2/2/09,0.22
2/3/09,0.22
2/4/09,0.22
2/5/09,0.22
2/6/09,0.22
2/9/09,0.22
2/10/09,0.22
2/11/09,0.22
2/12/09,0.22
2/13/09,0.22
2/16/09,0.22
2/17/09,0.22
2/18/09,0.22
2/19/09,0.22
2/20/09,0.22
2/23/09,0.22
2/24/09,0.22
2/25/09,0.22
2/26/09,0.22
2/27/09,0.22
3/2/09,0.18
3/3/09,0.18
3/4/09,0.18
3/5/09,0.18
3/6/09,0.18
3/9/09,0.18
3/10/09,0.18
3/11/09,0.18
3/12/09,0.18
3/13/09,0.18
3/16/09,0.18
3/17/09,0.18
3/18/09,0.18
3/19/09,0.18
3/20/09,0.18
3/23/09,0.18
3/24/09,0.18
3/25/09,0.18
3/26/09,0.18
3/27/09,0.18
3/30/09,0.18
3/31/09,0.18
4/1/09,0.15
4/2/09,0.15
4/3/09,0.15
4/6/09,0.15
4/7/09,0.15
4/8/09,0.15
4/9/09,0.15
4/10/09,0.15
4/13/09,0.15
4/14/09,0.15
4/15/09,0.15
4/16/09,0.15
4/17/09,0.15
4/20/09,0.15
4/21/09,0.15
4/22/09,0.15
4/23/09,0.15
4/24/09,0.15
4/27/09,0.15
4/28/09,0.15
4/29/09,0.15
4/30/09,0.15
5/1/09,0.18
5/4/09,0.18
5/5/09,0.18
5/6/09,0.18
5/7/09,0.18
5/8/09,0.18
5/11/09,0.18
5/12/09,0.18
5/13/09,0.18
5/14/09,0.18
5/15/09,0.18
5/18/09,0.18
5/19/09,0.18
5/20/09,0.18
5/21/09,0.18
5/22/09,0.18
5/25/09,0.18
5/26/09,0.18
5/27/09,0.18
5/28/09,0.18
5/29/09,0.18
6/1/09,0.21
6/2/09,0.21
6/3/09,0.21
6/4/09,0.21
6/5/09,0.21
6/8/09,0.21
6/9/09,0.21
6/10/09,0.21
6/11/09,0.21
6/12/09,0.21
6/15/09,0.21
6/16/09,0.21
6/17/09,0.21
6/18/09,0.21
6/19/09,0.21
6/22/09,0.21
6/23/09,0.21
6/24/09,0.21
6/25/09,0.21
6/26/09,0.21
6/29/09,0.21
6/30/09,0.21
7/1/09,0.16
7/2/09,0.16
7/3/09,0.16
7/6/09,0.16
7/7/09,0.16
7/8/09,0.16
7/9/09,0.16
7/10/09,0.16
7/13/09,0.16
7/14/09,0.16
7/15/09,0.16
7/16/09,0.16
7/17/09,0.16
7/20/09,0.16
7/21/09,0.16
7/22/09,0.16
7/23/09,0.16
7/24/09,0.16
7/27/09,0.16
7/28/09,0.16
7/29/09,0.16
7/30/09,0.16
7/31/09,0.16
8/3/09,0.16
8/4/09,0.16
8/5/09,0.16
8/6/09,0.16
8/7/09,0.16
8/10/09,0.16
8/11/09,0.16
8/12/09,0.16
8/13/09,0.16
8/14/09,0.16
8/17/09,0.16
8/18/09,0.16
8/19/09,0.16
8/20/09,0.16
8/21/09,0.16
8/24/09,0.16
8/25/09,0.16
8/26/09,0.16
8/27/09,0.16
8/28/09,0.16
8/31/09,0.16
9/1/09,0.15
9/2/09,0.15
9/3/09,0.15
9/4/09,0.15
9/7/09,0.15
9/8/09,0.15
9/9/09,0.15
9/10/09,0.15
9/11/09,0.15
9/14/09,0.15
9/15/09,0.15
9/16/09,0.15
9/17/09,0.15
9/18/09,0.15
9/21/09,0.15
9/22/09,0.15
9/23/09,0.15
9/24/09,0.15
9/25/09,0.15
9/28/09,0.15
9/29/09,0.15
9/30/09,0.15
10/1/09,0.12
10/2/09,0.12
10/5/09,0.12
10/6/09,0.12
10/7/09,0.12
10/8/09,0.12
10/9/09,0.12
10/12/09,0.12
10/13/09,0.12
10/14/09,0.12
10/15/09,0.12
10/16/09,0.12
10/19/09,0.12
10/20/09,0.12
10/21/09,0.12
10/22/09,0.12
10/23/09,0.12
10/26/09,0.12
10/27/09,0.12
10/28/09,0.12
10/29/09,0.12
10/30/09,0.12
11/2/09,0.12
11/3/09,0.12
11/4/09,0.12
11/5/09,0.12
11/6/09,0.12
11/9/09,0.12
11/10/09,0.12
11/11/09,0.12
11/12/09,0.12
11/13/09,0.12
11/16/09,0.12
11/17/09,0.12
11/18/09,0.12
11/19/09,0.12
11/20/09,0.12
11/23/09,0.12
11/24/09,0.12
11/25/09,0.12
11/26/09,0.12
11/27/09,0.12
11/30/09,0.12
12/1/09,0.12
12/2/09,0.12
12/3/09,0.12
12/4/09,0.12
12/7/09,0.12
12/8/09,0.12
12/9/09,0.12
12/10/09,0.12
12/11/09,0.12
12/14/09,0.12
12/15/09,0.12
12/16/09,0.12
12/17/09,0.12
12/18/09,0.12
12/21/09,0.12
12/22/09,0.12
12/23/09,0.12
12/24/09,0.12
12/25/09,0.12
12/28/09,0.12
12/29/09,0.12
12/30/09,0.12
12/31/09,0.12
1/1/10,0.11
1/4/10,0.11
1/5/10,0.11
1/6/10,0.11
1/7/10,0.11
1/8/10,0.11
1/11/10,0.11
1/12/10,0.11
1/13/10,0.11
1/14/10,0.11
1/15/10,0.11
1/18/10,0.11
1/19/10,0.11
1/20/10,0.11
1/21/10,0.11
1/22/10,0.11
1/25/10,0.11
1/26/10,0.11
1/27/10,0.11
1/28/10,0.11
1/29/10,0.11
2/1/10,0.13
2/2/10,0.13
2/3/10,0.13
2/4/10,0.13
2/5/10,0.13
2/8/10,0.13
2/9/10,0.13
2/10/10,0.13
2/11/10,0.13
2/12/10,0.13
2/15/10,0.13
2/16/10,0.13
2/17/10,0.13
2/18/10,0.13
2/19/10,0.13
2/22/10,0.13
2/23/10,0.13
2/24/10,0.13
2/25/10,0.13
2/26/10,0.13
3/1/10,0.16
3/2/10,0.16
3/3/10,0.16
3/4/10,0.16
3/5/10,0.16
3/8/10,0.16
3/9/10,0.16
3/10/10,0.16
3/11/10,0.16
3/12/10,0.16
3/15/10,0.16
3/16/10,0.16
3/17/10,0.16
3/18/10,0.16
3/19/10,0.16
3/22/10,0.16
3/23/10,0.16
3/24/10,0.16
3/25/10,0.16
3/26/10,0.16
3/29/10,0.16
3/30/10,0.16
3/31/10,0.16
4/1/10,0.2
4/2/10,0.2
4/5/10,0.2
4/6/10,0.2
4/7/10,0.2
4/8/10,0.2
4/9/10,0.2
4/12/10,0.2
4/13/10,0.2
4/14/10,0.2
4/15/10,0.2
4/16/10,0.2
4/19/10,0.2
4/20/10,0.2
4/21/10,0.2
4/22/10,0.2
4/23/10,0.2
4/26/10,0.2
4/27/10,0.2
4/28/10,0.2
4/29/10,0.2
4/30/10,0.2
5/3/10,0.2
5/4/10,0.2
5/5/10,0.2
5/6/10,0.2
5/7/10,0.2
5/10/10,0.2
5/11/10,0.2
5/12/10,0.2
5/13/10,0.2
5/14/10,0.2
5/17/10,0.2
5/18/10,0.2
5/19/10,0.2
5/20/10,0.2
5/21/10,0.2
5/24/10,0.2
5/25/10,0.2
5/26/10,0.2
5/27/10,0.2
5/28/10,0.2
5/31/10,0.2
6/1/10,0.18
6/2/10,0.18
6/3/10,0.18
6/4/10,0.18
6/7/10,0.18
6/8/10,0.18
6/9/10,0.18
6/10/10,0.18
6/11/10,0.18
6/14/10,0.18
6/15/10,0.18
6/16/10,0.18
6/17/10,0.18
6/18/10,0.18
6/21/10,0.18
6/22/10,0.18
6/23/10,0.18
6/24/10,0.18
6/25/10,0.18
6/28/10,0.18
6/29/10,0.18
6/30/10,0.18
7/1/10,0.18
7/2/10,0.18
7/5/10,0.18
7/6/10,0.18
7/7/10,0.18
7/8/10,0.18
7/9/10,0.18
7/12/10,0.18
7/13/10,0.18
7/14/10,0.18
7/15/10,0.18
7/16/10,0.18
7/19/10,0.18
7/20/10,0.18
7/21/10,0.18
7/22/10,0.18
7/23/10,0.18
7/26/10,0.18
7/27/10,0.18
7/28/10,0.18
7/29/10,0.18
7/30/10,0.18
8/2/10,0.19
8/3/10,0.19
8/4/10,0.19
8/5/10,0.19
8/6/10,0.19
8/9/10,0.19
8/10/10,0.19
8/11/10,0.19
8/12/10,0.19
8/13/10,0.19
8/16/10,0.19
8/17/10,0.19
8/18/10,0.19
8/19/10,0.19
8/20/10,0.19
8/23/10,0.19
8/24/10,0.19
8/25/10,0.19
8/26/10,0.19
8/27/10,0.19
8/30/10,0.19
8/31/10,0.19
9/1/10,0.19
9/2/10,0.19
9/3/10,0.19
9/6/10,0.19
9/7/10,0.19
9/8/10,0.19
9/9/10,0.19
9/10/10,0.19
9/13/10,0.19
9/14/10,0.19
9/15/10,0.19
9/16/10,0.19
9/17/10,0.19
9/20/10,0.19
9/21/10,0.19
9/22/10,0.19
9/23/10,0.19
9/24/10,0.19
9/27/10,0.19
9/28/10,0.19
9/29/10,0.19
9/30/10,0.19
10/1/10,0.19
10/4/10,0.19
10/5/10,0.19
10/6/10,0.19
10/7/10,0.19
10/8/10,0.19
10/11/10,0.19
10/12/10,0.19
10/13/10,0.19
10/14/10,0.19
10/15/10,0.19
10/18/10,0.19
10/19/10,0.19
10/20/10,0.19
10/21/10,0.19
10/22/10,0.19
10/25/10,0.19
10/26/10,0.19
10/27/10,0.19
10/28/10,0.19
10/29/10,0.19
11/1/10,0.19
11/2/10,0.19
11/3/10,0.19
11/4/10,0.19
11/5/10,0.19
11/8/10,0.19
11/9/10,0.19
11/10/10,0.19
11/11/10,0.19
11/12/10,0.19
11/15/10,0.19
11/16/10,0.19
11/17/10,0.19
11/18/10,0.19
11/19/10,0.19
11/22/10,0.19
11/23/10,0.19
11/24/10,0.19
11/25/10,0.19
11/26/10,0.19
11/29/10,0.19
11/30/10,0.19
12/1/10,0.18
12/2/10,0.18
12/3/10,0.18
12/6/10,0.18
12/7/10,0.18
12/8/10,0.18
12/9/10,0.18
12/10/10,0.18
12/13/10,0.18
12/14/10,0.18
12/15/10,0.18
12/16/10,0.18
12/17/10,0.18
12/20/10,0.18
12/21/10,0.18
12/22/10,0.18
12/23/10,0.18
12/24/10,0.18
12/27/10,0.18
12/28/10,0.18
12/29/10,0.18
12/30/10,0.18
12/31/10,0.18
1/3/11,0.17
1/4/11,0.17
1/5/11,0.17
1/6/11,0.17
1/7/11,0.17
1/10/11,0.17
1/11/11,0.17
1/12/11,0.17
1/13/11,0.17
1/14/11,0.17
1/17/11,0.17
1/18/11,0.17
1/19/11,0.17
1/20/11,0.17
1/21/11,0.17
1/24/11,0.17
1/25/11,0.17
1/26/11,0.17
1/27/11,0.17
1/28/11,0.17
1/31/11,0.17
2/1/11,0.16
2/2/11,0.16
2/3/11,0.16
2/4/11,0.16
2/7/11,0.16
2/8/11,0.16
2/9/11,0.16
2/10/11,0.16
2/11/11,0.16
2/14/11,0.16
2/15/11,0.16
2/16/11,0.16
2/17/11,0.16
2/18/11,0.16
2/21/11,0.16
2/22/11,0.16
2/23/11,0.16
2/24/11,0.16
2/25/11,0.16
2/28/11,0.16
3/1/11,0.14
3/2/11,0.14
3/3/11,0.14
3/4/11,0.14
3/7/11,0.14
3/8/11,0.14
3/9/11,0.14
3/10/11,0.14
3/11/11,0.14
3/14/11,0.14
3/15/11,0.14
3/16/11,0.14
3/17/11,0.14
3/18/11,0.14
3/21/11,0.14
3/22/11,0.14
3/23/11,0.14
3/24/11,0.14
3/25/11,0.14
3/28/11,0.14
3/29/11,0.14
3/30/11,0.14
3/31/11,0.14
4/1/11,0.1
4/4/11,0.1
4/5/11,0.1
4/6/11,0.1
4/7/11,0.1
4/8/11,0.1
4/11/11,0.1
4/12/11,0.1
4/13/11,0.1
4/14/11,0.1
4/15/11,0.1
4/18/11,0.1
4/19/11,0.1
4/20/11,0.1
4/21/11,0.1
4/22/11,0.1
4/25/11,0.1
4/26/11,0.1
4/27/11,0.1
4/28/11,0.1
4/29/11,0.1
5/2/11,0.09
5/3/11,0.09
5/4/11,0.09
5/5/11,0.09
5/6/11,0.09
5/9/11,0.09
5/10/11,0.09
5/11/11,0.09
5/12/11,0.09
5/13/11,0.09
5/16/11,0.09
5/17/11,0.09
5/18/11,0.09
5/19/11,0.09
5/20/11,0.09
5/23/11,0.09
5/24/11,0.09
5/25/11,0.09
5/26/11,0.09
5/27/11,0.09
5/30/11,0.09
5/31/11,0.09
6/1/11,0.09
6/2/11,0.09
6/3/11,0.09
6/6/11,0.09
6/7/11,0.09
6/8/11,0.09
6/9/11,0.09
6/10/11,0.09
6/13/11,0.09
6/14/11,0.09
6/15/11,0.09
6/16/11,0.09
6/17/11,0.09
6/20/11,0.09
6/21/11,0.09
6/22/11,0.09
6/23/11,0.09
6/24/11,0.09
6/27/11,0.09
6/28/11,0.09
6/29/11,0.09
6/30/11,0.09
7/1/11,0.07
7/4/11,0.07
7/5/11,0.07
7/6/11,0.07
7/7/11,0.07
7/8/11,0.07
7/11/11,0.07
7/12/11,0.07
7/13/11,0.07
7/14/11,0.07
7/15/11,0.07
7/18/11,0.07
7/19/11,0.07
7/20/11,0.07
7/21/11,0.07
7/22/11,0.07
7/25/11,0.07
7/26/11,0.07
7/27/11,0.07
7/28/11,0.07
7/29/11,0.07
8/1/11,0.1
8/2/11,0.1
8/3/11,0.1
8/4/11,0.1
8/5/11,0.1
8/8/11,0.1
8/9/11,0.1
8/10/11,0.1
8/11/11,0.1
8/12/11,0.1
8/15/11,0.1
8/16/11,0.1
8/17/11,0.1
8/18/11,0.1
8/19/11,0.1
8/22/11,0.1
8/23/11,0.1
8/24/11,0.1
8/25/11,0.1
8/26/11,0.1
8/29/11,0.1
8/30/11,0.1
8/31/11,0.1
9/1/11,0.08
9/2/11,0.08
9/5/11,0.08
9/6/11,0.08
9/7/11,0.08
9/8/11,0.08
9/9/11,0.08
9/12/11,0.08
9/13/11,0.08
9/14/11,0.08
9/15/11,0.08
9/16/11,0.08
9/19/11,0.08
9/20/11,0.08
9/21/11,0.08
9/22/11,0.08
9/23/11,0.08
9/26/11,0.08
9/27/11,0.08
9/28/11,0.08
9/29/11,0.08
9/30/11,0.08
10/3/11,0.07
10/4/11,0.07
10/5/11,0.07
10/6/11,0.07
10/7/11,0.07
10/10/11,0.07
10/11/11,0.07
10/12/11,0.07
10/13/11,0.07
10/14/11,0.07
10/17/11,0.07
10/18/11,0.07
10/19/11,0.07
10/20/11,0.07
10/21/11,0.07
10/24/11,0.07
10/25/11,0.07
10/26/11,0.07
10/27/11,0.07
10/28/11,0.07
10/31/11,0.07
11/1/11,0.08
11/2/11,0.08
11/3/11,0.08
11/4/11,0.08
11/7/11,0.08
11/8/11,0.08
11/9/11,0.08
11/10/11,0.08
11/11/11,0.08
11/14/11,0.08
11/15/11,0.08
11/16/11,0.08
11/17/11,0.08
11/18/11,0.08
11/21/11,0.08
11/22/11,0.08
11/23/11,0.08
11/24/11,0.08
11/25/11,0.08
11/28/11,0.08
11/29/11,0.08
11/30/11,0.08
12/1/11,0.07
12/2/11,0.07
12/5/11,0.07
12/6/11,0.07
12/7/11,0.07
12/8/11,0.07
12/9/11,0.07
12/12/11,0.07
12/13/11,0.07
12/14/11,0.07
12/15/11,0.07
12/16/11,0.07
12/19/11,0.07
12/20/11,0.07
12/21/11,0.07
12/22/11,0.07
12/23/11,0.07
12/26/11,0.07
12/27/11,0.07
12/28/11,0.07
12/29/11,0.07
12/30/11,0.07
1/2/12,0.08
1/3/12,0.08
1/4/12,0.08
1/5/12,0.08
1/6/12,0.08
1/9/12,0.08
1/10/12,0.08
1/11/12,0.08
1/12/12,0.08
1/13/12,0.08
1/16/12,0.08
1/17/12,0.08
1/18/12,0.08
1/19/12,0.08
1/20/12,0.08
1/23/12,0.08
1/24/12,0.08
1/25/12,0.08
1/26/12,0.08
1/27/12,0.08
1/30/12,0.08
1/31/12,0.08
2/1/12,0.1
2/2/12,0.1
2/3/12,0.1
2/6/12,0.1
2/7/12,0.1
2/8/12,0.1
2/9/12,0.1
2/10/12,0.1
2/13/12,0.1
2/14/12,0.1
2/15/12,0.1
2/16/12,0.1
2/17/12,0.1
2/20/12,0.1
2/21/12,0.1
2/22/12,0.1
2/23/12,0.1
2/24/12,0.1
2/27/12,0.1
2/28/12,0.1
2/29/12,0.1
3/1/12,0.13
3/2/12,0.13
3/5/12,0.13
3/6/12,0.13
3/7/12,0.13
3/8/12,0.13
3/9/12,0.13
3/12/12,0.13
3/13/12,0.13
3/14/12,0.13
3/15/12,0.13
3/16/12,0.13
3/19/12,0.13
3/20/12,0.13
3/21/12,0.13
3/22/12,0.13
3/23/12,0.13
3/26/12,0.13
3/27/12,0.13
3/28/12,0.13
3/29/12,0.13
3/30/12,0.13
4/2/12,0.14
4/3/12,0.14
4/4/12,0.14
4/5/12,0.14
4/6/12,0.14
4/9/12,0.14
4/10/12,0.14
4/11/12,0.14
4/12/12,0.14
4/13/12,0.14
4/16/12,0.14
4/17/12,0.14
4/18/12,0.14
4/19/12,0.14
4/20/12,0.14
4/23/12,0.14
4/24/12,0.14
4/25/12,0.14
4/26/12,0.14
4/27/12,0.14
4/30/12,0.14
5/1/12,0.16
5/2/12,0.16
5/3/12,0.16
5/4/12,0.16
5/7/12,0.16
5/8/12,0.16
5/9/12,0.16
5/10/12,0.16
5/11/12,0.16
5/14/12,0.16
5/15/12,0.16
5/16/12,0.16
5/17/12,0.16
5/18/12,0.16
5/21/12,0.16
5/22/12,0.16
5/23/12,0.16
5/24/12,0.16
5/25/12,0.16
5/28/12,0.16
5/29/12,0.16
5/30/12,0.16
5/31/12,0.16
6/1/12,0.16
6/4/12,0.16
6/5/12,0.16
6/6/12,0.16
6/7/12,0.16
6/8/12,0.16
6/11/12,0.16
6/12/12,0.16
6/13/12,0.16
6/14/12,0.16
6/15/12,0.16
6/18/12,0.16
6/19/12,0.16
6/20/12,0.16
6/21/12,0.16
6/22/12,0.16
6/25/12,0.16
6/26/12,0.16
6/27/12,0.16
6/28/12,0.16
6/29/12,0.16
7/2/12,0.16
7/3/12,0.16
7/4/12,0.16
7/5/12,0.16
7/6/12,0.16
7/9/12,0.16
7/10/12,0.16
7/11/12,0.16
7/12/12,0.16
7/13/12,0.16
7/16/12,0.16
7/17/12,0.16
7/18/12,0.16
7/19/12,0.16
7/20/12,0.16
7/23/12,0.16
7/24/12,0.16
7/25/12,0.16
7/26/12,0.16
7/27/12,0.16
7/30/12,0.16
7/31/12,0.16
8/1/12,0.13
8/2/12,0.13
8/3/12,0.13
8/6/12,0.13
8/7/12,0.13
8/8/12,0.13
8/9/12,0.13
8/10/12,0.13
8/13/12,0.13
8/14/12,0.13
8/15/12,0.13
8/16/12,0.13
8/17/12,0.13
8/20/12,0.13
8/21/12,0.13
8/22/12,0.13
8/23/12,0.13
8/24/12,0.13
8/27/12,0.13
8/28/12,0.13
8/29/12,0.13
8/30/12,0.13
8/31/12,0.13
9/3/12,0.14
9/4/12,0.14
9/5/12,0.14
9/6/12,0.14
9/7/12,0.14
9/10/12,0.14
9/11/12,0.14
9/12/12,0.14
9/13/12,0.14
9/14/12,0.14
9/17/12,0.14
9/18/12,0.14
9/19/12,0.14
9/20/12,0.14
9/21/12,0.14
9/24/12,0.14
9/25/12,0.14
9/26/12,0.14
9/27/12,0.14
9/28/12,0.14
10/1/12,0.16
10/2/12,0.16
10/3/12,0.16
10/4/12,0.16
10/5/12,0.16
10/8/12,0.16
10/9/12,0.16
10/10/12,0.16
10/11/12,0.16
10/12/12,0.16
10/15/12,0.16
10/16/12,0.16
10/17/12,0.16
10/18/12,0.16
10/19/12,0.16
10/22/12,0.16
10/23/12,0.16
10/24/12,0.16
10/25/12,0.16
10/26/12,0.16
10/29/12,0.16
10/30/12,0.16
10/31/12,0.16
11/1/12,0.16
11/2/12,0.16
11/5/12,0.16
11/6/12,0.16
11/7/12,0.16
11/8/12,0.16
11/9/12,0.16
11/12/12,0.16
11/13/12,0.16
11/14/12,0.16
11/15/12,0.16
11/16/12,0.16
11/19/12,0.16
11/20/12,0.16
11/21/12,0.16
11/22/12,0.16
11/23/12,0.16
11/26/12,0.16
11/27/12,0.16
11/28/12,0.16
11/29/12,0.16
11/30/12,0.16
12/3/12,0.16
12/4/12,0.16
12/5/12,0.16
12/6/12,0.16
12/7/12,0.16
12/10/12,0.16
12/11/12,0.16
12/12/12,0.16
12/13/12,0.16
12/14/12,0.16
12/17/12,0.16
12/18/12,0.16
12/19/12,0.16
12/20/12,0.16
12/21/12,0.16
12/24/12,0.16
12/25/12,0.16
12/26/12,0.16
12/27/12,0.16
12/28/12,0.16
12/31/12,0.16
1/1/13,0.14
1/2/13,0.14
1/3/13,0.14
1/4/13,0.14
1/7/13,0.14
1/8/13,0.14
1/9/13,0.14
1/10/13,0.14
1/11/13,0.14
1/14/13,0.14
1/15/13,0.14
1/16/13,0.14
1/17/13,0.14
1/18/13,0.14
1/21/13,0.14
1/22/13,0.14
1/23/13,0.14
1/24/13,0.14
1/25/13,0.14
1/28/13,0.14
1/29/13,0.14
1/30/13,0.14
1/31/13,0.14
2/1/13,0.15
2/4/13,0.15
2/5/13,0.15
2/6/13,0.15
2/7/13,0.15
2/8/13,0.15
2/11/13,0.15
2/12/13,0.15
2/13/13,0.15
2/14/13,0.15
2/15/13,0.15
2/18/13,0.15
2/19/13,0.15
2/20/13,0.15
2/21/13,0.15
2/22/13,0.15
2/25/13,0.15
2/26/13,0.15
2/27/13,0.15
2/28/13,0.15
3/1/13,0.14
3/4/13,0.14
3/5/13,0.14
3/6/13,0.14
3/7/13,0.14
3/8/13,0.14
3/11/13,0.14
3/12/13,0.14
3/13/13,0.14
3/14/13,0.14
3/15/13,0.14
3/18/13,0.14
3/19/13,0.14
3/20/13,0.14
3/21/13,0.14
3/22/13,0.14
3/25/13,0.14
3/26/13,0.14
3/27/13,0.14
3/28/13,0.14
3/29/13,0.14
4/1/13,0.15
4/2/13,0.15
4/3/13,0.15
4/4/13,0.15
4/5/13,0.15
4/8/13,0.15
4/9/13,0.15
4/10/13,0.15
4/11/13,0.15
4/12/13,0.15
4/15/13,0.15
4/16/13,0.15
4/17/13,0.15
4/18/13,0.15
4/19/13,0.15
4/22/13,0.15
4/23/13,0.15
4/24/13,0.15
4/25/13,0.15
4/26/13,0.15
4/29/13,0.15
4/30/13,0.15
5/1/13,0.11
5/2/13,0.11
5/3/13,0.11
5/6/13,0.11
5/7/13,0.11
5/8/13,0.11
5/9/13,0.11
5/10/13,0.11
5/13/13,0.11
5/14/13,0.11
5/15/13,0.11
5/16/13,0.11
5/17/13,0.11
5/20/13,0.11
5/21/13,0.11
5/22/13,0.11
5/23/13,0.11
5/24/13,0.11
5/27/13,0.11
5/28/13,0.11
5/29/13,0.11
5/30/13,0.11
5/31/13,0.11
6/3/13,0.09
6/4/13,0.09
6/5/13,0.09
6/6/13,0.09
6/7/13,0.09
6/10/13,0.09
6/11/13,0.09
6/12/13,0.09
6/13/13,0.09
6/14/13,0.09
6/17/13,0.09
6/18/13,0.09
6/19/13,0.09
6/20/13,0.09
6/21/13,0.09
6/24/13,0.09
6/25/13,0.09
6/26/13,0.09
6/27/13,0.09
6/28/13,0.09
7/1/13,0.09
7/2/13,0.09
7/3/13,0.09
7/4/13,0.09
7/5/13,0.09
7/8/13,0.09
7/9/13,0.09
7/10/13,0.09
7/11/13,0.09
7/12/13,0.09
7/15/13,0.09
7/16/13,0.09
7/17/13,0.09
7/18/13,0.09
7/19/13,0.09
7/22/13,0.09
7/23/13,0.09
7/24/13,0.09
7/25/13,0.09
7/26/13,0.09
7/29/13,0.09
7/30/13,0.09
7/31/13,0.09
8/1/13,0.08
8/2/13,0.08
8/5/13,0.08
8/6/13,0.08
8/7/13,0.08
8/8/13,0.08
8/9/13,0.08
8/12/13,0.08
8/13/13,0.08
8/14/13,0.08
8/15/13,0.08
8/16/13,0.08
8/19/13,0.08
8/20/13,0.08
8/21/13,0.08
8/22/13,0.08
8/23/13,0.08
8/26/13,0.08
8/27/13,0.08
8/28/13,0.08
8/29/13,0.08
8/30/13,0.08
9/2/13,0.08
9/3/13,0.08
9/4/13,0.08
9/5/13,0.08
9/6/13,0.08
9/9/13,0.08
9/10/13,0.08
9/11/13,0.08
9/12/13,0.08
9/13/13,0.08
9/16/13,0.08
9/17/13,0.08
9/18/13,0.08
9/19/13,0.08
9/20/13,0.08
9/23/13,0.08
9/24/13,0.08
9/25/13,0.08
9/26/13,0.08
9/27/13,0.08
9/30/13,0.08
10/1/13,0.09
10/2/13,0.09
10/3/13,0.09
10/4/13,0.09
10/7/13,0.09
10/8/13,0.09
10/9/13,0.09
10/10/13,0.09
10/11/13,0.09
10/14/13,0.09
10/15/13,0.09
10/16/13,0.09
10/17/13,0.09
10/18/13,0.09
10/21/13,0.09
10/22/13,0.09
10/23/13,0.09
10/24/13,0.09
10/25/13,0.09
10/28/13,0.09
10/29/13,0.09
10/30/13,0.09
10/31/13,0.09
11/1/13,0.08
11/4/13,0.08
11/5/13,0.08
11/6/13,0.08
11/7/13,0.08
11/8/13,0.08
11/11/13,0.08
11/12/13,0.08
11/13/13,0.08
11/14/13,0.08
11/15/13,0.08
11/18/13,0.08
11/19/13,0.08
11/20/13,0.08
11/21/13,0.08
11/22/13,0.08
11/25/13,0.08
11/26/13,0.08
11/27/13,0.08
11/28/13,0.08
11/29/13,0.08
12/2/13,0.09
12/3/13,0.09
12/4/13,0.09
12/5/13,0.09
12/6/13,0.09
12/9/13,0.09
12/10/13,0.09
12/11/13,0.09
12/12/13,0.09
12/13/13,0.09
12/16/13,0.09
12/17/13,0.09
12/18/13,0.09
12/19/13,0.09
12/20/13,0.09
12/23/13,0.09
12/24/13,0.09
12/25/13,0.09
12/26/13,0.09
12/27/13,0.09
12/30/13,0.09
12/31/13,0.09
1/1/14,0.07
1/2/14,0.07
1/3/14,0.07
1/6/14,0.07
1/7/14,0.07
1/8/14,0.07
1/9/14,0.07
1/10/14,0.07
1/13/14,0.07
1/14/14,0.07
1/15/14,0.07
1/16/14,0.07
1/17/14,0.07
1/20/14,0.07
1/21/14,0.07
1/22/14,0.07
1/23/14,0.07
1/24/14,0.07
1/27/14,0.07
1/28/14,0.07
1/29/14,0.07
1/30/14,0.07
1/31/14,0.07
2/3/14,0.07
2/4/14,0.07
2/5/14,0.07
2/6/14,0.07
2/7/14,0.07
2/10/14,0.07
2/11/14,0.07
2/12/14,0.07
2/13/14,0.07
2/14/14,0.07
2/17/14,0.07
2/18/14,0.07
2/19/14,0.07
2/20/14,0.07
2/21/14,0.07
2/24/14,0.07
2/25/14,0.07
2/26/14,0.07
2/27/14,0.07
2/28/14,0.07
3/3/14,0.08
3/4/14,0.08
3/5/14,0.08
3/6/14,0.08
3/7/14,0.08
3/10/14,0.08
3/11/14,0.08
3/12/14,0.08
3/13/14,0.08
3/14/14,0.08
3/17/14,0.08
3/18/14,0.08
3/19/14,0.08
3/20/14,0.08
3/21/14,0.08
3/24/14,0.08
3/25/14,0.08
3/26/14,0.08
3/27/14,0.08
3/28/14,0.08
3/31/14,0.08
4/1/14,0.09
4/2/14,0.09
4/3/14,0.09
4/4/14,0.09
4/7/14,0.09
4/8/14,0.09
4/9/14,0.09
4/10/14,0.09
4/11/14,0.09
4/14/14,0.09
4/15/14,0.09
4/16/14,0.09
4/17/14,0.09
4/18/14,0.09
4/21/14,0.09
4/22/14,0.09
4/23/14,0.09
4/24/14,0.09
4/25/14,0.09
4/28/14,0.09
4/29/14,0.09
4/30/14,0.09
5/1/14,0.09
5/2/14,0.09
5/5/14,0.09
5/6/14,0.09
5/7/14,0.09
5/8/14,0.09
5/9/14,0.09
5/12/14,0.09
5/13/14,0.09
5/14/14,0.09
5/15/14,0.09
5/16/14,0.09
5/19/14,0.09
5/20/14,0.09
5/21/14,0.09
5/22/14,0.09
5/23/14,0.09
5/26/14,0.09
5/27/14,0.09
5/28/14,0.09
5/29/14,0.09
5/30/14,0.09
6/2/14,0.1
6/3/14,0.1
6/4/14,0.1
6/5/14,0.1
6/6/14,0.1
6/9/14,0.1
6/10/14,0.1
6/11/14,0.1
6/12/14,0.1
6/13/14,0.1
6/16/14,0.1
6/17/14,0.1
6/18/14,0.1
6/19/14,0.1
6/20/14,0.1
6/23/14,0.1
6/24/14,0.1
6/25/14,0.1
6/26/14,0.1
6/27/14,0.1
6/30/14,0.1
7/1/14,0.09
7/2/14,0.09
7/3/14,0.09
7/4/14,0.09
7/7/14,0.09
7/8/14,0.09
7/9/14,0.09
7/10/14,0.09
7/11/14,0.09
7/14/14,0.09
7/15/14,0.09
7/16/14,0.09
7/17/14,0.09
7/18/14,0.09
7/21/14,0.09
7/22/14,0.09
7/23/14,0.09
7/24/14,0.09
7/25/14,0.09
7/28/14,0.09
7/29/14,0.09
7/30/14,0.09
7/31/14,0.09
8/1/14,0.09
8/4/14,0.09
8/5/14,0.09
8/6/14,0.09
8/7/14,0.09
8/8/14,0.09
8/11/14,0.09
8/12/14,0.09
8/13/14,0.09
8/14/14,0.09
8/15/14,0.09
8/18/14,0.09
8/19/14,0.09
8/20/14,0.09
8/21/14,0.09
8/22/14,0.09
8/25/14,0.09
8/26/14,0.09
8/27/14,0.09
8/28/14,0.09
8/29/14,0.09
9/1/14,0.09
9/2/14,0.09
9/3/14,0.09
9/4/14,0.09
9/5/14,0.09
9/8/14,0.09
9/9/14,0.09
9/10/14,0.09
9/11/14,0.09
9/12/14,0.09
9/15/14,0.09
9/16/14,0.09
9/17/14,0.09
9/18/14,0.09
9/19/14,0.09
9/22/14,0.09
9/23/14,0.09
9/24/14,0.09
9/25/14,0.09
9/26/14,0.09
9/29/14,0.09
9/30/14,0.09
10/1/14,0.09
10/2/14,0.09
10/3/14,0.09
10/6/14,0.09
10/7/14,0.09
10/8/14,0.09
10/9/14,0.09
10/10/14,0.09
10/13/14,0.09
10/14/14,0.09
10/15/14,0.09
10/16/14,0.09
10/17/14,0.09
10/20/14,0.09
10/21/14,0.09
10/22/14,0.09
10/23/14,0.09
10/24/14,0.09
10/27/14,0.09
10/28/14,0.09
10/29/14,0.09
10/30/14,0.09
10/31/14,0.09
11/3/14,0.09
11/4/14,0.09
11/5/14,0.09
11/6/14,0.09
11/7/14,0.09
11/10/14,0.09
11/11/14,0.09
11/12/14,0.09
11/13/14,0.09
11/14/14,0.09
11/17/14,0.09
11/18/14,0.09
11/19/14,0.09
11/20/14,0.09
11/21/14,0.09
11/24/14,0.09
11/25/14,0.09
11/26/14,0.09
11/27/14,0.09
11/28/14,0.09
12/1/14,0.12
12/2/14,0.12
12/3/14,0.12
12/4/14,0.12
12/5/14,0.12
12/8/14,0.12
12/9/14,0.12
12/10/14,0.12
12/11/14,0.12
12/12/14,0.12
12/15/14,0.12
12/16/14,0.12
12/17/14,0.12
12/18/14,0.12
12/19/14,0.12
12/22/14,0.12
12/23/14,0.12
12/24/14,0.12
12/25/14,0.12
12/26/14,0.12
12/29/14,0.12
12/30/14,0.12
12/31/14,0.12
1/1/15,0.11
1/2/15,0.11
1/5/15,0.11
1/6/15,0.11
1/7/15,0.11
1/8/15,0.11
1/9/15,0.11
1/12/15,0.11
1/13/15,0.11
1/14/15,0.11
1/15/15,0.11
1/16/15,0.11
1/19/15,0.11
1/20/15,0.11
1/21/15,0.11
1/22/15,0.11
1/23/15,0.11
1/26/15,0.11
1/27/15,0.11
1/28/15,0.11
1/29/15,0.11
1/30/15,0.11
2/2/15,0.11
2/3/15,0.11
2/4/15,0.11
2/5/15,0.11
2/6/15,0.11
2/9/15,0.11
2/10/15,0.11
2/11/15,0.11
2/12/15,0.11
2/13/15,0.11
2/16/15,0.11
2/17/15,0.11
2/18/15,0.11
2/19/15,0.11
2/20/15,0.11
2/23/15,0.11
2/24/15,0.11
2/25/15,0.11
2/26/15,0.11
2/27/15,0.11
3/2/15,0.11
3/3/15,0.11
3/4/15,0.11
3/5/15,0.11
3/6/15,0.11
3/9/15,0.11
3/10/15,0.11
3/11/15,0.11
3/12/15,0.11
3/13/15,0.11
3/16/15,0.11
3/17/15,0.11
3/18/15,0.11
3/19/15,0.11
3/20/15,0.11
3/23/15,0.11
3/24/15,0.11
3/25/15,0.11
3/26/15,0.11
3/27/15,0.11
3/30/15,0.11
3/31/15,0.11
4/1/15,0.12
4/2/15,0.12
4/3/15,0.12
4/6/15,0.12
4/7/15,0.12
4/8/15,0.12
4/9/15,0.12
4/10/15,0.12
4/13/15,0.12
4/14/15,0.12
4/15/15,0.12
4/16/15,0.12
4/17/15,0.12
4/20/15,0.12
4/21/15,0.12
4/22/15,0.12
4/23/15,0.12
4/24/15,0.12
4/27/15,0.12
4/28/15,0.12
4/29/15,0.12
4/30/15,0.12
5/1/15,0.12
5/4/15,0.12
5/5/15,0.12
5/6/15,0.12
5/7/15,0.12
5/8/15,0.12
5/11/15,0.12
5/12/15,0.12
5/13/15,0.12
5/14/15,0.12
5/15/15,0.12
5/18/15,0.12
5/19/15,0.12
5/20/15,0.12
5/21/15,0.12
5/22/15,0.12
5/25/15,0.12
5/26/15,0.12
5/27/15,0.12
5/28/15,0.12
5/29/15,0.12
6/1/15,0.13
6/2/15,0.13
6/3/15,0.13
6/4/15,0.13
6/5/15,0.13
6/8/15,0.13
6/9/15,0.13
6/10/15,0.13
6/11/15,0.13
6/12/15,0.13
6/15/15,0.13
6/16/15,0.13
6/17/15,0.13
6/18/15,0.13
6/19/15,0.13
6/22/15,0.13
6/23/15,0.13
6/24/15,0.13
6/25/15,0.13
6/26/15,0.13
6/29/15,0.13
6/30/15,0.13
7/1/15,0.13
7/2/15,0.13
7/3/15,0.13
7/6/15,0.13
7/7/15,0.13
7/8/15,0.13
7/9/15,0.13
7/10/15,0.13
7/13/15,0.13
7/14/15,0.13
7/15/15,0.13
7/16/15,0.13
7/17/15,0.13
7/20/15,0.13
7/21/15,0.13
7/22/15,0.13
7/23/15,0.13
7/24/15,0.13
7/27/15,0.13
7/28/15,0.13
7/29/15,0.13
7/30/15,0.13
7/31/15,0.13
8/3/15,0.14
8/4/15,0.14
8/5/15,0.14
8/6/15,0.14
8/7/15,0.14
8/10/15,0.14
8/11/15,0.14
8/12/15,0.14
8/13/15,0.14
8/14/15,0.14
8/17/15,0.14
8/18/15,0.14
8/19/15,0.14
8/20/15,0.14
8/21/15,0.14
8/24/15,0.14
8/25/15,0.14
8/26/15,0.14
8/27/15,0.14
8/28/15,0.14
8/31/15,0.14
9/1/15,0.14
9/2/15,0.14
9/3/15,0.14
9/4/15,0.14
9/7/15,0.14
9/8/15,0.14
9/9/15,0.14
9/10/15,0.14
9/11/15,0.14
9/14/15,0.14
9/15/15,0.14
9/16/15,0.14
9/17/15,0.14
9/18/15,0.14
9/21/15,0.14
9/22/15,0.14
9/23/15,0.14
9/24/15,0.14
9/25/15,0.14
9/28/15,0.14
9/29/15,0.14
9/30/15,0.14
10/1/15,0.12
10/2/15,0.12
10/5/15,0.12
10/6/15,0.12
10/7/15,0.12
10/8/15,0.12
10/9/15,0.12
10/12/15,0.12
10/13/15,0.12
10/14/15,0.12
10/15/15,0.12
10/16/15,0.12
10/19/15,0.12
10/20/15,0.12
10/21/15,0.12
10/22/15,0.12
10/23/15,0.12
10/26/15,0.12
10/27/15,0.12
10/28/15,0.12
10/29/15,0.12
10/30/15,0.12
11/2/15,0.12
11/3/15,0.12
11/4/15,0.12
11/5/15,0.12
11/6/15,0.12
11/9/15,0.12
11/10/15,0.12
11/11/15,0.12
11/12/15,0.12
11/13/15,0.12
11/16/15,0.12
11/17/15,0.12
11/18/15,0.12
11/19/15,0.12
11/20/15,0.12
11/23/15,0.12
11/24/15,0.12
11/25/15,0.12
11/26/15,0.12
11/27/15,0.12
11/30/15,0.12
12/1/15,0.24
12/2/15,0.24
12/3/15,0.24
12/4/15,0.24
12/7/15,0.24
12/8/15,0.24
12/9/15,0.24
12/10/15,0.24
12/11/15,0.24
12/14/15,0.24
12/15/15,0.24
12/16/15,0.24
12/17/15,0.24
12/18/15,0.24
12/21/15,0.24
12/22/15,0.24
12/23/15,0.24
12/24/15,0.24
12/25/15,0.24
12/28/15,0.24
12/29/15,0.24
12/30/15,0.24
12/31/15,0.24
1/1/16,0.34
1/4/16,0.34
1/5/16,0.34
1/6/16,0.34
1/7/16,0.34
1/8/16,0.34
1/11/16,0.34
1/12/16,0.34
1/13/16,0.34
1/14/16,0.34
1/15/16,0.34
1/18/16,0.34
1/19/16,0.34
1/20/16,0.34
1/21/16,0.34
1/22/16,0.34
1/25/16,0.34
1/26/16,0.34
1/27/16,0.34
1/28/16,0.34
1/29/16,0.34
2/1/16,0.38
2/2/16,0.38
2/3/16,0.38
2/4/16,0.38
2/5/16,0.38
2/8/16,0.38
2/9/16,0.38
2/10/16,0.38
2/11/16,0.38
2/12/16,0.38
2/15/16,0.38
2/16/16,0.38
2/17/16,0.38
2/18/16,0.38
2/19/16,0.38
2/22/16,0.38
2/23/16,0.38
2/24/16,0.38
2/25/16,0.38
2/26/16,0.38
2/29/16,0.38
3/1/16,0.36
3/2/16,0.36
3/3/16,0.36
3/4/16,0.36
3/7/16,0.36
3/8/16,0.36
3/9/16,0.36
3/10/16,0.36
3/11/16,0.36
3/14/16,0.36
3/15/16,0.36
3/16/16,0.36
3/17/16,0.36
3/18/16,0.36
3/21/16,0.36
3/22/16,0.36
3/23/16,0.36
3/24/16,0.36
3/25/16,0.36
3/28/16,0.36
3/29/16,0.36
3/30/16,0.36
3/31/16,0.36
4/1/16,0.37
4/4/16,0.37
4/5/16,0.37
4/6/16,0.37
4/7/16,0.37
4/8/16,0.37
4/11/16,0.37
4/12/16,0.37
4/13/16,0.37
4/14/16,0.37
4/15/16,0.37
4/18/16,0.37
4/19/16,0.37
4/20/16,0.37
4/21/16,0.37
4/22/16,0.37
4/25/16,0.37
4/26/16,0.37
4/27/16,0.37
4/28/16,0.37
4/29/16,0.37
5/2/16,0.37
5/3/16,0.37
5/4/16,0.37
5/5/16,0.37
5/6/16,0.37
5/9/16,0.37
5/10/16,0.37
5/11/16,0.37
5/12/16,0.37
5/13/16,0.37
5/16/16,0.37
5/17/16,0.37
5/18/16,0.37
5/19/16,0.37
5/20/16,0.37
5/23/16,0.37
5/24/16,0.37
5/25/16,0.37
5/26/16,0.37
5/27/16,0.37
5/30/16,0.37
5/31/16,0.37
6/1/16,0.38
6/2/16,0.38
6/3/16,0.38
6/6/16,0.38
6/7/16,0.38
6/8/16,0.38
6/9/16,0.38
6/10/16,0.38
6/13/16,0.38
6/14/16,0.38
6/15/16,0.38
6/16/16,0.38
6/17/16,0.38
6/20/16,0.38
6/21/16,0.38
6/22/16,0.38
6/23/16,0.38
6/24/16,0.38
6/27/16,0.38
6/28/16,0.38
6/29/16,0.38
6/30/16,0.38
7/1/16,0.39
7/4/16,0.39
7/5/16,0.39
7/6/16,0.39
7/7/16,0.39
7/8/16,0.39
7/11/16,0.39
7/12/16,0.39
7/13/16,0.39
7/14/16,0.39
7/15/16,0.39
7/18/16,0.39
7/19/16,0.39
7/20/16,0.39
7/21/16,0.39
7/22/16,0.39
7/25/16,0.39
7/26/16,0.39
7/27/16,0.39
7/28/16,0.39
7/29/16,0.39
8/1/16,0.4
8/2/16,0.4
8/3/16,0.4
8/4/16,0.4
8/5/16,0.4
8/8/16,0.4
8/9/16,0.4
8/10/16,0.4
8/11/16,0.4
8/12/16,0.4
8/15/16,0.4
8/16/16,0.4
8/17/16,0.4
8/18/16,0.4
8/19/16,0.4
8/22/16,0.4
8/23/16,0.4
8/24/16,0.4
8/25/16,0.4
8/26/16,0.4
8/29/16,0.4
8/30/16,0.4
8/31/16,0.4
9/1/16,0.4
9/2/16,0.4
9/5/16,0.4
9/6/16,0.4
9/7/16,0.4
9/8/16,0.4
9/9/16,0.4
9/12/16,0.4
9/13/16,0.4
9/14/16,0.4
9/15/16,0.4
9/16/16,0.4
9/19/16,0.4
9/20/16,0.4
9/21/16,0.4
9/22/16,0.4
9/23/16,0.4
9/26/16,0.4
9/27/16,0.4
9/28/16,0.4
9/29/16,0.4
9/30/16,0.4
10/3/16,0.4
10/4/16,0.4
10/5/16,0.4
10/6/16,0.4
10/7/16,0.4
10/10/16,0.4
10/11/16,0.4
10/12/16,0.4
10/13/16,0.4
10/14/16,0.4
10/17/16,0.4
10/18/16,0.4
10/19/16,0.4
10/20/16,0.4
10/21/16,0.4
10/24/16,0.4
10/25/16,0.4
10/26/16,0.4
10/27/16,0.4
10/28/16,0.4
10/31/16,0.4
11/1/16,0.41
11/2/16,0.41
11/3/16,0.41
11/4/16,0.41
11/7/16,0.41
11/8/16,0.41
11/9/16,0.41
11/10/16,0.41
11/11/16,0.41
11/14/16,0.41
11/15/16,0.41
11/16/16,0.41
11/17/16,0.41
11/18/16,0.41
11/21/16,0.41
11/22/16,0.41
11/23/16,0.41
11/24/16,0.41
11/25/16,0.41
11/28/16,0.41
11/29/16,0.41
11/30/16,0.41
12/1/16,0.54
12/2/16,0.54
12/5/16,0.54
12/6/16,0.54
12/7/16,0.54
12/8/16,0.54
12/9/16,0.54
12/12/16,0.54
12/13/16,0.54
12/14/16,0.54
12/15/16,0.54
12/16/16,0.54
12/19/16,0.54
12/20/16,0.54
12/21/16,0.54
12/22/16,0.54
12/23/16,0.54
12/26/16,0.54
12/27/16,0.54
12/28/16,0.54
12/29/16,0.54
12/30/16,0.54
1/2/17,0.65
1/3/17,0.65
1/4/17,0.65
1/5/17,0.65
1/6/17,0.65
1/9/17,0.65
1/10/17,0.65
1/11/17,0.65
1/12/17,0.65
1/13/17,0.65
1/16/17,0.65
1/17/17,0.65
1/18/17,0.65
1/19/17,0.65
1/20/17,0.65
1/23/17,0.65
1/24/17,0.65
1/25/17,0.65
1/26/17,0.65
1/27/17,0.65
1/30/17,0.65
1/31/17,0.65
2/1/17,0.66
2/2/17,0.66
2/3/17,0.66
2/6/17,0.66
2/7/17,0.66
2/8/17,0.66
2/9/17,0.66
2/10/17,0.66
2/13/17,0.66
2/14/17,0.66
2/15/17,0.66
2/16/17,0.66
2/17/17,0.66
2/20/17,0.66
2/21/17,0.66
2/22/17,0.66
2/23/17,0.66
2/24/17,0.66
2/27/17,0.66
2/28/17,0.66
3/1/17,0.79
3/2/17,0.79
3/3/17,0.79
3/6/17,0.79
3/7/17,0.79
3/8/17,0.79
3/9/17,0.79
3/10/17,0.79
3/13/17,0.79
3/14/17,0.79
3/15/17,0.79
3/16/17,0.79
3/17/17,0.79
3/20/17,0.79
3/21/17,0.79
3/22/17,0.79
3/23/17,0.79
3/24/17,0.79
3/27/17,0.79
3/28/17,0.79
3/29/17,0.79
3/30/17,0.79
3/31/17,0.79
4/3/17,0.9
4/4/17,0.9
4/5/17,0.9
4/6/17,0.9
4/7/17,0.9
4/10/17,0.9
4/11/17,0.9
4/12/17,0.9
4/13/17,0.9
4/14/17,0.9
4/17/17,0.9
4/18/17,0.9
4/19/17,0.9
4/20/17,0.9
4/21/17,0.9
4/24/17,0.9
4/25/17,0.9
4/26/17,0.9
4/27/17,0.9
4/28/17,0.9
5/1/17,0.91
5/2/17,0.91
5/3/17,0.91
5/4/17,0.91
5/5/17,0.91
5/8/17,0.91
5/9/17,0.91
5/10/17,0.91
5/11/17,0.91
5/12/17,0.91
5/15/17,0.91
5/16/17,0.91
5/17/17,0.91
5/18/17,0.91
5/19/17,0.91
5/22/17,0.91
5/23/17,0.91
5/24/17,0.91
5/25/17,0.91
5/26/17,0.91
5/29/17,0.91
5/30/17,0.91
5/31/17,0.91
6/1/17,1.04
6/2/17,1.04
6/5/17,1.04
6/6/17,1.04
6/7/17,1.04
6/8/17,1.04
6/9/17,1.04
6/12/17,1.04
6/13/17,1.04
6/14/17,1.04
6/15/17,1.04
6/16/17,1.04
6/19/17,1.04
6/20/17,1.04
6/21/17,1.04
6/22/17,1.04
6/23/17,1.04
6/26/17,1.04
6/27/17,1.04
6/28/17,1.04
6/29/17,1.04
6/30/17,1.04
7/3/17,1.15
7/4/17,1.15
7/5/17,1.15
7/6/17,1.15
7/7/17,1.15
7/10/17,1.15
7/11/17,1.15
7/12/17,1.15
7/13/17,1.15
7/14/17,1.15
7/17/17,1.15
7/18/17,1.15
7/19/17,1.15
7/20/17,1.15
7/21/17,1.15
7/24/17,1.15
7/25/17,1.15
7/26/17,1.15
7/27/17,1.15
7/28/17,1.15
7/31/17,1.15
8/1/17,1.16
8/2/17,1.16
8/3/17,1.16
8/4/17,1.16
8/7/17,1.16
8/8/17,1.16
8/9/17,1.16
8/10/17,1.16
8/11/17,1.16
8/14/17,1.16
8/15/17,1.16
8/16/17,1.16
8/17/17,1.16
8/18/17,1.16
8/21/17,1.16
8/22/17,1.16
8/23/17,1.16
8/24/17,1.16
8/25/17,1.16
8/28/17,1.16
8/29/17,1.16
8/30/17,1.16
8/31/17,1.16
9/1/17,1.15
9/4/17,1.15
9/5/17,1.15
9/6/17,1.15
9/7/17,1.15
9/8/17,1.15
9/11/17,1.15
9/12/17,1.15
9/13/17,1.15
9/14/17,1.15
9/15/17,1.15
9/18/17,1.15
9/19/17,1.15
9/20/17,1.15
9/21/17,1.15
9/22/17,1.15
9/25/17,1.15
9/26/17,1.15
9/27/17,1.15
9/28/17,1.15
9/29/17,1.15
10/2/17,1.15
10/3/17,1.15
10/4/17,1.15
10/5/17,1.15
10/6/17,1.15
10/9/17,1.15
10/10/17,1.15
10/11/17,1.15
10/12/17,1.15
10/13/17,1.15
10/16/17,1.15
10/17/17,1.15
10/18/17,1.15
10/19/17,1.15
10/20/17,1.15
10/23/17,1.15
10/24/17,1.15
10/25/17,1.15
10/26/17,1.15
10/27/17,1.15
10/30/17,1.15
10/31/17,1.15
11/1/17,1.16
11/2/17,1.16
11/3/17,1.16
11/6/17,1.16
11/7/17,1.16
11/8/17,1.16
11/9/17,1.16
11/10/17,1.16
11/13/17,1.16
11/14/17,1.16
11/15/17,1.16
11/16/17,1.16
11/17/17,1.16
11/20/17,1.16
11/21/17,1.16
11/22/17,1.16
11/23/17,1.16
11/24/17,1.16
11/27/17,1.16
11/28/17,1.16
11/29/17,1.16
11/30/17,1.16
12/1/17,1.3
12/4/17,1.3
12/5/17,1.3
12/6/17,1.3
12/7/17,1.3
12/8/17,1.3
12/11/17,1.3
12/12/17,1.3
12/13/17,1.3
12/14/17,1.3
12/15/17,1.3
12/18/17,1.3
12/19/17,1.3
12/20/17,1.3
12/21/17,1.3
12/22/17,1.3
12/25/17,1.3
12/26/17,1.3
12/27/17,1.3
12/28/17,1.3
12/29/17,1.3
1/1/18,1.41
1/2/18,1.41
1/3/18,1.41
1/4/18,1.41
1/5/18,1.41
1/8/18,1.41
1/9/18,1.41
1/10/18,1.41
1/11/18,1.41
1/12/18,1.41
1/15/18,1.41
1/16/18,1.41
1/17/18,1.41
1/18/18,1.41
1/19/18,1.41
1/22/18,1.41
1/23/18,1.41
1/24/18,1.41
1/25/18,1.41
1/26/18,1.41
1/29/18,1.41
1/30/18,1.41
1/31/18,1.41
2/1/18,1.42
2/2/18,1.42
2/5/18,1.42
2/6/18,1.42
2/7/18,1.42
2/8/18,1.42
2/9/18,1.42
2/12/18,1.42
2/13/18,1.42
2/14/18,1.42
2/15/18,1.42
2/16/18,1.42
2/19/18,1.42
2/20/18,1.42
2/21/18,1.42
2/22/18,1.42
2/23/18,1.42
2/26/18,1.42
2/27/18,1.42
2/28/18,1.42
3/1/18,1.51
3/2/18,1.51
3/5/18,1.51
3/6/18,1.51
3/7/18,1.51
3/8/18,1.51
3/9/18,1.51
3/12/18,1.51
3/13/18,1.51
3/14/18,1.51
3/15/18,1.51
3/16/18,1.51
3/19/18,1.51
3/20/18,1.51
3/21/18,1.51
3/22/18,1.51
3/23/18,1.51
3/26/18,1.51
3/27/18,1.51
3/28/18,1.51
3/29/18,1.51
3/30/18,1.51
4/2/18,1.69
4/3/18,1.69
4/4/18,1.69
4/5/18,1.69
4/6/18,1.69
4/9/18,1.69
4/10/18,1.69
4/11/18,1.69
4/12/18,1.69
4/13/18,1.69
4/16/18,1.69
4/17/18,1.69
4/18/18,1.69
4/19/18,1.69
4/20/18,1.69
4/23/18,1.69
4/24/18,1.69
4/25/18,1.69
4/26/18,1.69
4/27/18,1.69
4/30/18,1.69
5/1/18,1.7
5/2/18,1.7
5/3/18,1.7
5/4/18,1.7
5/7/18,1.7
5/8/18,1.7
5/9/18,1.7
5/10/18,1.7
5/11/18,1.7
5/14/18,1.7
5/15/18,1.7
5/16/18,1.7
5/17/18,1.7
5/18/18,1.7
5/21/18,1.7
5/22/18,1.7
5/23/18,1.7
5/24/18,1.7
5/25/18,1.7
5/28/18,1.7
5/29/18,1.7
5/30/18,1.7
5/31/18,1.7
6/1/18,1.82
6/4/18,1.82
6/5/18,1.82
6/6/18,1.82
6/7/18,1.82
6/8/18,1.82
6/11/18,1.82
6/12/18,1.82
6/13/18,1.82
6/14/18,1.82
6/15/18,1.82
6/18/18,1.82
6/19/18,1.82
6/20/18,1.82
6/21/18,1.82
6/22/18,1.82
6/25/18,1.82
6/26/18,1.82
6/27/18,1.82
6/28/18,1.82
6/29/18,1.82
7/2/18,1.91
7/3/18,1.91
7/4/18,1.91
7/5/18,1.91
7/6/18,1.91
7/9/18,1.91
7/10/18,1.91
7/11/18,1.91
7/12/18,1.91
7/13/18,1.91
7/16/18,1.91
7/17/18,1.91
7/18/18,1.91
7/19/18,1.91
7/20/18,1.91
7/23/18,1.91
7/24/18,1.91
7/25/18,1.91
7/26/18,1.91
7/27/18,1.91
7/30/18,1.91
7/31/18,1.91
8/1/18,1.91
8/2/18,1.91
8/3/18,1.91
8/6/18,1.91
8/7/18,1.91
8/8/18,1.91
8/9/18,1.91
8/10/18,1.91
8/13/18,1.91
8/14/18,1.91
8/15/18,1.91
8/16/18,1.91
8/17/18,1.91
8/20/18,1.91
8/21/18,1.91
8/22/18,1.91
8/23/18,1.91
8/24/18,1.91
8/27/18,1.91
8/28/18,1.91
8/29/18,1.91
8/30/18,1.91
8/31/18,1.91
9/3/18,1.95
9/4/18,1.95
9/5/18,1.95
9/6/18,1.95
9/7/18,1.95
9/10/18,1.95
9/11/18,1.95
9/12/18,1.95
9/13/18,1.95
9/14/18,1.95
9/17/18,1.95
9/18/18,1.95
9/19/18,1.95
9/20/18,1.95
9/21/18,1.95
9/24/18,1.95
9/25/18,1.95
9/26/18,1.95
9/27/18,1.95
9/28/18,1.95
10/1/18,2.19
10/2/18,2.19
10/3/18,2.19
10/4/18,2.19
10/5/18,2.19
10/8/18,2.19
10/9/18,2.19
10/10/18,2.19
10/11/18,2.19
10/12/18,2.19
10/15/18,2.19
10/16/18,2.19
10/17/18,2.19
10/18/18,2.19
10/19/18,2.19
10/22/18,2.19
10/23/18,2.19
10/24/18,2.19
10/25/18,2.19
10/26/18,2.19
10/29/18,2.19
10/30/18,2.19
10/31/18,2.19
11/1/18,2.2
11/2/18,2.2
11/5/18,2.2
11/6/18,2.2
11/7/18,2.2
11/8/18,2.2
11/9/18,2.2
11/12/18,2.2
11/13/18,2.2
11/14/18,2.2
11/15/18,2.2
11/16/18,2.2
11/19/18,2.2
11/20/18,2.2
11/21/18,2.2
11/22/18,2.2
11/23/18,2.2
11/26/18,2.2
11/27/18,2.2
11/28/18,2.2
11/29/18,2.2
11/30/18,2.2
12/3/18,2.27
12/4/18,2.27
12/5/18,2.27
12/6/18,2.27
12/7/18,2.27
12/10/18,2.27
12/11/18,2.27
12/12/18,2.27
12/13/18,2.27
12/14/18,2.27
12/17/18,2.27
12/18/18,2.27
12/19/18,2.27
12/20/18,2.27
12/21/18,2.27
12/24/18,2.27
12/25/18,2.27
12/26/18,2.27
12/27/18,2.27
12/28/18,2.27
12/31/18,2.27
1/1/19,2.4
1/2/19,2.4
1/3/19,2.4
1/4/19,2.4
1/7/19,2.4
1/8/19,2.4
1/9/19,2.4
1/10/19,2.4
1/11/19,2.4
1/14/19,2.4
1/15/19,2.4
1/16/19,2.4
1/17/19,2.4
1/18/19,2.4
1/21/19,2.4
1/22/19,2.4
1/23/19,2.4
1/24/19,2.4
1/25/19,2.4
1/28/19,2.4
1/29/19,2.4
1/30/19,2.4
1/31/19,2.4
2/1/19,2.4
2/4/19,2.4
2/5/19,2.4
2/6/19,2.4
2/7/19,2.4
2/8/19,2.4
2/11/19,2.4
2/12/19,2.4
2/13/19,2.4
2/14/19,2.4
2/15/19,2.4
2/18/19,2.4
2/19/19,2.4
2/20/19,2.4
2/21/19,2.4
2/22/19,2.4
2/25/19,2.4
2/26/19,2.4
2/27/19,2.4
2/28/19,2.4
3/1/19,2.41
3/4/19,2.41
3/5/19,2.41
3/6/19,2.41
3/7/19,2.41
3/8/19,2.41
3/11/19,2.41
3/12/19,2.41
3/13/19,2.41
3/14/19,2.41
3/15/19,2.41
3/18/19,2.41
3/19/19,2.41
3/20/19,2.41
3/21/19,2.41
3/22/19,2.41
3/25/19,2.41
3/26/19,2.41
3/27/19,2.41
3/28/19,2.41
3/29/19,2.41
4/1/19,2.42
4/2/19,2.42
4/3/19,2.42
4/4/19,2.42
4/5/19,2.42
4/8/19,2.42
4/9/19,2.42
4/10/19,2.42
4/11/19,2.42
4/12/19,2.42
4/15/19,2.42
4/16/19,2.42
4/17/19,2.42
4/18/19,2.42
4/19/19,2.42
4/22/19,2.42
4/23/19,2.42
4/24/19,2.42
4/25/19,2.42
4/26/19,2.42
4/29/19,2.42
4/30/19,2.42
5/1/19,2.39
5/2/19,2.39
5/3/19,2.39
5/6/19,2.39
5/7/19,2.39
5/8/19,2.39
5/9/19,2.39
5/10/19,2.39
5/13/19,2.39
5/14/19,2.39
5/15/19,2.39
5/16/19,2.39
5/17/19,2.39
5/20/19,2.39
5/21/19,2.39
5/22/19,2.39
5/23/19,2.39
5/24/19,2.39
5/27/19,2.39
5/28/19,2.39
5/29/19,2.39
5/30/19,2.39
5/31/19,2.39
6/3/19,2.38
6/4/19,2.38
6/5/19,2.38
6/6/19,2.38
6/7/19,2.38
6/10/19,2.38
6/11/19,2.38
6/12/19,2.38
6/13/19,2.38
6/14/19,2.38
6/17/19,2.38
6/18/19,2.38
6/19/19,2.38
6/20/19,2.38
6/21/19,2.38
6/24/19,2.38
6/25/19,2.38
6/26/19,2.38
6/27/19,2.38
6/28/19,2.38
7/1/19,2.4
7/2/19,2.4
7/3/19,2.4
7/4/19,2.4
7/5/19,2.4
7/8/19,2.4
7/9/19,2.4
7/10/19,2.4
7/11/19,2.4
7/12/19,2.4
7/15/19,2.4
7/16/19,2.4
7/17/19,2.4
7/18/19,2.4
7/19/19,2.4
7/22/19,2.4
7/23/19,2.4
7/24/19,2.4
7/25/19,2.4
7/26/19,2.4
7/29/19,2.4
7/30/19,2.4
7/31/19,2.4
8/1/19,2.13
8/2/19,2.13
8/5/19,2.13
8/6/19,2.13
8/7/19,2.13
8/8/19,2.13
8/9/19,2.13
8/12/19,2.13
8/13/19,2.13
8/14/19,2.13
8/15/19,2.13
8/16/19,2.13
8/19/19,2.13
8/20/19,2.13
8/21/19,2.13
8/22/19,2.13
8/23/19,2.13
8/26/19,2.13
8/27/19,2.13
8/28/19,2.13
8/29/19,2.13
8/30/19,2.13
9/2/19,2.04
9/3/19,2.04
9/4/19,2.04
9/5/19,2.04
9/6/19,2.04
9/9/19,2.04
9/10/19,2.04
9/11/19,2.04
9/12/19,2.04
9/13/19,2.04
9/16/19,2.04
9/17/19,2.04
9/18/19,2.04
9/19/19,2.04
9/20/19,2.04
9/23/19,2.04
9/24/19,2.04
9/25/19,2.04
9/26/19,2.04
9/27/19,2.04
9/30/19,2.04
10/1/19,1.83
10/2/19,1.83
10/3/19,1.83
10/4/19,1.83
10/7/19,1.83
10/8/19,1.83
10/9/19,1.83
10/10/19,1.83
10/11/19,1.83
10/14/19,1.83
10/15/19,1.83
10/16/19,1.83
10/17/19,1.83
10/18/19,1.83
10/21/19,1.83
10/22/19,1.83
10/23/19,1.83
10/24/19,1.83
10/25/19,1.83
10/28/19,1.83
10/29/19,1.83
10/30/19,1.83
10/31/19,1.83
11/1/19,1.55
11/4/19,1.55
11/5/19,1.55
11/6/19,1.55
11/7/19,1.55
11/8/19,1.55
11/11/19,1.55
11/12/19,1.55
11/13/19,1.55
11/14/19,1.55
11/15/19,1.55
11/18/19,1.55
11/19/19,1.55
11/20/19,1.55
11/21/19,1.55
11/22/19,1.55
11/25/19,1.55
11/26/19,1.55
11/27/19,1.55
11/28/19,1.55
11/29/19,1.55
12/2/19,1.55
12/3/19,1.55
12/4/19,1.55
12/5/19,1.55
12/6/19,1.55
12/9/19,1.55
12/10/19,1.55
12/11/19,1.55
12/12/19,1.55
12/13/19,1.55
12/16/19,1.55
12/17/19,1.55
12/18/19,1.55
12/19/19,1.55
12/20/19,1.55
12/23/19,1.55
12/24/19,1.55
12/25/19,1.55
12/26/19,1.55
12/27/19,1.55
12/30/19,1.55
12/31/19,1.55
1/1/20,1.55
1/2/20,1.55
1/3/20,1.55
1/6/20,1.55
1/7/20,1.55
1/8/20,1.55
1/9/20,1.55
1/10/20,1.55
1/13/20,1.55
1/14/20,1.55
1/15/20,1.55
1/16/20,1.55
1/17/20,1.55
1/20/20,1.55
1/21/20,1.55
1/22/20,1.55
1/23/20,1.55
1/24/20,1.55
1/27/20,1.55
1/28/20,1.55
1/29/20,1.55
1/30/20,1.55
1/31/20,1.55
2/3/20,1.58
2/4/20,1.58
2/5/20,1.58
2/6/20,1.58
2/7/20,1.58
2/10/20,1.58
2/11/20,1.58
2/12/20,1.58
2/13/20,1.58
2/14/20,1.58
2/17/20,1.58
2/18/20,1.58
2/19/20,1.58
2/20/20,1.58
2/21/20,1.58
2/24/20,1.58
2/25/20,1.58
2/26/20,1.58
2/27/20,1.58
2/28/20,1.58
3/2/20,0.65
3/3/20,0.65
3/4/20,0.65
3/5/20,0.65
3/6/20,0.65
3/9/20,0.65
3/10/20,0.65
3/11/20,0.65
3/12/20,0.65
3/13/20,0.65
3/16/20,0.65
3/17/20,0.65
3/18/20,0.65
3/19/20,0.65
3/20/20,0.65
3/23/20,0.65
3/24/20,0.65
3/25/20,0.65
3/26/20,0.65
3/27/20,0.65
3/30/20,0.65
3/31/20,0.65
4/1/20,0.05
4/2/20,0.05
4/3/20,0.05
4/6/20,0.05
4/7/20,0.05
4/8/20,0.05
4/9/20,0.05
4/10/20,0.05
4/13/20,0.05
4/14/20,0.05
4/15/20,0.05
4/16/20,0.05
4/17/20,0.05
4/20/20,0.05
4/21/20,0.05
4/22/20,0.05
4/23/20,0.05
4/24/20,0.05
4/27/20,0.05
4/28/20,0.05
4/29/20,0.05
4/30/20,0.05
5/1/20,0.05
5/4/20,0.05
5/5/20,0.05
5/6/20,0.05
5/7/20,0.05
5/8/20,0.05
5/11/20,0.05
5/12/20,0.05
5/13/20,0.05
5/14/20,0.05
5/15/20,0.05
5/18/20,0.05
5/19/20,0.05
5/20/20,0.05
5/21/20,0.05
5/22/20,0.05
5/25/20,0.05
5/26/20,0.05
5/27/20,0.05
5/28/20,0.05
5/29/20,0.05
6/1/20,0.08
6/2/20,0.08
6/3/20,0.08
6/4/20,0.08
6/5/20,0.08
6/8/20,0.08
6/9/20,0.08
6/10/20,0.08
6/11/20,0.08
6/12/20,0.08
6/15/20,0.08
6/16/20,0.08
6/17/20,0.08
6/18/20,0.08
6/19/20,0.08
6/22/20,0.08
6/23/20,0.08
6/24/20,0.08
6/25/20,0.08
6/26/20,0.08
6/29/20,0.08
6/30/20,0.08
7/1/20,0.09
7/2/20,0.09
7/3/20,0.09
7/6/20,0.09
7/7/20,0.09
7/8/20,0.09
7/9/20,0.09
7/10/20,0.09
7/13/20,0.09
7/14/20,0.09
7/15/20,0.09
7/16/20,0.09
7/17/20,0.09
7/20/20,0.09
7/21/20,0.09
7/22/20,0.09
7/23/20,0.09
7/24/20,0.09
7/27/20,0.09
7/28/20,0.09
7/29/20,0.09
7/30/20,0.09
7/31/20,0.09
8/3/20,0.1
8/4/20,0.1
8/5/20,0.1
8/6/20,0.1
8/7/20,0.1
8/10/20,0.1
8/11/20,0.1
8/12/20,0.1
8/13/20,0.1
8/14/20,0.1
8/17/20,0.1
8/18/20,0.1
8/19/20,0.1
8/20/20,0.1
8/21/20,0.1
8/24/20,0.1
8/25/20,0.1
8/26/20,0.1
8/27/20,0.1
8/28/20,0.1
8/31/20,0.1
9/1/20,0.09
9/2/20,0.09
9/3/20,0.09
9/4/20,0.09
9/7/20,0.09
9/8/20,0.09
9/9/20,0.09
9/10/20,0.09
9/11/20,0.09
9/14/20,0.09
9/15/20,0.09
9/16/20,0.09
9/17/20,0.09
9/18/20,0.09
9/21/20,0.09
9/22/20,0.09
9/23/20,0.09
9/24/20,0.09
9/25/20,0.09
9/28/20,0.09
9/29/20,0.09
9/30/20,0.09
10/1/20,0.09
10/2/20,0.09
10/5/20,0.09
10/6/20,0.09
10/7/20,0.09
10/8/20,0.09
10/9/20,0.09
10/12/20,0.09
10/13/20,0.09
10/14/20,0.09
10/15/20,0.09
10/16/20,0.09
10/19/20,0.09
10/20/20,0.09
10/21/20,0.09
10/22/20,0.09
10/23/20,0.09
10/26/20,0.09
10/27/20,0.09
10/28/20,0.09
10/29/20,0.09
10/30/20,0.09
11/2/20,0.09
11/3/20,0.09
11/4/20,0.09
11/5/20,0.09
11/6/20,0.09
11/9/20,0.09
11/10/20,0.09
11/11/20,0.09
11/12/20,0.09
11/13/20,0.09
11/16/20,0.09
11/17/20,0.09
11/18/20,0.09
11/19/20,0.09
11/20/20,0.09
11/23/20,0.09
11/24/20,0.09
11/25/20,0.09
11/26/20,0.09
11/27/20,0.09
11/30/20,0.09
12/1/20,0.09
12/2/20,0.09
12/3/20,0.09
12/4/20,0.09
12/7/20,0.09
12/8/20,0.09
12/9/20,0.09
12/10/20,0.09
12/11/20,0.09
12/14/20,0.09
12/15/20,0.09
12/16/20,0.09
12/17/20,0.09
12/18/20,0.09
12/21/20,0.09
12/22/20,0.09
12/23/20,0.09
12/24/20,0.09
12/25/20,0.09
12/28/20,0.09
12/29/20,0.09
12/30/20,0.09
12/31/20,0.09
1/1/21,0.09
1/4/21,0.09
1/5/21,0.09
1/6/21,0.09
1/7/21,0.09
1/8/21,0.09
1/11/21,0.09
1/12/21,0.09
1/13/21,0.09
1/14/21,0.09
1/15/21,0.09
1/18/21,0.09
1/19/21,0.09
1/20/21,0.09
1/21/21,0.09
1/22/21,0.09
1/25/21,0.09
1/26/21,0.09
1/27/21,0.09
1/28/21,0.09
1/29/21,0.09
2/1/21,0.08
2/2/21,0.08
2/3/21,0.08
2/4/21,0.08
2/5/21,0.08
2/8/21,0.08
2/9/21,0.08
2/10/21,0.08
2/11/21,0.08
2/12/21,0.08
2/15/21,0.08
2/16/21,0.08
2/17/21,0.08
2/18/21,0.08
2/19/21,0.08
2/22/21,0.08
2/23/21,0.08
2/24/21,0.08
2/25/21,0.08
2/26/21,0.08
3/1/21,0.07
3/2/21,0.07
3/3/21,0.07
3/4/21,0.07
3/5/21,0.07
3/8/21,0.07
3/9/21,0.07
3/10/21,0.07
3/11/21,0.07
3/12/21,0.07
3/15/21,0.07
3/16/21,0.07
3/17/21,0.07
3/18/21,0.07
3/19/21,0.07
3/22/21,0.07
3/23/21,0.07
3/24/21,0.07
3/25/21,0.07
3/26/21,0.07
3/29/21,0.07
3/30/21,0.07
3/31/21,0.07
4/1/21,0.07
4/2/21,0.07
4/5/21,0.07
4/6/21,0.07
4/7/21,0.07
4/8/21,0.07
4/9/21,0.07
4/12/21,0.07
4/13/21,0.07
4/14/21,0.07
4/15/21,0.07
4/16/21,0.07
4/19/21,0.07
4/20/21,0.07
4/21/21,0.07
4/22/21,0.07
4/23/21,0.07
4/26/21,0.07
4/27/21,0.07
4/28/21,0.07
4/29/21,0.07
4/30/21,0.07
5/3/21,0.06
5/4/21,0.06
5/5/21,0.06
5/6/21,0.06
5/7/21,0.06
5/10/21,0.06
5/11/21,0.06
5/12/21,0.06
5/13/21,0.06
5/14/21,0.06
5/17/21,0.06
5/18/21,0.06
5/19/21,0.06
5/20/21,0.06
5/21/21,0.06
5/24/21,0.06
5/25/21,0.06
5/26/21,0.06
5/27/21,0.06
5/28/21,0.06
5/31/21,0.06
6/1/21,0.08
6/2/21,0.08
6/3/21,0.08
6/4/21,0.08
6/7/21,0.08
6/8/21,0.08
6/9/21,0.08
6/10/21,0.08
6/11/21,0.08
6/14/21,0.08
6/15/21,0.08
6/16/21,0.08
6/17/21,0.08
6/18/21,0.08
6/21/21,0.08
6/22/21,0.08
6/23/21,0.08
6/24/21,0.08
6/25/21,0.08
6/28/21,0.08
6/29/21,0.08
6/30/21,0.08
7/1/21,0.1
7/2/21,0.1
7/5/21,0.1
7/6/21,0.1
7/7/21,0.1
7/8/21,0.1
7/9/21,0.1
7/12/21,0.1
7/13/21,0.1
7/14/21,0.1
7/15/21,0.1
7/16/21,0.1
7/19/21,0.1
7/20/21,0.1
7/21/21,0.1
7/22/21,0.1
7/23/21,0.1
7/26/21,0.1
7/27/21,0.1
7/28/21,0.1
7/29/21,0.1
7/30/21,0.1
8/2/21,0.09
8/3/21,0.09
8/4/21,0.09
8/5/21,0.09
8/6/21,0.09
8/9/21,0.09
8/10/21,0.09
8/11/21,0.09
8/12/21,0.09
8/13/21,0.09
8/16/21,0.09
8/17/21,0.09
8/18/21,0.09
8/19/21,0.09
8/20/21,0.09
8/23/21,0.09
8/24/21,0.09
8/25/21,0.09
8/26/21,0.09
8/27/21,0.09
8/30/21,0.09
8/31/21,0.09
9/1/21,0.08
9/2/21,0.08
9/3/21,0.08
9/6/21,0.08
9/7/21,0.08
9/8/21,0.08
9/9/21,0.08
9/10/21,0.08
9/13/21,0.08
9/14/21,0.08
9/15/21,0.08
9/16/21,0.08
9/17/21,0.08
9/20/21,0.08
9/21/21,0.08
9/22/21,0.08
9/23/21,0.08
9/24/21,0.08
9/27/21,0.08
9/28/21,0.08
9/29/21,0.08
9/30/21,0.08
10/1/21,0.08
10/4/21,0.08
10/5/21,0.08
10/6/21,0.08
10/7/21,0.08
10/8/21,0.08
10/11/21,0.08
10/12/21,0.08
10/13/21,0.08
10/14/21,0.08
10/15/21,0.08
10/18/21,0.08
10/19/21,0.08
10/20/21,0.08
10/21/21,0.08
10/22/21,0.08
10/25/21,0.08
10/26/21,0.08
10/27/21,0.08
10/28/21,0.08
10/29/21,0.08
11/1/21,0.08
11/2/21,0.08
11/3/21,0.08
11/4/21,0.08
11/5/21,0.08
11/8/21,0.08
11/9/21,0.08
11/10/21,0.08
11/11/21,0.08
11/12/21,0.08
11/15/21,0.08
11/16/21,0.08
11/17/21,0.08
11/18/21,0.08
11/19/21,0.08
11/22/21,0.08
11/23/21,0.08
11/24/21,0.08
11/25/21,0.08
11/26/21,0.08
11/29/21,0.08
11/30/21,0.08
12/1/21,0.08
12/2/21,0.08
12/3/21,0.08
12/6/21,0.08
12/7/21,0.08
12/8/21,0.08
12/9/21,0.08
12/10/21,0.08
12/13/21,0.08
12/14/21,0.08
12/15/21,0.08
12/16/21,0.08
12/17/21,0.08
12/20/21,0.08
12/21/21,0.08
12/22/21,0.08
12/23/21,0.08
12/24/21,0.08
12/27/21,0.08
12/28/21,0.08
12/29/21,0.08
12/30/21,0.08
12/31/21,0.08
1/3/22,0.08
1/4/22,0.08
1/5/22,0.08
1/6/22,0.08
1/7/22,0.08
1/10/22,0.08
1/11/22,0.08
1/12/22,0.08
1/13/22,0.08
1/14/22,0.08
1/17/22,0.08
1/18/22,0.08
1/19/22,0.08
1/20/22,0.08
1/21/22,0.08
1/24/22,0.08
1/25/22,0.08
1/26/22,0.08
1/27/22,0.08
1/28/22,0.08
1/31/22,0.08
2/1/22,0.08
2/2/22,0.08
2/3/22,0.08
2/4/22,0.08
2/7/22,0.08
2/8/22,0.08
2/9/22,0.08
2/10/22,0.08
2/11/22,0.08
2/14/22,0.08
2/15/22,0.08
2/16/22,0.08
2/17/22,0.08
2/18/22,0.08
2/21/22,0.08
2/22/22,0.08
2/23/22,0.08
2/24/22,0.08
2/25/22,0.08
2/28/22,0.08
3/1/22,0.2
3/2/22,0.2
3/3/22,0.2
3/4/22,0.2
3/7/22,0.2
3/8/22,0.2
3/9/22,0.2
3/10/22,0.2
3/11/22,0.2
3/14/22,0.2
3/15/22,0.2
3/16/22,0.2
3/17/22,0.2
3/18/22,0.2
3/21/22,0.2
3/22/22,0.2
3/23/22,0.2
3/24/22,0.2
3/25/22,0.2
3/28/22,0.2
3/29/22,0.2
3/30/22,0.2
3/31/22,0.2
4/1/22,0.33
4/4/22,0.33
4/5/22,0.33
4/6/22,0.33
4/7/22,0.33
4/8/22,0.33
4/11/22,0.33
4/12/22,0.33
4/13/22,0.33
4/14/22,0.33
4/15/22,0.33
4/18/22,0.33
4/19/22,0.33
4/20/22,0.33
4/21/22,0.33
4/22/22,0.33
4/25/22,0.33
4/26/22,0.33
4/27/22,0.33
4/28/22,0.33
4/29/22,0.33
5/2/22,0.77
5/3/22,0.77
5/4/22,0.77
5/5/22,0.77
5/6/22,0.77
5/9/22,0.77
5/10/22,0.77
5/11/22,0.77
5/12/22,0.77
5/13/22,0.77
5/16/22,0.77
5/17/22,0.77
5/18/22,0.77
5/19/22,0.77
5/20/22,0.77
5/23/22,0.77
5/24/22,0.77
5/25/22,0.77
5/26/22,0.77
5/27/22,0.77
5/30/22,0.77
5/31/22,0.77
6/1/22,1.21
6/2/22,1.21
6/3/22,1.21
6/6/22,1.21
6/7/22,1.21
6/8/22,1.21
6/9/22,1.21
6/10/22,1.21
6/13/22,1.21
6/14/22,1.21
6/15/22,1.21
6/16/22,1.21
6/17/22,1.21
6/20/22,1.21
6/21/22,1.21
6/22/22,1.21
6/23/22,1.21
6/24/22,1.21
6/27/22,1.21
6/28/22,1.21
6/29/22,1.21
6/30/22,1.21
7/1/22,1.68
7/4/22,1.68
7/5/22,1.68
7/6/22,1.68
7/7/22,1.68
7/8/22,1.68
7/11/22,1.68
7/12/22,1.68
7/13/22,1.68
7/14/22,1.68
7/15/22,1.68
7/18/22,1.68
7/19/22,1.68
7/20/22,1.68
7/21/22,1.68
7/22/22,1.68
7/25/22,1.68
7/26/22,1.68
7/27/22,1.68
7/28/22,1.68
7/29/22,1.68
8/1/22,2.33
8/2/22,2.33
8/3/22,2.33
8/4/22,2.33
8/5/22,2.33
8/8/22,2.33
8/9/22,2.33
8/10/22,2.33
8/11/22,2.33
8/12/22,2.33
8/15/22,2.33
8/16/22,2.33
8/17/22,2.33
8/18/22,2.33
8/19/22,2.33
8/22/22,2.33
8/23/22,2.33
8/24/22,2.33
8/25/22,2.33
8/26/22,2.33
8/29/22,2.33
8/30/22,2.33
8/31/22,2.33
9/1/22,2.56
9/2/22,2.56
9/5/22,2.56
9/6/22,2.56
9/7/22,2.56
9/8/22,2.56
9/9/22,2.56
9/12/22,2.56
9/13/22,2.56
9/14/22,2.56
9/15/22,2.56
9/16/22,2.56
9/19/22,2.56
9/20/22,2.56
9/21/22,2.56
9/22/22,2.56
9/23/22,2.56
9/26/22,2.56
9/27/22,2.56
9/28/22,2.56
9/29/22,2.56
9/30/22,2.56
10/3/22,3.08
10/4/22,3.08
10/5/22,3.08
10/6/22,3.08
10/7/22,3.08
10/10/22,3.08
10/11/22,3.08
10/12/22,3.08
10/13/22,3.08
10/14/22,3.08
10/17/22,3.08
10/18/22,3.08
10/19/22,3.08
10/20/22,3.08
10/21/22,3.08
10/24/22,3.08
10/25/22,3.08
10/26/22,3.08
10/27/22,3.08
10/28/22,3.08
10/31/22,3.08
11/1/22,3.78
11/2/22,3.78
11/3/22,3.78
11/4/22,3.78
11/7/22,3.78
11/8/22,3.78
11/9/22,3.78
11/10/22,3.78
11/11/22,3.78
11/14/22,3.78
11/15/22,3.78
11/16/22,3.78
11/17/22,3.78
11/18/22,3.78
11/21/22,3.78
11/22/22,3.78
11/23/22,3.78
11/24/22,3.78
11/25/22,3.78
11/28/22,3.78
11/29/22,3.78
11/30/22,3.78
12/1/22,4.1
12/2/22,4.1
12/5/22,4.1
12/6/22,4.1
12/7/22,4.1
12/8/22,4.1
12/9/22,4.1
12/12/22,4.1
12/13/22,4.1
12/14/22,4.1
12/15/22,4.1
12/16/22,4.1
12/19/22,4.1
12/20/22,4.1
12/21/22,4.1
12/22/22,4.1
12/23/22,4.1
12/26/22,4.1
12/27/22,4.1
12/28/22,4.1
12/29/22,4.1
12/30/22,4.1
1/2/23,4.33
1/3/23,4.33
1/4/23,4.33
1/5/23,4.33
1/6/23,4.33
1/9/23,4.33
1/10/23,4.33
1/11/23,4.33
1/12/23,4.33
1/13/23,4.33
1/16/23,4.33
1/17/23,4.33
1/18/23,4.33
1/19/23,4.33
1/20/23,4.33
1/23/23,4.33
1/24/23,4.33
1/25/23,4.33
1/26/23,4.33
1/27/23,4.33
1/30/23,4.33
1/31/23,4.33
2/1/23,4.57
2/2/23,4.57
2/3/23,4.57
2/6/23,4.57
2/7/23,4.57
2/8/23,4.57
2/9/23,4.57
2/10/23,4.57
2/13/23,4.57
2/14/23,4.57
2/15/23,4.57
2/16/23,4.57
2/17/23,4.57
2/20/23,4.57
2/21/23,4.57
2/22/23,4.57
2/23/23,4.57
2/24/23,4.57
2/27/23,4.57
2/28/23,4.57
3/1/23,4.65
3/2/23,4.65
3/3/23,4.65
3/6/23,4.65
3/7/23,4.65
3/8/23,4.65
3/9/23,4.65
3/10/23,4.65
3/13/23,4.65
3/14/23,4.65
3/15/23,4.65
3/16/23,4.65
3/17/23,4.65
3/20/23,4.65
3/21/23,4.65
3/22/23,4.65
3/23/23,4.65
3/24/23,4.65
3/27/23,4.65
3/28/23,4.65
3/29/23,4.65
3/30/23,4.65
3/31/23,4.65
4/3/23,4.83
4/4/23,4.83
4/5/23,4.83
4/6/23,4.83
4/7/23,4.83
4/10/23,4.83
4/11/23,4.83
4/12/23,4.83
4/13/23,4.83
4/14/23,4.83
4/17/23,4.83
4/18/23,4.83
4/19/23,4.83
4/20/23,4.83
4/21/23,4.83
4/24/23,4.83
4/25/23,4.83
4/26/23,4.83
4/27/23,4.83
4/28/23,4.83
5/1/23,5.06
5/2/23,5.06
5/3/23,5.06
5/4/23,5.06
5/5/23,5.06
5/8/23,5.06
5/9/23,5.06
5/10/23,5.06
5/11/23,5.06
5/12/23,5.06
5/15/23,5.06
5/16/23,5.06
5/17/23,5.06
5/18/23,5.06
5/19/23,5.06
5/22/23,5.06
5/23/23,5.06
5/24/23,5.06
5/25/23,5.06
5/26/23,5.06
5/29/23,5.06
5/30/23,5.06
5/31/23,5.06
6/1/23,5.08
6/2/23,5.08
6/5/23,5.08
6/6/23,5.08
6/7/23,5.08
6/8/23,5.08
6/9/23,5.08
6/12/23,5.08
6/13/23,5.08
6/14/23,5.08
6/15/23,5.08
6/16/23,5.08
6/19/23,5.08
6/20/23,5.08
6/21/23,5.08
6/22/23,5.08
6/23/23,5.08
6/26/23,5.08
6/27/23,5.08
6/28/23,5.08
6/29/23,5.08
6/30/23,5.08
7/3/23,5.12
7/4/23,5.12
7/5/23,5.12
7/6/23,5.12
7/7/23,5.12
7/10/23,5.12
7/11/23,5.12
7/12/23,5.12
7/13/23,5.12
7/14/23,5.12
7/17/23,5.12
7/18/23,5.12
7/19/23,5.12
7/20/23,5.12
7/21/23,5.12
7/24/23,5.12
7/25/23,5.12
7/26/23,5.12
7/27/23,5.12
7/28/23,5.12
7/31/23,5.12
8/1/23,5.33
8/2/23,5.33
8/3/23,5.33
8/4/23,5.33
8/7/23,5.33
8/8/23,5.33
8/9/23,5.33
8/10/23,5.33
8/11/23,5.33
8/14/23,5.33
8/15/23,5.33
8/16/23,5.33
8/17/23,5.33
8/18/23,5.33
8/21/23,5.33
8/22/23,5.33
8/23/23,5.33
8/24/23,5.33
8/25/23,5.33
8/28/23,5.33
8/29/23,5.33
8/30/23,5.33
8/31/23,5.33
9/1/23,5.33
9/4/23,5.33
9/5/23,5.33
9/6/23,5.33
9/7/23,5.33
9/8/23,5.33
9/11/23,5.33
9/12/23,5.33
9/13/23,5.33
9/14/23,5.33
9/15/23,5.33
9/18/23,5.33
9/19/23,5.33
9/20/23,5.33
9/21/23,5.33
9/22/23,5.33
9/25/23,5.33
9/26/23,5.33
9/27/23,5.33
9/28/23,5.33
9/29/23,5.33
10/2/23,5.33
10/3/23,5.33
10/4/23,5.33
10/5/23,5.33
10/6/23,5.33
10/9/23,5.33
10/10/23,5.33
10/11/23,5.33
10/12/23,5.33
10/13/23,5.33
10/16/23,5.33
10/17/23,5.33
10/18/23,5.33
10/19/23,5.33
10/20/23,5.33
10/23/23,5.33
10/24/23,5.33
10/25/23,5.33
10/26/23,5.33
10/27/23,5.33
10/30/23,5.33
10/31/23,5.33
11/1/23,5.33
11/2/23,5.33
11/3/23,5.33
11/6/23,5.33
11/7/23,5.33
11/8/23,5.33
11/9/23,5.33
11/10/23,5.33
11/13/23,5.33
11/14/23,5.33
11/15/23,5.33
11/16/23,5.33
11/17/23,5.33
11/20/23,5.33
11/21/23,5.33
11/22/23,5.33
11/23/23,5.33
11/24/23,5.33
11/27/23,5.33
11/28/23,5.33
11/29/23,5.33
11/30/23,5.33
12/1/23,5.33
12/4/23,5.33
12/5/23,5.33
12/6/23,5.33
12/7/23,5.33
12/8/23,5.33
12/11/23,5.33
12/12/23,5.33
12/13/23,5.33
12/14/23,5.33
12/15/23,5.33
12/18/23,5.33
12/19/23,5.33
12/20/23,5.33
12/21/23,5.33
12/22/23,5.33
12/25/23,5.33
12/26/23,5.33
12/27/23,5.33
12/28/23,5.33
12/29/23,5.33
1/1/24,5.33
1/2/24,5.33
1/3/24,5.33
1/4/24,5.33
1/5/24,5.33
1/8/24,5.33
1/9/24,5.33
1/10/24,5.33
1/11/24,5.33
1/12/24,5.33
1/15/24,5.33
1/16/24,5.33
1/17/24,5.33
1/18/24,5.33
1/19/24,5.33
1/22/24,5.33
1/23/24,5.33
1/24/24,5.33
1/25/24,5.33
1/26/24,5.33
1/29/24,5.33
1/30/24,5.33
1/31/24,5.33
2/1/24,5.33
2/2/24,5.33
2/5/24,5.33
2/6/24,5.33
2/7/24,5.33
2/8/24,5.33
2/9/24,5.33
2/12/24,5.33
2/13/24,5.33
2/14/24,5.33
2/15/24,5.33
2/16/24,5.33
2/19/24,5.33
2/20/24,5.33
2/21/24,5.33
2/22/24,5.33
2/23/24,5.33
2/26/24,5.33
2/27/24,5.33
2/28/24,5.33
2/29/24,5.33
3/1/24,5.33
3/4/24,5.33
3/5/24,5.33
3/6/24,5.33
3/7/24,5.33
3/8/24,5.33
3/11/24,5.33
3/12/24,5.33
3/13/24,5.33
3/14/24,5.33
3/15/24,5.33
3/18/24,5.33
3/19/24,5.33
3/20/24,5.33
3/21/24,5.33
3/22/24,5.33
3/25/24,5.33
3/26/24,5.33
3/27/24,5.33
3/28/24,5.33
3/29/24,5.33
4/1/24,5.33
4/2/24,5.33
4/3/24,5.33
4/4/24,5.33
4/5/24,5.33
4/8/24,5.33
4/9/24,5.33
4/10/24,5.33
4/11/24,5.33
4/12/24,5.33
4/15/24,5.33
4/16/24,5.33
4/17/24,5.33
4/18/24,5.33
4/19/24,5.33
4/22/24,5.33
4/23/24,5.33
4/24/24,5.33
4/25/24,5.33
4/26/24,5.33
4/29/24,5.33
4/30/24,5.33
5/1/24,5.33
5/2/24,5.33
5/3/24,5.33
5/6/24,5.33
5/7/24,5.33
5/8/24,5.33
5/9/24,5.33
5/10/24,5.33
5/13/24,5.33
5/14/24,5.33
5/15/24,5.33
5/16/24,5.33
5/17/24,5.33
5/20/24,5.33
5/21/24,5.33
5/22/24,5.33
5/23/24,5.33
5/24/24,5.33
5/27/24,5.33
5/28/24,5.33
5/29/24,5.33
5/30/24,5.33
5/31/24,5.33
6/3/24,5.33
6/4/24,5.33
6/5/24,5.33
6/6/24,5.33
6/7/24,5.33
6/10/24,5.33
6/11/24,5.33
6/12/24,5.33
6/13/24,5.33
6/14/24,5.33
6/17/24,5.33
6/18/24,5.33
6/19/24,5.33
6/20/24,5.33
6/21/24,5.33
6/24/24,5.33
6/25/24,5.33
6/26/24,5.33
6/27/24,5.33
6/28/24,5.33
7/1/24,5.33
7/2/24,5.33
7/3/24,5.33
7/4/24,5.33
7/5/24,5.33
7/8/24,5.33
7/9/24,5.33
7/10/24,5.33
7/11/24,5.33
7/12/24,5.33
7/15/24,5.33
7/16/24,5.33
7/17/24,5.33
7/18/24,5.33
7/19/24,5.33
7/22/24,5.33
7/23/24,5.33
7/24/24,5.33
7/25/24,5.33
7/26/24,5.33
7/29/24,5.33
7/30/24,5.33
7/31/24,5.33
8/1/24,5.33
8/2/24,5.33
8/5/24,5.33
8/6/24,5.33
8/7/24,5.33
8/8/24,5.33
8/9/24,5.33
8/12/24,5.33
8/13/24,5.33
8/14/24,5.33
8/15/24,5.33
8/16/24,5.33
8/19/24,5.33
8/20/24,5.33
8/21/24,5.33
8/22/24,5.33
8/23/24,5.33
8/26/24,5.33
8/27/24,5.33
8/28/24,5.33
8/29/24,5.33
8/30/24,5.33
9/2/24,5.13
9/3/24,5.13
9/4/24,5.13
9/5/24,5.13
9/6/24,5.13
9/9/24,5.13
9/10/24,5.13
9/11/24,5.13
9/12/24,5.13
9/13/24,5.13
9/16/24,5.13
9/17/24,5.13
9/18/24,5.13
9/19/24,5.13
9/20/24,5.13
9/23/24,5.13
9/24/24,5.13
9/25/24,5.13
9/26/24,5.13
9/27/24,5.13
9/30/24,5.13
10/1/24,4.83
10/2/24,4.83
10/3/24,4.83
10/4/24,4.83
10/7/24,4.83
10/8/24,4.83
10/9/24,4.83
10/10/24,4.83
10/11/24,4.83
10/14/24,4.83
10/15/24,4.83
10/16/24,4.83
10/17/24,4.83
10/18/24,4.83
10/21/24,4.83
10/22/24,4.83
10/23/24,4.83
10/24/24,4.83
10/25/24,4.83
10/28/24,4.83
10/29/24,4.83
10/30/24,4.83
10/31/24,4.83
11/1/24,4.64
11/4/24,4.64
11/5/24,4.64
11/6/24,4.64
11/7/24,4.64
11/8/24,4.64
11/11/24,4.64
11/12/24,4.64
11/13/24,4.64
11/14/24,4.64
11/15/24,4.64
11/18/24,4.64
11/19/24,4.64
11/20/24,4.64
11/21/24,4.64
11/22/24,4.64
11/25/24,4.64
11/26/24,4.64
11/27/24,4.64
11/28/24,4.64
11/29/24,4.64
12/2/24,4.48
12/3/24,4.48
12/4/24,4.48
12/5/24,4.48
12/6/24,4.48
12/9/24,4.48
12/10/24,4.48
12/11/24,4.48
12/12/24,4.48
12/13/24,4.48
12/16/24,4.48
12/17/24,4.48
12/18/24,4.48
12/19/24,4.48
12/20/24,4.48
12/23/24,4.48
12/24/24,4.48
12/25/24,4.48
12/26/24,4.48
12/27/24,4.48
12/30/24,4.48
12/31/24,4.48
1/1/25,4.33
1/2/25,4.33
1/3/25,4.33
1/6/25,4.33
1/7/25,4.33
1/8/25,4.33
1/9/25,4.33
1/10/25,4.33
1/13/25,4.33
1/14/25,4.33
1/15/25,4.33
1/16/25,4.33
1/17/25,4.33
1/20/25,4.33
1/21/25,4.33
1/22/25,4.33
1/23/25,4.33
1/24/25,4.33
1/27/25,4.33
1/28/25,4.33
1/29/25,4.33
1/30/25,4.33
1/31/25,4.33
2/3/25,4.33
2/4/25,4.33
2/5/25,4.33
2/6/25,4.33
2/7/25,4.33
2/10/25,4.33
2/11/25,4.33
2/12/25,4.33
2/13/25,4.33
2/14/25,4.33
2/17/25,4.33
2/18/25,4.33
2/19/25,4.33
2/20/25,4.33
2/21/25,4.33
2/24/25,4.33
2/25/25,4.33
2/26/25,4.33
2/27/25,4.33
2/28/25,4.33
3/3/25,4.33
3/4/25,4.33
3/5/25,4.33
3/6/25,4.33
3/7/25,4.33
3/10/25,4.33
3/11/25,4.33
3/12/25,4.33