Date,10yr,2yr,BankRate,10-2yr,,,
1/2/62,4.06,,2.15,,,,
1/3/62,4.03,,2.15,,,,
1/4/62,3.99,,2.15,,,,
1/5/62,4.02,,2.15,,,,
1/8/62,4.03,,2.15,,,,
1/9/62,4.05,,2.15,,,,
1/10/62,4.07,,2.15,,,,
1/11/62,4.08,,2.15,,,,
1/12/62,4.08,,2.15,,,,
1/15/62,4.1,,2.15,,,,
1/16/62,4.13,,2.15,,,,
1/17/62,4.12,,2.15,,,,
1/18/62,4.11,,2.15,,,,
1/19/62,4.11,,2.15,,,,
1/22/62,4.09,,2.15,,,,
1/23/62,4.11,,2.15,,,,
1/24/62,4.1,,2.15,,,,
1/25/62,4.11,,2.15,,,,
1/26/62,4.11,,2.15,,,,
1/29/62,4.12,,2.15,,,,
1/30/62,4.11,,2.15,,,,
1/31/62,4.1,,2.15,,,,
2/1/62,4.09,,2.37,,,,
2/2/62,4.08,,2.37,,,,
2/5/62,4.07,,2.37,,,,
2/6/62,4.06,,2.37,,,,
2/7/62,4.07,,2.37,,,,
2/8/62,4.07,,2.37,,,,
2/9/62,4.05,,2.37,,,,
2/12/62,4.05,,2.37,,,,
2/13/62,4.03,,2.37,,,,
2/14/62,4.03,,2.37,,,,
2/15/62,4.02,,2.37,,,,
2/16/62,4.02,,2.37,,,,
2/19/62,4.01,,2.37,,,,
2/20/62,4.05,,2.37,,,,
2/21/62,4.03,,2.37,,,,
2/22/62,4.03,,2.37,,,,
2/23/62,4.02,,2.37,,,,
2/26/62,4,,2.37,,,,
2/27/62,4.01,,2.37,,,,
2/28/62,4,,2.37,,,,
3/1/62,3.98,,2.85,,,,
3/2/62,3.98,,2.85,,,,
3/5/62,4,,2.85,,,,
3/6/62,4.01,,2.85,,,,
3/7/62,4,,2.85,,,,
3/8/62,3.98,,2.85,,,,
3/9/62,3.96,,2.85,,,,
3/12/62,3.94,,2.85,,,,
3/13/62,3.92,,2.85,,,,
3/14/62,3.93,,2.85,,,,
3/15/62,3.96,,2.85,,,,
3/16/62,3.96,,2.85,,,,
3/19/62,3.93,,2.85,,,,
3/20/62,3.91,,2.85,,,,
3/21/62,3.86,,2.85,,,,
3/22/62,3.83,,2.85,,,,
3/23/62,3.87,,2.85,,,,
3/26/62,3.89,,2.85,,,,
3/27/62,3.9,,2.85,,,,
3/28/62,3.9,,2.85,,,,
3/29/62,3.9,,2.85,,,,
3/30/62,3.86,,2.85,,,,
4/2/62,3.86,,2.78,,,,
4/3/62,3.83,,2.78,,,,
4/4/62,3.78,,2.78,,,,
4/5/62,3.84,,2.78,,,,
4/6/62,3.81,,2.78,,,,
4/9/62,3.83,,2.78,,,,
4/10/62,3.83,,2.78,,,,
4/11/62,3.87,,2.78,,,,
4/12/62,3.86,,2.78,,,,
4/13/62,3.85,,2.78,,,,
4/16/62,3.83,,2.78,,,,
4/17/62,3.82,,2.78,,,,
4/18/62,3.81,,2.78,,,,
4/19/62,3.82,,2.78,,,,
4/20/62,3.82,,2.78,,,,
4/23/62,3.86,,2.78,,,,
4/24/62,3.87,,2.78,,,,
4/25/62,3.88,,2.78,,,,
4/26/62,3.89,,2.78,,,,
4/27/62,3.86,,2.78,,,,
4/30/62,3.86,,2.78,,,,
5/1/62,3.85,,2.36,,,,
5/2/62,3.86,,2.36,,,,
5/3/62,3.86,,2.36,,,,
5/4/62,3.87,,2.36,,,,
5/7/62,3.86,,2.36,,,,
5/8/62,3.85,,2.36,,,,
5/9/62,3.82,,2.36,,,,
5/10/62,3.83,,2.36,,,,
5/11/62,3.82,,2.36,,,,
5/14/62,3.85,,2.36,,,,
5/15/62,3.87,,2.36,,,,
5/16/62,3.86,,2.36,,,,
5/17/62,3.87,,2.36,,,,
5/18/62,3.93,,2.36,,,,
5/21/62,3.94,,2.36,,,,
5/22/62,3.93,,2.36,,,,
5/23/62,3.91,,2.36,,,,
5/24/62,3.9,,2.36,,,,
5/25/62,3.88,,2.36,,,,
5/28/62,3.87,,2.36,,,,
5/29/62,3.89,,2.36,,,,
5/30/62,3.89,,2.36,,,,
5/31/62,3.9,,2.36,,,,
6/1/62,3.89,,2.68,,,,
6/4/62,3.88,,2.68,,,,
6/5/62,3.89,,2.68,,,,
6/6/62,3.89,,2.68,,,,
6/7/62,3.87,,2.68,,,,
6/8/62,3.86,,2.68,,,,
6/11/62,3.87,,2.68,,,,
6/12/62,3.86,,2.68,,,,
6/13/62,3.87,,2.68,,,,
6/14/62,3.9,,2.68,,,,
6/15/62,3.89,,2.68,,,,
6/18/62,3.91,,2.68,,,,
6/19/62,3.93,,2.68,,,,
6/20/62,3.92,,2.68,,,,
6/21/62,3.9,,2.68,,,,
6/22/62,3.9,,2.68,,,,
6/25/62,3.95,,2.68,,,,
6/26/62,3.97,,2.68,,,,
6/27/62,3.96,,2.68,,,,
6/28/62,3.98,,2.68,,,,
6/29/62,4,,2.68,,,,
7/2/62,4,,2.71,,,,
7/3/62,4,,2.71,,,,
7/4/62,4,,2.71,,,,
7/5/62,4,,2.71,,,,
7/6/62,4.02,,2.71,,,,
7/9/62,4.05,,2.71,,,,
7/10/62,4.02,,2.71,,,,
7/11/62,3.99,,2.71,,,,
7/12/62,4,,2.71,,,,
7/13/62,4,,2.71,,,,
7/16/62,4.01,,2.71,,,,
7/17/62,4.03,,2.71,,,,
7/18/62,4.02,,2.71,,,,
7/19/62,4.02,,2.71,,,,
7/20/62,4.01,,2.71,,,,
7/23/62,4,,2.71,,,,
7/24/62,4.01,,2.71,,,,
7/25/62,4.02,,2.71,,,,
7/26/62,4.01,,2.71,,,,
7/27/62,4.02,,2.71,,,,
7/30/62,4.03,,2.71,,,,
7/31/62,4.04,,2.71,,,,
8/1/62,4.03,,2.93,,,,
8/2/62,4,,2.93,,,,
8/3/62,4.01,,2.93,,,,
8/6/62,4.01,,2.93,,,,
8/7/62,4.02,,2.93,,,,
8/8/62,4.01,,2.93,,,,
8/9/62,3.99,,2.93,,,,
8/10/62,3.99,,2.93,,,,
8/13/62,3.99,,2.93,,,,
8/14/62,3.98,,2.93,,,,
8/15/62,3.98,,2.93,,,,
8/16/62,3.96,,2.93,,,,
8/17/62,3.96,,2.93,,,,
8/20/62,3.94,,2.93,,,,
8/21/62,3.94,,2.93,,,,
8/22/62,3.95,,2.93,,,,
8/23/62,3.95,,2.93,,,,
8/24/62,3.95,,2.93,,,,
8/27/62,3.95,,2.93,,,,
8/28/62,3.96,,2.93,,,,
8/29/62,3.96,,2.93,,,,
8/30/62,3.95,,2.93,,,,
8/31/62,3.96,,2.93,,,,
9/3/62,3.96,,2.9,,,,
9/4/62,3.96,,2.9,,,,
9/5/62,3.97,,2.9,,,,
9/6/62,3.99,,2.9,,,,
9/7/62,4.01,,2.9,,,,
9/10/62,4,,2.9,,,,
9/11/62,4,,2.9,,,,
9/12/62,4,,2.9,,,,
9/13/62,3.99,,2.9,,,,
9/14/62,3.99,,2.9,,,,
9/17/62,3.99,,2.9,,,,
9/18/62,3.98,,2.9,,,,
9/19/62,3.99,,2.9,,,,
9/20/62,3.98,,2.9,,,,
9/21/62,3.98,,2.9,,,,
9/24/62,3.97,,2.9,,,,
9/25/62,3.96,,2.9,,,,
9/26/62,3.95,,2.9,,,,
9/27/62,3.95,,2.9,,,,
9/28/62,3.94,,2.9,,,,
10/1/62,3.93,,2.9,,,,
10/2/62,3.92,,2.9,,,,
10/3/62,3.9,,2.9,,,,
10/4/62,3.9,,2.9,,,,
10/5/62,3.92,,2.9,,,,
10/8/62,3.93,,2.9,,,,
10/9/62,3.95,,2.9,,,,
10/10/62,3.93,,2.9,,,,
10/11/62,3.94,,2.9,,,,
10/12/62,3.94,,2.9,,,,
10/15/62,3.94,,2.9,,,,
10/16/62,3.94,,2.9,,,,
10/17/62,3.94,,2.9,,,,
10/18/62,3.92,,2.9,,,,
10/19/62,3.88,,2.9,,,,
10/22/62,3.91,,2.9,,,,
10/23/62,3.94,,2.9,,,,
10/24/62,3.94,,2.9,,,,
10/25/62,3.94,,2.9,,,,
10/26/62,3.93,,2.9,,,,
10/29/62,3.92,,2.9,,,,
10/30/62,3.92,,2.9,,,,
10/31/62,3.92,,2.9,,,,
11/1/62,3.92,,2.94,,,,
11/2/62,3.91,,2.94,,,,
11/5/62,3.91,,2.94,,,,
11/6/62,3.91,,2.94,,,,
11/7/62,3.91,,2.94,,,,
11/8/62,3.9,,2.94,,,,
11/9/62,3.89,,2.94,,,,
11/12/62,3.89,,2.94,,,,
11/13/62,3.9,,2.94,,,,
11/14/62,3.91,,2.94,,,,
11/15/62,3.91,,2.94,,,,
11/16/62,3.93,,2.94,,,,
11/19/62,3.93,,2.94,,,,
11/20/62,3.93,,2.94,,,,
11/21/62,3.92,,2.94,,,,
11/22/62,3.92,,2.94,,,,
11/23/62,3.92,,2.94,,,,
11/26/62,3.93,,2.94,,,,
11/27/62,3.92,,2.94,,,,
11/28/62,3.92,,2.94,,,,
11/29/62,3.92,,2.94,,,,
11/30/62,3.92,,2.94,,,,
12/3/62,3.93,,2.93,,,,
12/4/62,3.94,,2.93,,,,
12/5/62,3.93,,2.93,,,,
12/6/62,3.92,,2.93,,,,
12/7/62,3.91,,2.93,,,,
12/10/62,3.9,,2.93,,,,
12/11/62,3.89,,2.93,,,,
12/12/62,3.88,,2.93,,,,
12/13/62,3.88,,2.93,,,,
12/14/62,3.87,,2.93,,,,
12/17/62,3.85,,2.93,,,,
12/18/62,3.83,,2.93,,,,
12/19/62,3.84,,2.93,,,,
12/20/62,3.83,,2.93,,,,
12/21/62,3.81,,2.93,,,,
12/24/62,3.79,,2.93,,,,
12/25/62,3.79,,2.93,,,,
12/26/62,3.79,,2.93,,,,
12/27/62,3.81,,2.93,,,,
12/28/62,3.84,,2.93,,,,
12/31/62,3.85,,2.93,,,,
1/1/63,3.85,,2.92,,,,
1/2/63,3.82,,2.92,,,,
1/3/63,3.81,,2.92,,,,
1/4/63,3.84,,2.92,,,,
1/7/63,3.83,,2.92,,,,
1/8/63,3.81,,2.92,,,,
1/9/63,3.82,,2.92,,,,
1/10/63,3.81,,2.92,,,,
1/11/63,3.8,,2.92,,,,
1/14/63,3.81,,2.92,,,,
1/15/63,3.8,,2.92,,,,
1/16/63,3.8,,2.92,,,,
1/17/63,3.82,,2.92,,,,
1/18/63,3.84,,2.92,,,,
1/21/63,3.85,,2.92,,,,
1/22/63,3.86,,2.92,,,,
1/23/63,3.86,,2.92,,,,
1/24/63,3.86,,2.92,,,,
1/25/63,3.85,,2.92,,,,
1/28/63,3.86,,2.92,,,,
1/29/63,3.86,,2.92,,,,
1/30/63,3.86,,2.92,,,,
1/31/63,3.87,,2.92,,,,
2/1/63,3.88,,3,,,,
2/4/63,3.89,,3,,,,
2/5/63,3.9,,3,,,,
2/6/63,3.91,,3,,,,
2/7/63,3.91,,3,,,,
2/8/63,3.91,,3,,,,
2/11/63,3.92,,3,,,,
2/12/63,3.92,,3,,,,
2/13/63,3.92,,3,,,,
2/14/63,3.91,,3,,,,
2/15/63,3.91,,3,,,,
2/18/63,3.91,,3,,,,
2/19/63,3.93,,3,,,,
2/20/63,3.94,,3,,,,
2/21/63,3.95,,3,,,,
2/22/63,3.95,,3,,,,
2/25/63,3.95,,3,,,,
2/26/63,3.95,,3,,,,
2/27/63,3.95,,3,,,,
2/28/63,3.94,,3,,,,
3/1/63,3.93,,2.98,,,,
3/4/63,3.92,,2.98,,,,
3/5/63,3.92,,2.98,,,,
3/6/63,3.91,,2.98,,,,
3/7/63,3.92,,2.98,,,,
3/8/63,3.92,,2.98,,,,
3/11/63,3.92,,2.98,,,,
3/12/63,3.92,,2.98,,,,
3/13/63,3.92,,2.98,,,,
3/14/63,3.92,,2.98,,,,
3/15/63,3.92,,2.98,,,,
3/18/63,3.92,,2.98,,,,
3/19/63,3.92,,2.98,,,,
3/20/63,3.92,,2.98,,,,
3/21/63,3.92,,2.98,,,,
3/22/63,3.93,,2.98,,,,
3/25/63,3.94,,2.98,,,,
3/26/63,3.96,,2.98,,,,
3/27/63,3.96,,2.98,,,,
3/28/63,3.96,,2.98,,,,
3/29/63,3.95,,2.98,,,,
4/1/63,3.95,,2.9,,,,
4/2/63,3.96,,2.9,,,,
4/3/63,3.96,,2.9,,,,
4/4/63,3.95,,2.9,,,,
4/5/63,3.95,,2.9,,,,
4/8/63,3.97,,2.9,,,,
4/9/63,3.98,,2.9,,,,
4/10/63,4,,2.9,,,,
4/11/63,4,,2.9,,,,
4/12/63,4,,2.9,,,,
4/15/63,4.01,,2.9,,,,
4/16/63,4,,2.9,,,,
4/17/63,4,,2.9,,,,
4/18/63,3.99,,2.9,,,,
4/19/63,3.97,,2.9,,,,
4/22/63,3.97,,2.9,,,,
4/23/63,3.97,,2.9,,,,
4/24/63,3.96,,2.9,,,,
4/25/63,3.95,,2.9,,,,
4/26/63,3.95,,2.9,,,,
4/29/63,3.95,,2.9,,,,
4/30/63,3.95,,2.9,,,,
5/1/63,3.94,,3,,,,
5/2/63,3.94,,3,,,,
5/3/63,3.93,,3,,,,
5/6/63,3.92,,3,,,,
5/7/63,3.91,,3,,,,
5/8/63,3.92,,3,,,,
5/9/63,3.93,,3,,,,
5/10/63,3.93,,3,,,,
5/13/63,3.92,,3,,,,
5/14/63,3.91,,3,,,,
5/15/63,3.91,,3,,,,
5/16/63,3.9,,3,,,,
5/17/63,3.92,,3,,,,
5/20/63,3.93,,3,,,,
5/21/63,3.92,,3,,,,
5/22/63,3.92,,3,,,,
5/23/63,3.93,,3,,,,
5/24/63,3.95,,3,,,,
5/27/63,3.95,,3,,,,
5/28/63,3.96,,3,,,,
5/29/63,3.96,,3,,,,
5/30/63,3.96,,3,,,,
5/31/63,3.96,,3,,,,
6/3/63,3.98,,2.99,,,,
6/4/63,3.98,,2.99,,,,
6/5/63,3.98,,2.99,,,,
6/6/63,3.99,,2.99,,,,
6/7/63,3.99,,2.99,,,,
6/10/63,3.99,,2.99,,,,
6/11/63,3.98,,2.99,,,,
6/12/63,3.99,,2.99,,,,
6/13/63,3.99,,2.99,,,,
6/14/63,3.99,,2.99,,,,
6/17/63,4,,2.99,,,,
6/18/63,4,,2.99,,,,
6/19/63,4,,2.99,,,,
6/20/63,4,,2.99,,,,
6/21/63,4,,2.99,,,,
6/24/63,4,,2.99,,,,
6/25/63,4,,2.99,,,,
6/26/63,4,,2.99,,,,
6/27/63,4,,2.99,,,,
6/28/63,4,,2.99,,,,
7/1/63,4.01,,3.02,,,,
7/2/63,4.03,,3.02,,,,
7/3/63,4.03,,3.02,,,,
7/4/63,4.03,,3.02,,,,
7/5/63,4.04,,3.02,,,,
7/8/63,4.05,,3.02,,,,
7/9/63,4.04,,3.02,,,,
7/10/63,4.03,,3.02,,,,
7/11/63,4.04,,3.02,,,,
7/12/63,4.03,,3.02,,,,
7/15/63,4.02,,3.02,,,,
7/16/63,4.02,,3.02,,,,
7/17/63,4.03,,3.02,,,,
7/18/63,4.02,,3.02,,,,
7/19/63,4.02,,3.02,,,,
7/22/63,4.02,,3.02,,,,
7/23/63,4.02,,3.02,,,,
7/24/63,4.01,,3.02,,,,
7/25/63,4.01,,3.02,,,,
7/26/63,3.99,,3.02,,,,
7/29/63,3.99,,3.02,,,,
7/30/63,4,,3.02,,,,
7/31/63,4,,3.02,,,,
8/1/63,3.99,,3.49,,,,
8/2/63,3.99,,3.49,,,,
8/5/63,3.99,,3.49,,,,
8/6/63,4,,3.49,,,,
8/7/63,4.01,,3.49,,,,
8/8/63,4,,3.49,,,,
8/9/63,4,,3.49,,,,
8/12/63,4.01,,3.49,,,,
8/13/63,4.02,,3.49,,,,
8/14/63,4.02,,3.49,,,,
8/15/63,4.01,,3.49,,,,
8/16/63,4,,3.49,,,,
8/19/63,3.99,,3.49,,,,
8/20/63,3.99,,3.49,,,,
8/21/63,4,,3.49,,,,
8/22/63,4,,3.49,,,,
8/23/63,4,,3.49,,,,
8/26/63,4,,3.49,,,,
8/27/63,4,,3.49,,,,
8/28/63,4,,3.49,,,,
8/29/63,4.01,,3.49,,,,
8/30/63,4.02,,3.49,,,,
9/2/63,4.02,,3.48,,,,
9/3/63,4.03,,3.48,,,,
9/4/63,4.04,,3.48,,,,
9/5/63,4.08,,3.48,,,,
9/6/63,4.09,,3.48,,,,
9/9/63,4.09,,3.48,,,,
9/10/63,4.09,,3.48,,,,
9/11/63,4.09,,3.48,,,,
9/12/63,4.09,,3.48,,,,
9/13/63,4.09,,3.48,,,,
9/16/63,4.09,,3.48,,,,
9/17/63,4.09,,3.48,,,,
9/18/63,4.08,,3.48,,,,
9/19/63,4.08,,3.48,,,,
9/20/63,4.07,,3.48,,,,
9/23/63,4.07,,3.48,,,,
9/24/63,4.08,,3.48,,,,
9/25/63,4.08,,3.48,,,,
9/26/63,4.08,,3.48,,,,
9/27/63,4.07,,3.48,,,,
9/30/63,4.07,,3.48,,,,
10/1/63,4.07,,3.5,,,,
10/2/63,4.07,,3.5,,,,
10/3/63,4.07,,3.5,,,,
10/4/63,4.08,,3.5,,,,
10/7/63,4.08,,3.5,,,,
10/8/63,4.09,,3.5,,,,
10/9/63,4.1,,3.5,,,,
10/10/63,4.1,,3.5,,,,
10/11/63,4.1,,3.5,,,,
10/14/63,4.1,,3.5,,,,
10/15/63,4.11,,3.5,,,,
10/16/63,4.11,,3.5,,,,
10/17/63,4.12,,3.5,,,,
10/18/63,4.12,,3.5,,,,
10/21/63,4.12,,3.5,,,,
10/22/63,4.11,,3.5,,,,
10/23/63,4.12,,3.5,,,,
10/24/63,4.11,,3.5,,,,
10/25/63,4.12,,3.5,,,,
10/28/63,4.12,,3.5,,,,
10/29/63,4.13,,3.5,,,,
10/30/63,4.14,,3.5,,,,
10/31/63,4.15,,3.5,,,,
11/1/63,4.15,,3.48,,,,
11/4/63,4.15,,3.48,,,,
11/5/63,4.15,,3.48,,,,
11/6/63,4.17,,3.48,,,,
11/7/63,4.17,,3.48,,,,
11/8/63,4.16,,3.48,,,,
11/11/63,4.16,,3.48,,,,
11/12/63,4.16,,3.48,,,,
11/13/63,4.15,,3.48,,,,
11/14/63,4.12,,3.48,,,,
11/15/63,4.11,,3.48,,,,
11/18/63,4.11,,3.48,,,,
11/19/63,4.1,,3.48,,,,
11/20/63,4.09,,3.48,,,,
11/21/63,4.1,,3.48,,,,
11/22/63,4.09,,3.48,,,,
11/25/63,4.09,,3.48,,,,
11/26/63,4.08,,3.48,,,,
11/27/63,4.08,,3.48,,,,
11/28/63,4.08,,3.48,,,,
11/29/63,4.08,,3.48,,,,
12/2/63,4.09,,3.38,,,,
12/3/63,4.1,,3.38,,,,
12/4/63,4.1,,3.38,,,,
12/5/63,4.11,,3.38,,,,
12/6/63,4.11,,3.38,,,,
12/9/63,4.1,,3.38,,,,
12/10/63,4.1,,3.38,,,,
12/11/63,4.12,,3.38,,,,
12/12/63,4.12,,3.38,,,,
12/13/63,4.13,,3.38,,,,
12/16/63,4.15,,3.38,,,,
12/17/63,4.15,,3.38,,,,
12/18/63,4.15,,3.38,,,,
12/19/63,4.14,,3.38,,,,
12/20/63,4.15,,3.38,,,,
12/23/63,4.15,,3.38,,,,
12/24/63,4.15,,3.38,,,,
12/25/63,4.15,,3.38,,,,
12/26/63,4.15,,3.38,,,,
12/27/63,4.15,,3.38,,,,
12/30/63,4.14,,3.38,,,,
12/31/63,4.14,,3.38,,,,
1/1/64,4.14,,3.48,,,,
1/2/64,4.14,,3.48,,,,
1/3/64,4.15,,3.48,,,,
1/6/64,4.16,,3.48,,,,
1/7/64,4.15,,3.48,,,,
1/8/64,4.18,,3.48,,,,
1/9/64,4.18,,3.48,,,,
1/10/64,4.18,,3.48,,,,
1/13/64,4.18,,3.48,,,,
1/14/64,4.18,,3.48,,,,
1/15/64,4.18,,3.48,,,,
1/16/64,4.17,,3.48,,,,
1/17/64,4.17,,3.48,,,,
1/20/64,4.16,,3.48,,,,
1/21/64,4.16,,3.48,,,,
1/22/64,4.16,,3.48,,,,
1/23/64,4.16,,3.48,,,,
1/24/64,4.18,,3.48,,,,
1/27/64,4.18,,3.48,,,,
1/28/64,4.17,,3.48,,,,
1/29/64,4.17,,3.48,,,,
1/30/64,4.16,,3.48,,,,
1/31/64,4.15,,3.48,,,,
2/3/64,4.15,,3.48,,,,
2/4/64,4.15,,3.48,,,,
2/5/64,4.15,,3.48,,,,
2/6/64,4.14,,3.48,,,,
2/7/64,4.14,,3.48,,,,
2/10/64,4.14,,3.48,,,,
2/11/64,4.14,,3.48,,,,
2/12/64,4.14,,3.48,,,,
2/13/64,4.13,,3.48,,,,
2/14/64,4.13,,3.48,,,,
2/17/64,4.13,,3.48,,,,
2/18/64,4.14,,3.48,,,,
2/19/64,4.14,,3.48,,,,
2/20/64,4.14,,3.48,,,,
2/21/64,4.14,,3.48,,,,
2/24/64,4.15,,3.48,,,,
2/25/64,4.15,,3.48,,,,
2/26/64,4.15,,3.48,,,,
2/27/64,4.17,,3.48,,,,
2/28/64,4.18,,3.48,,,,
3/2/64,4.17,,3.43,,,,
3/3/64,4.18,,3.43,,,,
3/4/64,4.19,,3.43,,,,
3/5/64,4.19,,3.43,,,,
3/6/64,4.19,,3.43,,,,
3/9/64,4.2,,3.43,,,,
3/10/64,4.2,,3.43,,,,
3/11/64,4.21,,3.43,,,,
3/12/64,4.21,,3.43,,,,
3/13/64,4.22,,3.43,,,,
3/16/64,4.21,,3.43,,,,
3/17/64,4.22,,3.43,,,,
3/18/64,4.23,,3.43,,,,
3/19/64,4.24,,3.43,,,,
3/20/64,4.25,,3.43,,,,
3/23/64,4.25,,3.43,,,,
3/24/64,4.26,,3.43,,,,
3/25/64,4.26,,3.43,,,,
3/26/64,4.25,,3.43,,,,
3/27/64,4.25,,3.43,,,,
3/30/64,4.25,,3.43,,,,
3/31/64,4.23,,3.43,,,,
4/1/64,4.23,,3.47,,,,
4/2/64,4.24,,3.47,,,,
4/3/64,4.25,,3.47,,,,
4/6/64,4.25,,3.47,,,,
4/7/64,4.25,,3.47,,,,
4/8/64,4.22,,3.47,,,,
4/9/64,4.22,,3.47,,,,
4/10/64,4.22,,3.47,,,,
4/13/64,4.23,,3.47,,,,
4/14/64,4.24,,3.47,,,,
4/15/64,4.23,,3.47,,,,
4/16/64,4.23,,3.47,,,,
4/17/64,4.24,,3.47,,,,
4/20/64,4.24,,3.47,,,,
4/21/64,4.23,,3.47,,,,
4/22/64,4.23,,3.47,,,,
4/23/64,4.23,,3.47,,,,
4/24/64,4.23,,3.47,,,,
4/27/64,4.23,,3.47,,,,
4/28/64,4.23,,3.47,,,,
4/29/64,4.22,,3.47,,,,
4/30/64,4.22,,3.47,,,,
5/1/64,4.22,,3.5,,,,
5/4/64,4.22,,3.5,,,,
5/5/64,4.22,,3.5,,,,
5/6/64,4.22,,3.5,,,,
5/7/64,4.22,,3.5,,,,
5/8/64,4.2,,3.5,,,,
5/11/64,4.19,,3.5,,,,
5/12/64,4.19,,3.5,,,,
5/13/64,4.19,,3.5,,,,
5/14/64,4.19,,3.5,,,,
5/15/64,4.19,,3.5,,,,
5/18/64,4.19,,3.5,,,,
5/19/64,4.19,,3.5,,,,
5/20/64,4.2,,3.5,,,,
5/21/64,4.2,,3.5,,,,
5/22/64,4.2,,3.5,,,,
5/25/64,4.19,,3.5,,,,
5/26/64,4.19,,3.5,,,,
5/27/64,4.2,,3.5,,,,
5/28/64,4.19,,3.5,,,,
5/29/64,4.19,,3.5,,,,
6/1/64,4.19,,3.5,,,,
6/2/64,4.19,,3.5,,,,
6/3/64,4.19,,3.5,,,,
6/4/64,4.19,,3.5,,,,
6/5/64,4.18,,3.5,,,,
6/8/64,4.18,,3.5,,,,
6/9/64,4.17,,3.5,,,,
6/10/64,4.17,,3.5,,,,
6/11/64,4.18,,3.5,,,,
6/12/64,4.18,,3.5,,,,
6/15/64,4.18,,3.5,,,,
6/16/64,4.18,,3.5,,,,
6/17/64,4.18,,3.5,,,,
6/18/64,4.17,,3.5,,,,
6/19/64,4.16,,3.5,,,,
6/22/64,4.15,,3.5,,,,
6/23/64,4.15,,3.5,,,,
6/24/64,4.15,,3.5,,,,
6/25/64,4.15,,3.5,,,,
6/26/64,4.15,,3.5,,,,
6/29/64,4.15,,3.5,,,,
6/30/64,4.15,,3.5,,,,
7/1/64,4.15,,3.42,,,,
7/2/64,4.15,,3.42,,,,
7/3/64,4.15,,3.42,,,,
7/6/64,4.16,,3.42,,,,
7/7/64,4.15,,3.42,,,,
7/8/64,4.15,,3.42,,,,
7/9/64,4.18,,3.42,,,,
7/10/64,4.19,,3.42,,,,
7/13/64,4.19,,3.42,,,,
7/14/64,4.19,,3.42,,,,
7/15/64,4.19,,3.42,,,,
7/16/64,4.19,,3.42,,,,
7/17/64,4.2,,3.42,,,,
7/20/64,4.21,,3.42,,,,
7/21/64,4.2,,3.42,,,,
7/22/64,4.21,,3.42,,,,
7/23/64,4.2,,3.42,,,,
7/24/64,4.2,,3.42,,,,
7/27/64,4.2,,3.42,,,,
7/28/64,4.2,,3.42,,,,
7/29/64,4.2,,3.42,,,,
7/30/64,4.19,,3.42,,,,
7/31/64,4.19,,3.42,,,,
8/3/64,4.19,,3.5,,,,
8/4/64,4.19,,3.5,,,,
8/5/64,4.19,,3.5,,,,
8/6/64,4.18,,3.5,,,,
8/7/64,4.19,,3.5,,,,
8/10/64,4.19,,3.5,,,,
8/11/64,4.2,,3.5,,,,
8/12/64,4.2,,3.5,,,,
8/13/64,4.19,,3.5,,,,
8/14/64,4.19,,3.5,,,,
8/17/64,4.19,,3.5,,,,
8/18/64,4.19,,3.5,,,,
8/19/64,4.19,,3.5,,,,
8/20/64,4.19,,3.5,,,,
8/21/64,4.19,,3.5,,,,
8/24/64,4.19,,3.5,,,,
8/25/64,4.2,,3.5,,,,
8/26/64,4.2,,3.5,,,,
8/27/64,4.2,,3.5,,,,
8/28/64,4.21,,3.5,,,,
8/31/64,4.21,,3.5,,,,
9/1/64,4.21,,3.45,,,,
9/2/64,4.22,,3.45,,,,
9/3/64,4.22,,3.45,,,,
9/4/64,4.22,,3.45,,,,
9/7/64,4.22,,3.45,,,,
9/8/64,4.22,,3.45,,,,
9/9/64,4.22,,3.45,,,,
9/10/64,4.22,,3.45,,,,
9/11/64,4.22,,3.45,,,,
9/14/64,4.22,,3.45,,,,
9/15/64,4.22,,3.45,,,,
9/16/64,4.21,,3.45,,,,
9/17/64,4.2,,3.45,,,,
9/18/64,4.2,,3.45,,,,
9/21/64,4.19,,3.45,,,,
9/22/64,4.19,,3.45,,,,
9/23/64,4.19,,3.45,,,,
9/24/64,4.19,,3.45,,,,
9/25/64,4.19,,3.45,,,,
9/28/64,4.17,,3.45,,,,
9/29/64,4.18,,3.45,,,,
9/30/64,4.18,,3.45,,,,
10/1/64,4.18,,3.36,,,,
10/2/64,4.18,,3.36,,,,
10/5/64,4.2,,3.36,,,,
10/6/64,4.19,,3.36,,,,
10/7/64,4.19,,3.36,,,,
10/8/64,4.19,,3.36,,,,
10/9/64,4.19,,3.36,,,,
10/12/64,4.19,,3.36,,,,
10/13/64,4.19,,3.36,,,,
10/14/64,4.19,,3.36,,,,
10/15/64,4.2,,3.36,,,,
10/16/64,4.21,,3.36,,,,
10/19/64,4.21,,3.36,,,,
10/20/64,4.2,,3.36,,,,
10/21/64,4.19,,3.36,,,,
10/22/64,4.19,,3.36,,,,
10/23/64,4.19,,3.36,,,,
10/26/64,4.19,,3.36,,,,
10/27/64,4.18,,3.36,,,,
10/28/64,4.17,,3.36,,,,
10/29/64,4.16,,3.36,,,,
10/30/64,4.16,,3.36,,,,
11/2/64,4.15,,3.52,,,,
11/3/64,4.15,,3.52,,,,
11/4/64,4.15,,3.52,,,,
11/5/64,4.15,,3.52,,,,
11/6/64,4.15,,3.52,,,,
11/9/64,4.15,,3.52,,,,
11/10/64,4.14,,3.52,,,,
11/11/64,4.14,,3.52,,,,
11/12/64,4.12,,3.52,,,,
11/13/64,4.13,,3.52,,,,
11/16/64,4.13,,3.52,,,,
11/17/64,4.14,,3.52,,,,
11/18/64,4.14,,3.52,,,,
11/19/64,4.13,,3.52,,,,
11/20/64,4.13,,3.52,,,,
11/23/64,4.18,,3.52,,,,
11/24/64,4.18,,3.52,,,,
11/25/64,4.19,,3.52,,,,
11/26/64,4.19,,3.52,,,,
11/27/64,4.19,,3.52,,,,
11/30/64,4.2,,3.52,,,,
12/1/64,4.2,,3.85,,,,
12/2/64,4.19,,3.85,,,,
12/3/64,4.18,,3.85,,,,
12/4/64,4.18,,3.85,,,,
12/7/64,4.17,,3.85,,,,
12/8/64,4.16,,3.85,,,,
12/9/64,4.16,,3.85,,,,
12/10/64,4.15,,3.85,,,,
12/11/64,4.15,,3.85,,,,
12/14/64,4.16,,3.85,,,,
12/15/64,4.17,,3.85,,,,
12/16/64,4.18,,3.85,,,,
12/17/64,4.18,,3.85,,,,
12/18/64,4.19,,3.85,,,,
12/21/64,4.18,,3.85,,,,
12/22/64,4.18,,3.85,,,,
12/23/64,4.19,,3.85,,,,
12/24/64,4.19,,3.85,,,,
12/25/64,4.19,,3.85,,,,
12/28/64,4.19,,3.85,,,,
12/29/64,4.19,,3.85,,,,
12/30/64,4.2,,3.85,,,,
12/31/64,4.21,,3.85,,,,
1/1/65,4.21,,3.9,,,,
1/4/65,4.2,,3.9,,,,
1/5/65,4.2,,3.9,,,,
1/6/65,4.2,,3.9,,,,
1/7/65,4.2,,3.9,,,,
1/8/65,4.2,,3.9,,,,
1/11/65,4.2,,3.9,,,,
1/12/65,4.19,,3.9,,,,
1/13/65,4.19,,3.9,,,,
1/14/65,4.19,,3.9,,,,
1/15/65,4.19,,3.9,,,,
1/18/65,4.19,,3.9,,,,
1/19/65,4.18,,3.9,,,,
1/20/65,4.18,,3.9,,,,
1/21/65,4.17,,3.9,,,,
1/22/65,4.17,,3.9,,,,
1/25/65,4.18,,3.9,,,,
1/26/65,4.19,,3.9,,,,
1/27/65,4.19,,3.9,,,,
1/28/65,4.19,,3.9,,,,
1/29/65,4.19,,3.9,,,,
2/1/65,4.2,,3.98,,,,
2/2/65,4.2,,3.98,,,,
2/3/65,4.2,,3.98,,,,
2/4/65,4.21,,3.98,,,,
2/5/65,4.22,,3.98,,,,
2/8/65,4.21,,3.98,,,,
2/9/65,4.21,,3.98,,,,
2/10/65,4.21,,3.98,,,,
2/11/65,4.21,,3.98,,,,
2/12/65,4.21,,3.98,,,,
2/15/65,4.22,,3.98,,,,
2/16/65,4.21,,3.98,,,,
2/17/65,4.21,,3.98,,,,
2/18/65,4.21,,3.98,,,,
2/19/65,4.22,,3.98,,,,
2/22/65,4.22,,3.98,,,,
2/23/65,4.21,,3.98,,,,
2/24/65,4.22,,3.98,,,,
2/25/65,4.21,,3.98,,,,
2/26/65,4.22,,3.98,,,,
3/1/65,4.22,,4.05,,,,
3/2/65,4.24,,4.05,,,,
3/3/65,4.23,,4.05,,,,
3/4/65,4.22,,4.05,,,,
3/5/65,4.23,,4.05,,,,
3/8/65,4.23,,4.05,,,,
3/9/65,4.23,,4.05,,,,
3/10/65,4.23,,4.05,,,,
3/11/65,4.22,,4.05,,,,
3/12/65,4.22,,4.05,,,,
3/15/65,4.21,,4.05,,,,
3/16/65,4.21,,4.05,,,,
3/17/65,4.2,,4.05,,,,
3/18/65,4.2,,4.05,,,,
3/19/65,4.2,,4.05,,,,
3/22/65,4.19,,4.05,,,,
3/23/65,4.19,,4.05,,,,
3/24/65,4.18,,4.05,,,,
3/25/65,4.19,,4.05,,,,
3/26/65,4.2,,4.05,,,,
3/29/65,4.2,,4.05,,,,
3/30/65,4.2,,4.05,,,,
3/31/65,4.2,,4.05,,,,
4/1/65,4.2,,4.09,,,,
4/2/65,4.2,,4.09,,,,
4/5/65,4.2,,4.09,,,,
4/6/65,4.2,,4.09,,,,
4/7/65,4.2,,4.09,,,,
4/8/65,4.19,,4.09,,,,
4/9/65,4.2,,4.09,,,,
4/12/65,4.2,,4.09,,,,
4/13/65,4.2,,4.09,,,,
4/14/65,4.19,,4.09,,,,
4/15/65,4.2,,4.09,,,,
4/16/65,4.2,,4.09,,,,
4/19/65,4.21,,4.09,,,,
4/20/65,4.21,,4.09,,,,
4/21/65,4.21,,4.09,,,,
4/22/65,4.21,,4.09,,,,
4/23/65,4.21,,4.09,,,,
4/26/65,4.21,,4.09,,,,
4/27/65,4.21,,4.09,,,,
4/28/65,4.21,,4.09,,,,
4/29/65,4.21,,4.09,,,,
4/30/65,4.21,,4.09,,,,
5/3/65,4.21,,4.1,,,,
5/4/65,4.2,,4.1,,,,
5/5/65,4.2,,4.1,,,,
5/6/65,4.2,,4.1,,,,
5/7/65,4.2,,4.1,,,,
5/10/65,4.2,,4.1,,,,
5/11/65,4.2,,4.1,,,,
5/12/65,4.2,,4.1,,,,
5/13/65,4.21,,4.1,,,,
5/14/65,4.21,,4.1,,,,
5/17/65,4.21,,4.1,,,,
5/18/65,4.22,,4.1,,,,
5/19/65,4.22,,4.1,,,,
5/20/65,4.22,,4.1,,,,
5/21/65,4.22,,4.1,,,,
5/24/65,4.22,,4.1,,,,
5/25/65,4.22,,4.1,,,,
5/26/65,4.22,,4.1,,,,
5/27/65,4.22,,4.1,,,,
5/28/65,4.23,,4.1,,,,
5/31/65,4.23,,4.1,,,,
6/1/65,4.23,,4.05,,,,
6/2/65,4.23,,4.05,,,,
6/3/65,4.23,,4.05,,,,
6/4/65,4.23,,4.05,,,,
6/7/65,4.23,,4.05,,,,
6/8/65,4.23,,4.05,,,,
6/9/65,4.23,,4.05,,,,
6/10/65,4.23,,4.05,,,,
6/11/65,4.23,,4.05,,,,
6/14/65,4.21,,4.05,,,,
6/15/65,4.21,,4.05,,,,
6/16/65,4.21,,4.05,,,,
6/17/65,4.21,,4.05,,,,
6/18/65,4.21,,4.05,,,,
6/21/65,4.2,,4.05,,,,
6/22/65,4.2,,4.05,,,,
6/23/65,4.2,,4.05,,,,
6/24/65,4.19,,4.05,,,,
6/25/65,4.19,,4.05,,,,
6/28/65,4.19,,4.05,,,,
6/29/65,4.2,,4.05,,,,
6/30/65,4.2,,4.05,,,,
7/1/65,4.2,,4.09,,,,
7/2/65,4.21,,4.09,,,,
7/5/65,4.21,,4.09,,,,
7/6/65,4.21,,4.09,,,,
7/7/65,4.21,,4.09,,,,
7/8/65,4.2,,4.09,,,,
7/9/65,4.21,,4.09,,,,
7/12/65,4.21,,4.09,,,,
7/13/65,4.21,,4.09,,,,
7/14/65,4.21,,4.09,,,,
7/15/65,4.2,,4.09,,,,
7/16/65,4.2,,4.09,,,,
7/19/65,4.2,,4.09,,,,
7/20/65,4.2,,4.09,,,,
7/21/65,4.2,,4.09,,,,
7/22/65,4.2,,4.09,,,,
7/23/65,4.2,,4.09,,,,
7/26/65,4.2,,4.09,,,,
7/27/65,4.2,,4.09,,,,
7/28/65,4.2,,4.09,,,,
7/29/65,4.21,,4.09,,,,
7/30/65,4.22,,4.09,,,,
8/2/65,4.22,,4.12,,,,
8/3/65,4.22,,4.12,,,,
8/4/65,4.23,,4.12,,,,
8/5/65,4.23,,4.12,,,,
8/6/65,4.24,,4.12,,,,
8/9/65,4.24,,4.12,,,,
8/10/65,4.24,,4.12,,,,
8/11/65,4.25,,4.12,,,,
8/12/65,4.25,,4.12,,,,
8/13/65,4.25,,4.12,,,,
8/16/65,4.26,,4.12,,,,
8/17/65,4.27,,4.12,,,,
8/18/65,4.26,,4.12,,,,
8/19/65,4.26,,4.12,,,,
8/20/65,4.26,,4.12,,,,
8/23/65,4.26,,4.12,,,,
8/24/65,4.27,,4.12,,,,
8/25/65,4.26,,4.12,,,,
8/26/65,4.27,,4.12,,,,
8/27/65,4.27,,4.12,,,,
8/30/65,4.27,,4.12,,,,
8/31/65,4.27,,4.12,,,,
9/1/65,4.28,,4.02,,,,
9/2/65,4.28,,4.02,,,,
9/3/65,4.27,,4.02,,,,
9/6/65,4.27,,4.02,,,,
9/7/65,4.27,,4.02,,,,
9/8/65,4.27,,4.02,,,,
9/9/65,4.27,,4.02,,,,
9/10/65,4.28,,4.02,,,,
9/13/65,4.28,,4.02,,,,
9/14/65,4.28,,4.02,,,,
9/15/65,4.28,,4.02,,,,
9/16/65,4.27,,4.02,,,,
9/17/65,4.27,,4.02,,,,
9/20/65,4.27,,4.02,,,,
9/21/65,4.28,,4.02,,,,
9/22/65,4.29,,4.02,,,,
9/23/65,4.3,,4.02,,,,
9/24/65,4.31,,4.02,,,,
9/27/65,4.31,,4.02,,,,
9/28/65,4.33,,4.02,,,,
9/29/65,4.36,,4.02,,,,
9/30/65,4.35,,4.02,,,,
10/1/65,4.36,,4.08,,,,
10/4/65,4.35,,4.08,,,,
10/5/65,4.33,,4.08,,,,
10/6/65,4.32,,4.08,,,,
10/7/65,4.31,,4.08,,,,
10/8/65,4.32,,4.08,,,,
10/11/65,4.31,,4.08,,,,
10/12/65,4.31,,4.08,,,,
10/13/65,4.3,,4.08,,,,
10/14/65,4.31,,4.08,,,,
10/15/65,4.34,,4.08,,,,
10/18/65,4.34,,4.08,,,,
10/19/65,4.35,,4.08,,,,
10/20/65,4.36,,4.08,,,,
10/21/65,4.37,,4.08,,,,
10/22/65,4.36,,4.08,,,,
10/25/65,4.38,,4.08,,,,
10/26/65,4.38,,4.08,,,,
10/27/65,4.39,,4.08,,,,
10/28/65,4.4,,4.08,,,,
10/29/65,4.41,,4.08,,,,
11/1/65,4.43,,4.1,,,,
11/2/65,4.43,,4.1,,,,
11/3/65,4.43,,4.1,,,,
11/4/65,4.43,,4.1,,,,
11/5/65,4.43,,4.1,,,,
11/8/65,4.45,,4.1,,,,
11/9/65,4.47,,4.1,,,,
11/10/65,4.46,,4.1,,,,
11/11/65,4.46,,4.1,,,,
11/12/65,4.44,,4.1,,,,
11/15/65,4.45,,4.1,,,,
11/16/65,4.44,,4.1,,,,
11/17/65,4.45,,4.1,,,,
11/18/65,4.45,,4.1,,,,
11/19/65,4.46,,4.1,,,,
11/22/65,4.45,,4.1,,,,
11/23/65,4.45,,4.1,,,,
11/24/65,4.45,,4.1,,,,
11/25/65,4.45,,4.1,,,,
11/26/65,4.45,,4.1,,,,
11/29/65,4.46,,4.1,,,,
11/30/65,4.48,,4.1,,,,
12/1/65,4.52,,4.32,,,,
12/2/65,4.52,,4.32,,,,
12/3/65,4.52,,4.32,,,,
12/6/65,4.61,,4.32,,,,
12/7/65,4.59,,4.32,,,,
12/8/65,4.6,,4.32,,,,
12/9/65,4.6,,4.32,,,,
12/10/65,4.6,,4.32,,,,
12/13/65,4.65,,4.32,,,,
12/14/65,4.67,,4.32,,,,
12/15/65,4.67,,4.32,,,,
12/16/65,4.66,,4.32,,,,
12/17/65,4.65,,4.32,,,,
12/20/65,4.61,,4.32,,,,
12/21/65,4.64,,4.32,,,,
12/22/65,4.65,,4.32,,,,
12/23/65,4.65,,4.32,,,,
12/24/65,4.65,,4.32,,,,
12/27/65,4.62,,4.32,,,,
12/28/65,4.61,,4.32,,,,
12/29/65,4.62,,4.32,,,,
12/30/65,4.63,,4.32,,,,
12/31/65,4.65,,4.32,,,,
1/3/66,4.63,,4.42,,,,
1/4/66,4.65,,4.42,,,,
1/5/66,4.63,,4.42,,,,
1/6/66,4.6,,4.42,,,,
1/7/66,4.6,,4.42,,,,
1/10/66,4.61,,4.42,,,,
1/11/66,4.6,,4.42,,,,
1/12/66,4.56,,4.42,,,,
1/13/66,4.58,,4.42,,,,
1/14/66,4.59,,4.42,,,,
1/17/66,4.61,,4.42,,,,
1/18/66,4.61,,4.42,,,,
1/19/66,4.61,,4.42,,,,
1/20/66,4.6,,4.42,,,,
1/21/66,4.59,,4.42,,,,
1/24/66,4.6,,4.42,,,,
1/25/66,4.61,,4.42,,,,
1/26/66,4.61,,4.42,,,,
1/27/66,4.63,,4.42,,,,
1/28/66,4.65,,4.42,,,,
1/31/66,4.69,,4.42,,,,
2/1/66,4.69,,4.6,,,,
2/2/66,4.7,,4.6,,,,
2/3/66,4.7,,4.6,,,,
2/4/66,4.71,,4.6,,,,
2/7/66,4.73,,4.6,,,,
2/8/66,4.72,,4.6,,,,
2/9/66,4.74,,4.6,,,,
2/10/66,4.78,,4.6,,,,
2/11/66,4.86,,4.6,,,,
2/14/66,4.87,,4.6,,,,
2/15/66,4.88,,4.6,,,,
2/16/66,4.89,,4.6,,,,
2/17/66,4.88,,4.6,,,,
2/18/66,4.9,,4.6,,,,
2/21/66,4.92,,4.6,,,,
2/22/66,4.92,,4.6,,,,
2/23/66,4.92,,4.6,,,,
2/24/66,4.93,,4.6,,,,
2/25/66,4.97,,4.6,,,,
2/28/66,5.02,,4.6,,,,
3/1/66,5.01,,4.66,,,,
3/2/66,5,,4.66,,,,
3/3/66,5,,4.66,,,,
3/4/66,4.98,,4.66,,,,
3/7/66,4.96,,4.66,,,,
3/8/66,4.93,,4.66,,,,
3/9/66,4.93,,4.66,,,,
3/10/66,4.95,,4.66,,,,
3/11/66,4.96,,4.66,,,,
3/14/66,4.94,,4.66,,,,
3/15/66,4.91,,4.66,,,,
3/16/66,4.9,,4.66,,,,
3/17/66,4.86,,4.66,,,,
3/18/66,4.84,,4.66,,,,
3/21/66,4.81,,4.66,,,,
3/22/66,4.78,,4.66,,,,
3/23/66,4.73,,4.66,,,,
3/24/66,4.76,,4.66,,,,
3/25/66,4.82,,4.66,,,,
3/28/66,4.81,,4.66,,,,
3/29/66,4.8,,4.66,,,,
3/30/66,4.7,,4.66,,,,
3/31/66,4.71,,4.66,,,,
4/1/66,4.7,,4.67,,,,
4/4/66,4.69,,4.67,,,,
4/5/66,4.66,,4.67,,,,
4/6/66,4.71,,4.67,,,,
4/7/66,4.73,,4.67,,,,
4/8/66,4.73,,4.67,,,,
4/11/66,4.73,,4.67,,,,
4/12/66,4.73,,4.67,,,,
4/13/66,4.74,,4.67,,,,
4/14/66,4.76,,4.67,,,,
4/15/66,4.77,,4.67,,,,
4/18/66,4.76,,4.67,,,,
4/19/66,4.76,,4.67,,,,
4/20/66,4.8,,4.67,,,,
4/21/66,4.77,,4.67,,,,
4/22/66,4.77,,4.67,,,,
4/25/66,4.78,,4.67,,,,
4/26/66,4.79,,4.67,,,,
4/27/66,4.78,,4.67,,,,
4/28/66,4.78,,4.67,,,,
4/29/66,4.79,,4.67,,,,
5/2/66,4.8,,4.9,,,,
5/3/66,4.81,,4.9,,,,
5/4/66,4.81,,4.9,,,,
5/5/66,4.81,,4.9,,,,
5/6/66,4.79,,4.9,,,,
5/9/66,4.75,,4.9,,,,
5/10/66,4.75,,4.9,,,,
5/11/66,4.77,,4.9,,,,
5/12/66,4.77,,4.9,,,,
5/13/66,4.77,,4.9,,,,
5/16/66,4.77,,4.9,,,,
5/17/66,4.75,,4.9,,,,
5/18/66,4.75,,4.9,,,,
5/19/66,4.75,,4.9,,,,
5/20/66,4.75,,4.9,,,,
5/23/66,4.77,,4.9,,,,
5/24/66,4.79,,4.9,,,,
5/25/66,4.78,,4.9,,,,
5/26/66,4.8,,4.9,,,,
5/27/66,4.81,,4.9,,,,
5/30/66,4.81,,4.9,,,,
5/31/66,4.8,,4.9,,,,
6/1/66,4.79,,5.17,,,,
6/2/66,4.77,,5.17,,,,
6/3/66,4.78,,5.17,,,,
6/6/66,4.79,,5.17,,,,
6/7/66,4.81,,5.17,,,,
6/8/66,4.83,,5.17,,,,
6/9/66,4.83,,5.17,,,,
6/10/66,4.83,,5.17,,,,
6/13/66,4.83,,5.17,,,,
6/14/66,4.83,,5.17,,,,
6/15/66,4.79,,5.17,,,,
6/16/66,4.81,,5.17,,,,
6/17/66,4.8,,5.17,,,,
6/20/66,4.76,,5.17,,,,
6/21/66,4.75,,5.17,,,,
6/22/66,4.76,,5.17,,,,
6/23/66,4.77,,5.17,,,,
6/24/66,4.8,,5.17,,,,
6/27/66,4.83,,5.17,,,,
6/28/66,4.89,,5.17,,,,
6/29/66,4.9,,5.17,,,,
6/30/66,4.97,,5.17,,,,
7/1/66,4.99,,5.3,,,,
7/4/66,4.99,,5.3,,,,
7/5/66,4.96,,5.3,,,,
7/6/66,4.95,,5.3,,,,
7/7/66,4.95,,5.3,,,,
7/8/66,4.97,,5.3,,,,
7/11/66,5.03,,5.3,,,,
7/12/66,5.05,,5.3,,,,
7/13/66,5.07,,5.3,,,,
7/14/66,5.1,,5.3,,,,
7/15/66,5.09,,5.3,,,,
7/18/66,5.04,,5.3,,,,
7/19/66,5.03,,5.3,,,,
7/20/66,5.02,,5.3,,,,
7/21/66,5.04,,5.3,,,,
7/22/66,5.02,,5.3,,,,
7/25/66,4.99,,5.3,,,,
7/26/66,4.99,,5.3,,,,
7/27/66,4.99,,5.3,,,,
7/28/66,5.03,,5.3,,,,
7/29/66,5.05,,5.3,,,,
8/1/66,5.05,,5.53,,,,
8/2/66,5.04,,5.53,,,,
8/3/66,5.06,,5.53,,,,
8/4/66,5.07,,5.53,,,,
8/5/66,5.07,,5.53,,,,
8/8/66,5.08,,5.53,,,,
8/9/66,5.1,,5.53,,,,
8/10/66,5.1,,5.53,,,,
8/11/66,5.11,,5.53,,,,
8/12/66,5.11,,5.53,,,,
8/15/66,5.15,,5.53,,,,
8/16/66,5.18,,5.53,,,,
8/17/66,5.24,,5.53,,,,
8/18/66,5.29,,5.53,,,,
8/19/66,5.31,,5.53,,,,
8/22/66,5.29,,5.53,,,,
8/23/66,5.33,,5.53,,,,
8/24/66,5.36,,5.53,,,,
8/25/66,5.39,,5.53,,,,
8/26/66,5.48,,5.53,,,,
8/29/66,5.51,,5.53,,,,
8/30/66,5.48,,5.53,,,,
8/31/66,5.36,,5.53,,,,
9/1/66,5.3,,5.4,,,,
9/2/66,5.23,,5.4,,,,
9/5/66,5.23,,5.4,,,,
9/6/66,5.19,,5.4,,,,
9/7/66,5.2,,5.4,,,,
9/8/66,5.18,,5.4,,,,
9/9/66,5.17,,5.4,,,,
9/12/66,5.18,,5.4,,,,
9/13/66,5.16,,5.4,,,,
9/14/66,5.21,,5.4,,,,
9/15/66,5.25,,5.4,,,,
9/16/66,5.24,,5.4,,,,
9/19/66,5.32,,5.4,,,,
9/20/66,5.27,,5.4,,,,
9/21/66,5.21,,5.4,,,,
9/22/66,5.15,,5.4,,,,
9/23/66,5.17,,5.4,,,,
9/26/66,5.17,,5.4,,,,
9/27/66,5.13,,5.4,,,,
9/28/66,5.09,,5.4,,,,
9/29/66,4.99,,5.4,,,,
9/30/66,5.02,,5.4,,,,
10/3/66,5.08,,5.53,,,,
10/4/66,5.06,,5.53,,,,
10/5/66,5.05,,5.53,,,,
10/6/66,5.03,,5.53,,,,
10/7/66,5.02,,5.53,,,,
10/10/66,5.05,,5.53,,,,
10/11/66,5.05,,5.53,,,,
10/12/66,5.05,,5.53,,,,
10/13/66,5.07,,5.53,,,,
10/14/66,5.06,,5.53,,,,
10/17/66,5.04,,5.53,,,,
10/18/66,4.99,,5.53,,,,
10/19/66,5,,5.53,,,,
10/20/66,5.02,,5.53,,,,
10/21/66,4.94,,5.53,,,,
10/24/66,4.94,,5.53,,,,
10/25/66,4.94,,5.53,,,,
10/26/66,4.96,,5.53,,,,
10/27/66,4.99,,5.53,,,,
10/28/66,4.97,,5.53,,,,
10/31/66,4.97,,5.53,,,,
11/1/66,4.99,,5.76,,,,
11/2/66,5.04,,5.76,,,,
11/3/66,5.06,,5.76,,,,
11/4/66,5.11,,5.76,,,,
11/7/66,5.11,,5.76,,,,
11/8/66,5.11,,5.76,,,,
11/9/66,5.12,,5.76,,,,
11/10/66,5.17,,5.76,,,,
11/11/66,5.17,,5.76,,,,
11/14/66,5.19,,5.76,,,,
11/15/66,5.21,,5.76,,,,
11/16/66,5.22,,5.76,,,,
11/17/66,5.23,,5.76,,,,
11/18/66,5.22,,5.76,,,,
11/21/66,5.17,,5.76,,,,
11/22/66,5.2,,5.76,,,,
11/23/66,5.22,,5.76,,,,
11/24/66,5.22,,5.76,,,,
11/25/66,5.23,,5.76,,,,
11/28/66,5.19,,5.76,,,,
11/29/66,5.15,,5.76,,,,
11/30/66,5.12,,5.76,,,,
12/1/66,5.09,,5.4,,,,
12/2/66,5.03,,5.4,,,,
12/5/66,5.06,,5.4,,,,
12/6/66,5.07,,5.4,,,,
12/7/66,5.07,,5.4,,,,
12/8/66,5.1,,5.4,,,,
12/9/66,5.05,,5.4,,,,
12/12/66,4.93,,5.4,,,,
12/13/66,4.86,,5.4,,,,
12/14/66,4.83,,5.4,,,,
12/15/66,4.76,,5.4,,,,
12/16/66,4.78,,5.4,,,,
12/19/66,4.72,,5.4,,,,
12/20/66,4.69,,5.4,,,,
12/21/66,4.66,,5.4,,,,
12/22/66,4.68,,5.4,,,,
12/23/66,4.67,,5.4,,,,
12/26/66,4.67,,5.4,,,,
12/27/66,4.71,,5.4,,,,
12/28/66,4.64,,5.4,,,,
12/29/66,4.66,,5.4,,,,
12/30/66,4.64,,5.4,,,,
1/2/67,4.64,,4.94,,,,
1/3/67,4.69,,4.94,,,,
1/4/67,4.65,,4.94,,,,
1/5/67,4.63,,4.94,,,,
1/6/67,4.64,,4.94,,,,
1/9/67,4.71,,4.94,,,,
1/10/67,4.69,,4.94,,,,
1/11/67,4.54,,4.94,,,,
1/12/67,4.55,,4.94,,,,
1/13/67,4.51,,4.94,,,,
1/16/67,4.49,,4.94,,,,
1/17/67,4.51,,4.94,,,,
1/18/67,4.53,,4.94,,,,
1/19/67,4.58,,4.94,,,,
1/20/67,4.6,,4.94,,,,
1/23/67,4.6,,4.94,,,,
1/24/67,4.65,,4.94,,,,
1/25/67,4.62,,4.94,,,,
1/26/67,4.5,,4.94,,,,
1/27/67,4.47,,4.94,,,,
1/30/67,4.48,,4.94,,,,
1/31/67,4.52,,4.94,,,,
2/1/67,4.52,,5,,,,
2/2/67,4.51,,5,,,,
2/3/67,4.52,,5,,,,
2/6/67,4.53,,5,,,,
2/7/67,4.54,,5,,,,
2/8/67,4.54,,5,,,,
2/9/67,4.53,,5,,,,
2/10/67,4.59,,5,,,,
2/13/67,4.59,,5,,,,
2/14/67,4.64,,5,,,,
2/15/67,4.69,,5,,,,
2/16/67,4.67,,5,,,,
2/17/67,4.68,,5,,,,
2/20/67,4.7,,5,,,,
2/21/67,4.71,,5,,,,
2/22/67,4.71,,5,,,,
2/23/67,4.74,,5,,,,
2/24/67,4.73,,5,,,,
2/27/67,4.72,,5,,,,
2/28/67,4.72,,5,,,,
3/1/67,4.66,,4.53,,,,
3/2/67,4.63,,4.53,,,,
3/3/67,4.62,,4.53,,,,
3/6/67,4.61,,4.53,,,,
3/7/67,4.6,,4.53,,,,
3/8/67,4.61,,4.53,,,,
3/9/67,4.57,,4.53,,,,
3/10/67,4.58,,4.53,,,,
3/13/67,4.56,,4.53,,,,
3/14/67,4.53,,4.53,,,,
3/15/67,4.49,,4.53,,,,
3/16/67,4.45,,4.53,,,,
3/17/67,4.47,,4.53,,,,
3/20/67,4.45,,4.53,,,,
3/21/67,4.51,,4.53,,,,
3/22/67,4.52,,4.53,,,,
3/23/67,4.5,,4.53,,,,
3/24/67,4.5,,4.53,,,,
3/27/67,4.52,,4.53,,,,
3/28/67,4.52,,4.53,,,,
3/29/67,4.52,,4.53,,,,
3/30/67,4.5,,4.53,,,,
3/31/67,4.5,,4.53,,,,
4/3/67,4.5,,4.05,,,,
4/4/67,4.49,,4.05,,,,
4/5/67,4.5,,4.05,,,,
4/6/67,4.49,,4.05,,,,
4/7/67,4.48,,4.05,,,,
4/10/67,4.5,,4.05,,,,
4/11/67,4.51,,4.05,,,,
4/12/67,4.51,,4.05,,,,
4/13/67,4.54,,4.05,,,,
4/14/67,4.56,,4.05,,,,
4/17/67,4.61,,4.05,,,,
4/18/67,4.63,,4.05,,,,
4/19/67,4.63,,4.05,,,,
4/20/67,4.63,,4.05,,,,
4/21/67,4.66,,4.05,,,,
4/24/67,4.68,,4.05,,,,
4/25/67,4.71,,4.05,,,,
4/26/67,4.73,,4.05,,,,
4/27/67,4.73,,4.05,,,,
4/28/67,4.78,,4.05,,,,
5/1/67,4.77,,3.94,,,,
5/2/67,4.75,,3.94,,,,
5/3/67,4.75,,3.94,,,,
5/4/67,4.76,,3.94,,,,
5/5/67,4.77,,3.94,,,,
5/8/67,4.83,,3.94,,,,
5/9/67,4.87,,3.94,,,,
5/10/67,4.87,,3.94,,,,
5/11/67,4.84,,3.94,,,,
5/12/67,4.82,,3.94,,,,
5/15/67,4.86,,3.94,,,,
5/16/67,4.87,,3.94,,,,
5/17/67,4.88,,3.94,,,,
5/18/67,4.88,,3.94,,,,
5/19/67,4.89,,3.94,,,,
5/22/67,4.94,,3.94,,,,
5/23/67,4.94,,3.94,,,,
5/24/67,4.93,,3.94,,,,
5/25/67,4.92,,3.94,,,,
5/26/67,4.86,,3.94,,,,
5/29/67,4.84,,3.94,,,,
5/30/67,4.84,,3.94,,,,
5/31/67,4.81,,3.94,,,,
6/1/67,4.81,,3.98,,,,
6/2/67,4.82,,3.98,,,,
6/5/67,4.85,,3.98,,,,
6/6/67,4.84,,3.98,,,,
6/7/67,4.84,,3.98,,,,
6/8/67,4.86,,3.98,,,,
6/9/67,4.89,,3.98,,,,
6/12/67,4.94,,3.98,,,,
6/13/67,4.95,,3.98,,,,
6/14/67,5.02,,3.98,,,,
6/15/67,5.02,,3.98,,,,
6/16/67,5.07,,3.98,,,,
6/19/67,5.07,,3.98,,,,
6/20/67,5.14,,3.98,,,,
6/21/67,5.14,,3.98,,,,
6/22/67,5.13,,3.98,,,,
6/23/67,5.14,,3.98,,,,
6/26/67,5.16,,3.98,,,,
6/27/67,5.21,,3.98,,,,
6/28/67,5.18,,3.98,,,,
6/29/67,5.2,,3.98,,,,
6/30/67,5.22,,3.98,,,,
7/3/67,5.22,,3.79,,,,
7/4/67,5.22,,3.79,,,,
7/5/67,5.17,,3.79,,,,
7/6/67,5.11,,3.79,,,,
7/7/67,5.15,,3.79,,,,
7/10/67,5.16,,3.79,,,,
7/11/67,5.09,,3.79,,,,
7/12/67,5.06,,3.79,,,,
7/13/67,5.08,,3.79,,,,
7/14/67,5.08,,3.79,,,,
7/17/67,5.09,,3.79,,,,
7/18/67,5.16,,3.79,,,,
7/19/67,5.18,,3.79,,,,
7/20/67,5.2,,3.79,,,,
7/21/67,5.2,,3.79,,,,
7/24/67,5.23,,3.79,,,,
7/25/67,5.23,,3.79,,,,
7/26/67,5.23,,3.79,,,,
7/27/67,5.2,,3.79,,,,
7/28/67,5.18,,3.79,,,,
7/31/67,5.16,,3.79,,,,
8/1/67,5.18,,3.9,,,,
8/2/67,5.21,,3.9,,,,
8/3/67,5.2,,3.9,,,,
8/4/67,5.26,,3.9,,,,
8/7/67,5.3,,3.9,,,,
8/8/67,5.28,,3.9,,,,
8/9/67,5.27,,3.9,,,,
8/10/67,5.28,,3.9,,,,
8/11/67,5.29,,3.9,,,,
8/14/67,5.29,,3.9,,,,
8/15/67,5.29,,3.9,,,,
8/16/67,5.28,,3.9,,,,
8/17/67,5.28,,3.9,,,,
8/18/67,5.28,,3.9,,,,
8/21/67,5.3,,3.9,,,,
8/22/67,5.3,,3.9,,,,
8/23/67,5.31,,3.9,,,,
8/24/67,5.31,,3.9,,,,
8/25/67,5.32,,3.9,,,,
8/28/67,5.29,,3.9,,,,
8/29/67,5.27,,3.9,,,,
8/30/67,5.28,,3.9,,,,
8/31/67,5.27,,3.9,,,,
9/1/67,5.25,,3.99,,,,
9/4/67,5.25,,3.99,,,,
9/5/67,5.22,,3.99,,,,
9/6/67,5.2,,3.99,,,,
9/7/67,5.2,,3.99,,,,
9/8/67,5.26,,3.99,,,,
9/11/67,5.28,,3.99,,,,
9/12/67,5.29,,3.99,,,,
9/13/67,5.27,,3.99,,,,
9/14/67,5.28,,3.99,,,,
9/15/67,5.29,,3.99,,,,
9/18/67,5.3,,3.99,,,,
9/19/67,5.35,,3.99,,,,
9/20/67,5.34,,3.99,,,,
9/21/67,5.36,,3.99,,,,
9/22/67,5.36,,3.99,,,,
9/25/67,5.38,,3.99,,,,
9/26/67,5.37,,3.99,,,,
9/27/67,5.37,,3.99,,,,
9/28/67,5.36,,3.99,,,,
9/29/67,5.31,,3.99,,,,
10/2/67,5.35,,3.88,,,,
10/3/67,5.35,,3.88,,,,
10/4/67,5.37,,3.88,,,,
10/5/67,5.37,,3.88,,,,
10/6/67,5.37,,3.88,,,,
10/9/67,5.39,,3.88,,,,
10/10/67,5.42,,3.88,,,,
10/11/67,5.42,,3.88,,,,
10/12/67,5.42,,3.88,,,,
10/13/67,5.45,,3.88,,,,
10/16/67,5.47,,3.88,,,,
10/17/67,5.49,,3.88,,,,
10/18/67,5.52,,3.88,,,,
10/19/67,5.53,,3.88,,,,
10/20/67,5.52,,3.88,,,,
10/23/67,5.56,,3.88,,,,
10/24/67,5.56,,3.88,,,,
10/25/67,5.57,,3.88,,,,
10/26/67,5.58,,3.88,,,,
10/27/67,5.57,,3.88,,,,
10/30/67,5.6,,3.88,,,,
10/31/67,5.64,,3.88,,,,
11/1/67,5.7,,4.13,,,,
11/2/67,5.71,,4.13,,,,
11/3/67,5.75,,4.13,,,,
11/6/67,5.77,,4.13,,,,
11/7/67,5.77,,4.13,,,,
11/8/67,5.74,,4.13,,,,
11/9/67,5.78,,4.13,,,,
11/10/67,5.83,,4.13,,,,
11/13/67,5.87,,4.13,,,,
11/14/67,5.81,,4.13,,,,
11/15/67,5.78,,4.13,,,,
11/16/67,5.72,,4.13,,,,
11/17/67,5.75,,4.13,,,,
11/20/67,5.85,,4.13,,,,
11/21/67,5.71,,4.13,,,,
11/22/67,5.7,,4.13,,,,
11/23/67,5.7,,4.13,,,,
11/24/67,5.78,,4.13,,,,
11/27/67,5.76,,4.13,,,,
11/28/67,5.65,,4.13,,,,
11/29/67,5.67,,4.13,,,,
11/30/67,5.74,,4.13,,,,
12/1/67,5.78,,4.51,,,,
12/4/67,5.76,,4.51,,,,
12/5/67,5.74,,4.51,,,,
12/6/67,5.69,,4.51,,,,
12/7/67,5.71,,4.51,,,,
12/8/67,5.72,,4.51,,,,
12/11/67,5.74,,4.51,,,,
12/12/67,5.75,,4.51,,,,
12/13/67,5.71,,4.51,,,,
12/14/67,5.7,,4.51,,,,
12/15/67,5.71,,4.51,,,,
12/18/67,5.68,,4.51,,,,
12/19/67,5.66,,4.51,,,,
12/20/67,5.62,,4.51,,,,
12/21/67,5.64,,4.51,,,,
12/22/67,5.69,,4.51,,,,
12/25/67,5.69,,4.51,,,,
12/26/67,5.64,,4.51,,,,
12/27/67,5.64,,4.51,,,,
12/28/67,5.7,,4.51,,,,
12/29/67,5.7,,4.51,,,,
1/1/68,5.7,,4.61,,,,
1/2/68,5.63,,4.61,,,,
1/3/68,5.63,,4.61,,,,
1/4/68,5.51,,4.61,,,,
1/5/68,5.48,,4.61,,,,
1/8/68,5.5,,4.61,,,,
1/9/68,5.52,,4.61,,,,
1/10/68,5.46,,4.61,,,,
1/11/68,5.46,,4.61,,,,
1/12/68,5.43,,4.61,,,,
1/15/68,5.49,,4.61,,,,
1/16/68,5.52,,4.61,,,,
1/17/68,5.48,,4.61,,,,
1/18/68,5.55,,4.61,,,,
1/19/68,5.59,,4.61,,,,
1/22/68,5.61,,4.61,,,,
1/23/68,5.56,,4.61,,,,
1/24/68,5.56,,4.61,,,,
1/25/68,5.52,,4.61,,,,
1/26/68,5.53,,4.61,,,,
1/29/68,5.53,,4.61,,,,
1/30/68,5.53,,4.61,,,,
1/31/68,5.54,,4.61,,,,
2/1/68,5.58,,4.71,,,,
2/2/68,5.58,,4.71,,,,
2/5/68,5.6,,4.71,,,,
2/6/68,5.61,,4.71,,,,
2/7/68,5.59,,4.71,,,,
2/8/68,5.6,,4.71,,,,
2/9/68,5.59,,4.71,,,,
2/12/68,5.59,,4.71,,,,
2/13/68,5.55,,4.71,,,,
2/14/68,5.54,,4.71,,,,
2/15/68,5.51,,4.71,,,,
2/16/68,5.5,,4.71,,,,
2/19/68,5.53,,4.71,,,,
2/20/68,5.54,,4.71,,,,
2/21/68,5.54,,4.71,,,,
2/22/68,5.54,,4.71,,,,
2/23/68,5.56,,4.71,,,,
2/26/68,5.58,,4.71,,,,
2/27/68,5.58,,4.71,,,,
2/28/68,5.57,,4.71,,,,
2/29/68,5.56,,4.71,,,,
3/1/68,5.56,,5.05,,,,
3/4/68,5.57,,5.05,,,,
3/5/68,5.59,,5.05,,,,
3/6/68,5.61,,5.05,,,,
3/7/68,5.67,,5.05,,,,
3/8/68,5.75,,5.05,,,,
3/11/68,5.75,,5.05,,,,
3/12/68,5.79,,5.05,,,,
3/13/68,5.86,,5.05,,,,
3/14/68,5.95,,5.05,,,,
3/15/68,5.84,,5.05,,,,
3/18/68,5.76,,5.05,,,,
3/19/68,5.77,,5.05,,,,
3/20/68,5.73,,5.05,,,,
3/21/68,5.76,,5.05,,,,
3/22/68,5.74,,5.05,,,,
3/25/68,5.74,,5.05,,,,
3/26/68,5.78,,5.05,,,,
3/27/68,5.78,,5.05,,,,
3/28/68,5.78,,5.05,,,,
3/29/68,5.76,,5.05,,,,
4/1/68,5.64,,5.76,,,,
4/2/68,5.62,,5.76,,,,
4/3/68,5.49,,5.76,,,,
4/4/68,5.52,,5.76,,,,
4/5/68,5.52,,5.76,,,,
4/8/68,5.54,,5.76,,,,
4/9/68,5.54,,5.76,,,,
4/10/68,5.53,,5.76,,,,
4/11/68,5.54,,5.76,,,,
4/12/68,5.54,,5.76,,,,
4/15/68,5.6,,5.76,,,,
4/16/68,5.62,,5.76,,,,
4/17/68,5.62,,5.76,,,,
4/18/68,5.64,,5.76,,,,
4/19/68,5.76,,5.76,,,,
4/22/68,5.78,,5.76,,,,
4/23/68,5.73,,5.76,,,,
4/24/68,5.72,,5.76,,,,
4/25/68,5.72,,5.76,,,,
4/26/68,5.71,,5.76,,,,
4/29/68,5.73,,5.76,,,,
4/30/68,5.74,,5.76,,,,
5/1/68,5.73,,6.12,,,,
5/2/68,5.76,,6.12,,,,
5/3/68,5.8,,6.12,,,,
5/6/68,5.78,,6.12,,,,
5/7/68,5.79,,6.12,,,,
5/8/68,5.8,,6.12,,,,
5/9/68,5.79,,6.12,,,,
5/10/68,5.79,,6.12,,,,
5/13/68,5.79,,6.12,,,,
5/14/68,5.82,,6.12,,,,
5/15/68,5.85,,6.12,,,,
5/16/68,5.9,,6.12,,,,
5/17/68,5.92,,6.12,,,,
5/20/68,5.96,,6.12,,,,
5/21/68,6.02,,6.12,,,,
5/22/68,6.02,,6.12,,,,
5/23/68,5.98,,6.12,,,,
5/24/68,5.96,,6.12,,,,
5/27/68,5.92,,6.12,,,,
5/28/68,5.94,,6.12,,,,
5/29/68,5.95,,6.12,,,,
5/30/68,5.95,,6.12,,,,
5/31/68,5.86,,6.12,,,,
6/3/68,5.79,,6.07,,,,
6/4/68,5.78,,6.07,,,,
6/5/68,5.81,,6.07,,,,
6/6/68,5.83,,6.07,,,,
6/7/68,5.82,,6.07,,,,
6/10/68,5.8,,6.07,,,,
6/11/68,5.79,,6.07,,,,
6/12/68,5.77,,6.07,,,,
6/13/68,5.76,,6.07,,,,
6/14/68,5.72,,6.07,,,,
6/17/68,5.71,,6.07,,,,
6/18/68,5.71,,6.07,,,,
6/19/68,5.67,,6.07,,,,
6/20/68,5.62,,6.07,,,,
6/21/68,5.6,,6.07,,,,
6/24/68,5.61,,6.07,,,,
6/25/68,5.64,,6.07,,,,
6/26/68,5.64,,6.07,,,,
6/27/68,5.65,,6.07,,,,
6/28/68,5.64,,6.07,,,,
7/1/68,5.62,,6.03,,,,
7/2/68,5.58,,6.03,,,,
7/3/68,5.57,,6.03,,,,
7/4/68,5.57,,6.03,,,,
7/5/68,5.56,,6.03,,,,
7/8/68,5.53,,6.03,,,,
7/9/68,5.51,,6.03,,,,
7/10/68,5.52,,6.03,,,,
7/11/68,5.52,,6.03,,,,
7/12/68,5.53,,6.03,,,,
7/15/68,5.56,,6.03,,,,
7/16/68,5.57,,6.03,,,,
7/17/68,5.55,,6.03,,,,
7/18/68,5.56,,6.03,,,,
7/19/68,5.53,,6.03,,,,
7/22/68,5.45,,6.03,,,,
7/23/68,5.38,,6.03,,,,
7/24/68,5.39,,6.03,,,,
7/25/68,5.37,,6.03,,,,
7/26/68,5.39,,6.03,,,,
7/29/68,5.41,,6.03,,,,
7/30/68,5.41,,6.03,,,,
7/31/68,5.39,,6.03,,,,
8/1/68,5.38,,6.03,,,,
8/2/68,5.34,,6.03,,,,
8/5/68,5.37,,6.03,,,,
8/6/68,5.38,,6.03,,,,
8/7/68,5.36,,6.03,,,,
8/8/68,5.37,,6.03,,,,
8/9/68,5.39,,6.03,,,,
8/12/68,5.42,,6.03,,,,
8/13/68,5.43,,6.03,,,,
8/14/68,5.43,,6.03,,,,
8/15/68,5.45,,6.03,,,,
8/16/68,5.42,,6.03,,,,
8/19/68,5.43,,6.03,,,,
8/20/68,5.43,,6.03,,,,
8/21/68,5.46,,6.03,,,,
8/22/68,5.5,,6.03,,,,
8/23/68,5.47,,6.03,,,,
8/26/68,5.46,,6.03,,,,
8/27/68,5.46,,6.03,,,,
8/28/68,5.45,,6.03,,,,
8/29/68,5.43,,6.03,,,,
8/30/68,5.42,,6.03,,,,
9/2/68,5.42,,5.78,,,,
9/3/68,5.41,,5.78,,,,
9/4/68,5.43,,5.78,,,,
9/5/68,5.46,,5.78,,,,
9/6/68,5.48,,5.78,,,,
9/9/68,5.49,,5.78,,,,
9/10/68,5.51,,5.78,,,,
9/11/68,5.5,,5.78,,,,
9/12/68,5.49,,5.78,,,,
9/13/68,5.48,,5.78,,,,
9/16/68,5.46,,5.78,,,,
9/17/68,5.46,,5.78,,,,
9/18/68,5.42,,5.78,,,,
9/19/68,5.43,,5.78,,,,
9/20/68,5.45,,5.78,,,,
9/23/68,5.45,,5.78,,,,
9/24/68,5.44,,5.78,,,,
9/25/68,5.44,,5.78,,,,
9/26/68,5.45,,5.78,,,,
9/27/68,5.46,,5.78,,,,
9/30/68,5.49,,5.78,,,,
10/1/68,5.49,,5.91,,,,
10/2/68,5.49,,5.91,,,,
10/3/68,5.5,,5.91,,,,
10/4/68,5.52,,5.91,,,,
10/7/68,5.55,,5.91,,,,
10/8/68,5.57,,5.91,,,,
10/9/68,5.6,,5.91,,,,
10/10/68,5.61,,5.91,,,,
10/11/68,5.61,,5.91,,,,
10/14/68,5.62,,5.91,,,,
10/15/68,5.65,,5.91,,,,
10/16/68,5.62,,5.91,,,,
10/17/68,5.58,,5.91,,,,
10/18/68,5.57,,5.91,,,,
10/21/68,5.58,,5.91,,,,
10/22/68,5.58,,5.91,,,,
10/23/68,5.58,,5.91,,,,
10/24/68,5.61,,5.91,,,,
10/25/68,5.6,,5.91,,,,
10/28/68,5.61,,5.91,,,,
10/29/68,5.62,,5.91,,,,
10/30/68,5.63,,5.91,,,,
10/31/68,5.61,,5.91,,,,
11/1/68,5.61,,5.82,,,,
11/4/68,5.63,,5.82,,,,
11/5/68,5.63,,5.82,,,,
11/6/68,5.62,,5.82,,,,
11/7/68,5.63,,5.82,,,,
11/8/68,5.65,,5.82,,,,
11/11/68,5.65,,5.82,,,,
11/12/68,5.68,,5.82,,,,
11/13/68,5.66,,5.82,,,,
11/14/68,5.66,,5.82,,,,
11/15/68,5.68,,5.82,,,,
11/18/68,5.71,,5.82,,,,
11/19/68,5.74,,5.82,,,,
11/20/68,5.74,,5.82,,,,
11/21/68,5.73,,5.82,,,,
11/22/68,5.74,,5.82,,,,
11/25/68,5.75,,5.82,,,,
11/26/68,5.76,,5.82,,,,
11/27/68,5.76,,5.82,,,,
11/28/68,5.76,,5.82,,,,
11/29/68,5.78,,5.82,,,,
12/2/68,5.89,,6.02,,,,
12/3/68,5.96,,6.02,,,,
12/4/68,5.95,,6.02,,,,
12/5/68,5.93,,6.02,,,,
12/6/68,5.91,,6.02,,,,
12/9/68,5.92,,6.02,,,,
12/10/68,5.93,,6.02,,,,
12/11/68,5.93,,6.02,,,,
12/12/68,5.94,,6.02,,,,
12/13/68,5.93,,6.02,,,,
12/16/68,5.96,,6.02,,,,
12/17/68,5.97,,6.02,,,,
12/18/68,6,,6.02,,,,
12/19/68,6.07,,6.02,,,,
12/20/68,6.14,,6.02,,,,
12/23/68,6.23,,6.02,,,,
12/24/68,6.27,,6.02,,,,
12/25/68,6.27,,6.02,,,,
12/26/68,6.17,,6.02,,,,
12/27/68,6.2,,6.02,,,,
12/30/68,6.21,,6.02,,,,
12/31/68,6.16,,6.02,,,,
1/1/69,6.16,,6.3,,,,
1/2/69,6.04,,6.3,,,,
1/3/69,6.01,,6.3,,,,
1/6/69,6.04,,6.3,,,,
1/7/69,6.14,,6.3,,,,
1/8/69,6.09,,6.3,,,,
1/9/69,6.04,,6.3,,,,
1/10/69,6.03,,6.3,,,,
1/13/69,6.04,,6.3,,,,
1/14/69,6.04,,6.3,,,,
1/15/69,6.02,,6.3,,,,
1/16/69,5.98,,6.3,,,,
1/17/69,5.97,,6.3,,,,
1/20/69,5.95,,6.3,,,,
1/21/69,5.97,,6.3,,,,
1/22/69,6.03,,6.3,,,,
1/23/69,6.02,,6.3,,,,
1/24/69,6.01,,6.3,,,,
1/27/69,6.03,,6.3,,,,
1/28/69,6.05,,6.3,,,,
1/29/69,6.09,,6.3,,,,
1/30/69,6.14,,6.3,,,,
1/31/69,6.19,,6.3,,,,
2/3/69,6.22,,6.61,,,,
2/4/69,6.2,,6.61,,,,
2/5/69,6.19,,6.61,,,,
2/6/69,6.2,,6.61,,,,
2/7/69,6.14,,6.61,,,,
2/10/69,6.14,,6.61,,,,
2/11/69,6.1,,6.61,,,,
2/12/69,6.1,,6.61,,,,
2/13/69,6.09,,6.61,,,,
2/14/69,6.11,,6.61,,,,
2/17/69,6.14,,6.61,,,,
2/18/69,6.16,,6.61,,,,
2/19/69,6.2,,6.61,,,,
2/20/69,6.23,,6.61,,,,
2/21/69,6.24,,6.61,,,,
2/24/69,6.22,,6.61,,,,
2/25/69,6.24,,6.61,,,,
2/26/69,6.24,,6.61,,,,
2/27/69,6.27,,6.61,,,,
2/28/69,6.26,,6.61,,,,
3/3/69,6.25,,6.79,,,,
3/4/69,6.24,,6.79,,,,
3/5/69,6.24,,6.79,,,,
3/6/69,6.26,,6.79,,,,
3/7/69,6.27,,6.79,,,,
3/10/69,6.27,,6.79,,,,
3/11/69,6.3,,6.79,,,,
3/12/69,6.31,,6.79,,,,
3/13/69,6.32,,6.79,,,,
3/14/69,6.31,,6.79,,,,
3/17/69,6.35,,6.79,,,,
3/18/69,6.35,,6.79,,,,
3/19/69,6.32,,6.79,,,,
3/20/69,6.31,,6.79,,,,
3/21/69,6.29,,6.79,,,,
3/24/69,6.28,,6.79,,,,
3/25/69,6.3,,6.79,,,,
3/26/69,6.32,,6.79,,,,
3/27/69,6.33,,6.79,,,,
3/28/69,6.3,,6.79,,,,
3/31/69,6.3,,6.79,,,,
4/1/69,6.25,,7.41,,,,
4/2/69,6.25,,7.41,,,,
4/3/69,6.26,,7.41,,,,
4/4/69,6.26,,7.41,,,,
4/7/69,6.28,,7.41,,,,
4/8/69,6.25,,7.41,,,,
4/9/69,6.19,,7.41,,,,
4/10/69,6.18,,7.41,,,,
4/11/69,6.15,,7.41,,,,
4/14/69,6.06,,7.41,,,,
4/15/69,6.11,,7.41,,,,
4/16/69,6.1,,7.41,,,,
4/17/69,6.13,,7.41,,,,
4/18/69,6.16,,7.41,,,,
4/21/69,6.14,,7.41,,,,
4/22/69,6.12,,7.41,,,,
4/23/69,6.12,,7.41,,,,
4/24/69,6.14,,7.41,,,,
4/25/69,6.15,,7.41,,,,
4/28/69,6.19,,7.41,,,,
4/29/69,6.21,,7.41,,,,
4/30/69,6.2,,7.41,,,,
5/1/69,6.25,,8.67,,,,
5/2/69,6.23,,8.67,,,,
5/5/69,6.19,,8.67,,,,
5/6/69,6.22,,8.67,,,,
5/7/69,6.22,,8.67,,,,
5/8/69,6.2,,8.67,,,,
5/9/69,6.23,,8.67,,,,
5/12/69,6.27,,8.67,,,,
5/13/69,6.25,,8.67,,,,
5/14/69,6.24,,8.67,,,,
5/15/69,6.26,,8.67,,,,
5/16/69,6.31,,8.67,,,,
5/19/69,6.36,,8.67,,,,
5/20/69,6.36,,8.67,,,,
5/21/69,6.36,,8.67,,,,
5/22/69,6.36,,8.67,,,,
5/23/69,6.38,,8.67,,,,
5/26/69,6.44,,8.67,,,,
5/27/69,6.54,,8.67,,,,
5/28/69,6.56,,8.67,,,,
5/29/69,6.56,,8.67,,,,
5/30/69,6.56,,8.67,,,,
6/2/69,6.56,,8.9,,,,
6/3/69,6.55,,8.9,,,,
6/4/69,6.56,,8.9,,,,
6/5/69,6.54,,8.9,,,,
6/6/69,6.52,,8.9,,,,
6/9/69,6.59,,8.9,,,,
6/10/69,6.56,,8.9,,,,
6/11/69,6.56,,8.9,,,,
6/12/69,6.54,,8.9,,,,
6/13/69,6.51,,8.9,,,,
6/16/69,6.49,,8.9,,,,
6/17/69,6.52,,8.9,,,,
6/18/69,6.53,,8.9,,,,
6/19/69,6.57,,8.9,,,,
6/20/69,6.59,,8.9,,,,
6/23/69,6.6,,8.9,,,,
6/24/69,6.63,,8.9,,,,
6/25/69,6.63,,8.9,,,,
6/26/69,6.62,,8.9,,,,
6/27/69,6.66,,8.9,,,,
6/30/69,6.73,,8.9,,,,
7/1/69,6.75,,8.61,,,,
7/2/69,6.77,,8.61,,,,
7/3/69,6.75,,8.61,,,,
7/4/69,6.75,,8.61,,,,
7/7/69,6.76,,8.61,,,,
7/8/69,6.79,,8.61,,,,
7/9/69,6.82,,8.61,,,,
7/10/69,6.78,,8.61,,,,
7/11/69,6.64,,8.61,,,,
7/14/69,6.69,,8.61,,,,
7/15/69,6.72,,8.61,,,,
7/16/69,6.67,,8.61,,,,
7/17/69,6.69,,8.61,,,,
7/18/69,6.7,,8.61,,,,
7/21/69,6.7,,8.61,,,,
7/22/69,6.66,,8.61,,,,
7/23/69,6.68,,8.61,,,,
7/24/69,6.7,,8.61,,,,
7/25/69,6.71,,8.61,,,,
7/28/69,6.73,,8.61,,,,
7/29/69,6.72,,8.61,,,,
7/30/69,6.72,,8.61,,,,
7/31/69,6.66,,8.61,,,,
8/1/69,6.66,,9.19,,,,
8/4/69,6.63,,9.19,,,,
8/5/69,6.6,,9.19,,,,
8/6/69,6.62,,9.19,,,,
8/7/69,6.63,,9.19,,,,
8/8/69,6.64,,9.19,,,,
8/11/69,6.69,,9.19,,,,
8/12/69,6.7,,9.19,,,,
8/13/69,6.7,,9.19,,,,
8/14/69,6.68,,9.19,,,,
8/15/69,6.68,,9.19,,,,
8/18/69,6.66,,9.19,,,,
8/19/69,6.65,,9.19,,,,
8/20/69,6.66,,9.19,,,,
8/21/69,6.68,,9.19,,,,
8/22/69,6.71,,9.19,,,,
8/25/69,6.72,,9.19,,,,
8/26/69,6.76,,9.19,,,,
8/27/69,6.79,,9.19,,,,
8/28/69,6.83,,9.19,,,,
8/29/69,6.83,,9.19,,,,
9/1/69,6.83,,9.15,,,,
9/2/69,6.87,,9.15,,,,
9/3/69,6.94,,9.15,,,,
9/4/69,6.96,,9.15,,,,
9/5/69,6.99,,9.15,,,,
9/8/69,7.03,,9.15,,,,
9/9/69,7.04,,9.15,,,,
9/10/69,7.02,,9.15,,,,
9/11/69,7.05,,9.15,,,,
9/12/69,7.08,,9.15,,,,
9/15/69,7.09,,9.15,,,,
9/16/69,7.14,,9.15,,,,
9/17/69,7.14,,9.15,,,,
9/18/69,7.27,,9.15,,,,
9/19/69,7.28,,9.15,,,,
9/22/69,7.26,,9.15,,,,
9/23/69,7.26,,9.15,,,,
9/24/69,7.27,,9.15,,,,
9/25/69,7.3,,9.15,,,,
9/26/69,7.4,,9.15,,,,
9/29/69,7.45,,9.15,,,,
9/30/69,7.51,,9.15,,,,
10/1/69,7.52,,9,,,,
10/2/69,7.45,,9,,,,
10/3/69,7.38,,9,,,,
10/6/69,7.35,,9,,,,
10/7/69,7.31,,9,,,,
10/8/69,7.29,,9,,,,
10/9/69,7.3,,9,,,,
10/10/69,7.22,,9,,,,
10/13/69,7.22,,9,,,,
10/14/69,7.1,,9,,,,
10/15/69,7.12,,9,,,,
10/16/69,7.04,,9,,,,
10/17/69,6.99,,9,,,,
10/20/69,6.83,,9,,,,
10/21/69,6.77,,9,,,,
10/22/69,6.8,,9,,,,
10/23/69,6.9,,9,,,,
10/24/69,6.9,,9,,,,
10/27/69,6.93,,9,,,,
10/28/69,7,,9,,,,
10/29/69,7,,9,,,,
10/30/69,6.96,,9,,,,
10/31/69,6.94,,9,,,,
11/3/69,6.9,,8.85,,,,
11/4/69,6.9,,8.85,,,,
11/5/69,6.97,,8.85,,,,
11/6/69,7.01,,8.85,,,,
11/7/69,6.99,,8.85,,,,
11/10/69,6.99,,8.85,,,,
11/11/69,6.99,,8.85,,,,
11/12/69,7.06,,8.85,,,,
11/13/69,7.12,,8.85,,,,
11/14/69,7.08,,8.85,,,,
11/17/69,7.13,,8.85,,,,
11/18/69,7.22,,8.85,,,,
11/19/69,7.25,,8.85,,,,
11/20/69,7.31,,8.85,,,,
11/21/69,7.28,,8.85,,,,
11/24/69,7.27,,8.85,,,,
11/25/69,7.28,,8.85,,,,
11/26/69,7.3,,8.85,,,,
11/27/69,7.3,,8.85,,,,
11/28/69,7.29,,8.85,,,,
12/1/69,7.29,,8.97,,,,
12/2/69,7.35,,8.97,,,,
12/3/69,7.39,,8.97,,,,
12/4/69,7.35,,8.97,,,,
12/5/69,7.35,,8.97,,,,
12/8/69,7.4,,8.97,,,,
12/9/69,7.5,,8.97,,,,
12/10/69,7.59,,8.97,,,,
12/11/69,7.62,,8.97,,,,
12/12/69,7.6,,8.97,,,,
12/15/69,7.63,,8.97,,,,
12/16/69,7.72,,8.97,,,,
12/17/69,7.76,,8.97,,,,
12/18/69,7.81,,8.97,,,,
12/19/69,7.79,,8.97,,,,
12/22/69,7.76,,8.97,,,,
12/23/69,7.82,,8.97,,,,
12/24/69,7.89,,8.97,,,,
12/25/69,7.89,,8.97,,,,
12/26/69,7.87,,8.97,,,,
12/29/69,8.05,,8.97,,,,
12/30/69,7.97,,8.97,,,,
12/31/69,7.88,,8.97,,,,
1/1/70,7.88,,8.98,,,,
1/2/70,7.86,,8.98,,,,
1/5/70,7.88,,8.98,,,,
1/6/70,7.96,,8.98,,,,
1/7/70,7.99,,8.98,,,,
1/8/70,7.96,,8.98,,,,
1/9/70,7.86,,8.98,,,,
1/12/70,7.82,,8.98,,,,
1/13/70,7.81,,8.98,,,,
1/14/70,7.86,,8.98,,,,
1/15/70,7.85,,8.98,,,,
1/16/70,7.75,,8.98,,,,
1/19/70,7.69,,8.98,,,,
1/20/70,7.72,,8.98,,,,
1/21/70,7.69,,8.98,,,,
1/22/70,7.67,,8.98,,,,
1/23/70,7.69,,8.98,,,,
1/26/70,7.71,,8.98,,,,
1/27/70,7.7,,8.98,,,,
1/28/70,7.7,,8.98,,,,
1/29/70,7.77,,8.98,,,,
1/30/70,7.75,,8.98,,,,
2/2/70,7.65,,8.98,,,,
2/3/70,7.58,,8.98,,,,
2/4/70,7.5,,8.98,,,,
2/5/70,7.45,,8.98,,,,
2/6/70,7.36,,8.98,,,,
2/9/70,7.28,,8.98,,,,
2/10/70,7.32,,8.98,,,,
2/11/70,7.33,,8.98,,,,
2/12/70,7.33,,8.98,,,,
2/13/70,7.15,,8.98,,,,
2/16/70,7.17,,8.98,,,,
2/17/70,7.15,,8.98,,,,
2/18/70,7.12,,8.98,,,,
2/19/70,7.09,,8.98,,,,
2/20/70,7.12,,8.98,,,,
2/23/70,7.12,,8.98,,,,
2/24/70,7.14,,8.98,,,,
2/25/70,7.04,,8.98,,,,
2/26/70,6.94,,8.98,,,,
2/27/70,6.9,,8.98,,,,
3/2/70,6.95,,7.76,,,,
3/3/70,6.99,,7.76,,,,
3/4/70,6.97,,7.76,,,,
3/5/70,6.98,,7.76,,,,
3/6/70,6.96,,7.76,,,,
3/9/70,6.99,,7.76,,,,
3/10/70,7.04,,7.76,,,,
3/11/70,7.11,,7.76,,,,
3/12/70,7.16,,7.76,,,,
3/13/70,7.23,,7.76,,,,
3/16/70,7.24,,7.76,,,,
3/17/70,7.36,,7.76,,,,
3/18/70,7.28,,7.76,,,,
3/19/70,7.07,,7.76,,,,
3/20/70,7.06,,7.76,,,,
3/23/70,7.05,,7.76,,,,
3/24/70,7.02,,7.76,,,,
3/25/70,6.96,,7.76,,,,
3/26/70,6.98,,7.76,,,,
3/27/70,6.98,,7.76,,,,
3/30/70,7.05,,7.76,,,,
3/31/70,7.08,,7.76,,,,
4/1/70,7.04,,8.1,,,,
4/2/70,7.08,,8.1,,,,
4/3/70,7.14,,8.1,,,,
4/6/70,7.17,,8.1,,,,
4/7/70,7.18,,8.1,,,,
4/8/70,7.17,,8.1,,,,
4/9/70,7.18,,8.1,,,,
4/10/70,7.17,,8.1,,,,
4/13/70,7.2,,8.1,,,,
4/14/70,7.22,,8.1,,,,
4/15/70,7.27,,8.1,,,,
4/16/70,7.34,,8.1,,,,
4/17/70,7.4,,8.1,,,,
4/20/70,7.44,,8.1,,,,
4/21/70,7.5,,8.1,,,,
4/22/70,7.61,,8.1,,,,
4/23/70,7.64,,8.1,,,,
4/24/70,7.72,,8.1,,,,
4/27/70,7.74,,8.1,,,,
4/28/70,7.79,,8.1,,,,
4/29/70,7.78,,8.1,,,,
4/30/70,7.82,,8.1,,,,
5/1/70,7.85,,7.95,,,,
5/4/70,7.94,,7.95,,,,
5/5/70,7.92,,7.95,,,,
5/6/70,7.86,,7.95,,,,
5/7/70,7.82,,7.95,,,,
5/8/70,7.78,,7.95,,,,
5/11/70,7.82,,7.95,,,,
5/12/70,7.84,,7.95,,,,
5/13/70,7.85,,7.95,,,,
5/14/70,7.86,,7.95,,,,
5/15/70,7.83,,7.95,,,,
5/18/70,7.8,,7.95,,,,
5/19/70,7.8,,7.95,,,,
5/20/70,7.85,,7.95,,,,
5/21/70,7.9,,7.95,,,,
5/22/70,7.99,,7.95,,,,
5/25/70,8.15,,7.95,,,,
5/26/70,8.22,,7.95,,,,
5/27/70,8.02,,7.95,,,,
5/28/70,7.98,,7.95,,,,
5/29/70,7.95,,7.95,,,,
6/1/70,7.84,,7.61,,,,
6/2/70,7.78,,7.61,,,,
6/3/70,7.76,,7.61,,,,
6/4/70,7.8,,7.61,,,,
6/5/70,7.88,,7.61,,,,
6/8/70,7.89,,7.61,,,,
6/9/70,7.88,,7.61,,,,
6/10/70,7.87,,7.61,,,,
6/11/70,7.92,,7.61,,,,
6/12/70,7.98,,7.61,,,,
6/15/70,7.98,,7.61,,,,
6/16/70,7.87,,7.61,,,,
6/17/70,7.9,,7.61,,,,
6/18/70,7.9,,7.61,,,,
6/19/70,7.9,,7.61,,,,
6/22/70,7.86,,7.61,,,,
6/23/70,7.79,,7.61,,,,
6/24/70,7.74,,7.61,,,,
6/25/70,7.76,,7.61,,,,
6/26/70,7.78,,7.61,,,,
6/29/70,7.76,,7.61,,,,
6/30/70,7.68,,7.61,,,,
7/1/70,7.64,,7.21,,,,
7/2/70,7.55,,7.21,,,,
7/3/70,7.55,,7.21,,,,
7/6/70,7.49,,7.21,,,,
7/7/70,7.46,,7.21,,,,
7/8/70,7.49,,7.21,,,,
7/9/70,7.49,,7.21,,,,
7/10/70,7.54,,7.21,,,,
7/13/70,7.55,,7.21,,,,
7/14/70,7.53,,7.21,,,,
7/15/70,7.49,,7.21,,,,
7/16/70,7.46,,7.21,,,,
7/17/70,7.45,,7.21,,,,
7/20/70,7.46,,7.21,,,,
7/21/70,7.45,,7.21,,,,
7/22/70,7.43,,7.21,,,,
7/23/70,7.32,,7.21,,,,
7/24/70,7.34,,7.21,,,,
7/27/70,7.36,,7.21,,,,
7/28/70,7.41,,7.21,,,,
7/29/70,7.39,,7.21,,,,
7/30/70,7.38,,7.21,,,,
7/31/70,7.38,,7.21,,,,
8/3/70,7.39,,6.62,,,,
8/4/70,7.4,,6.62,,,,
8/5/70,7.42,,6.62,,,,
8/6/70,7.43,,6.62,,,,
8/7/70,7.45,,6.62,,,,
8/10/70,7.5,,6.62,,,,
8/11/70,7.54,,6.62,,,,
8/12/70,7.56,,6.62,,,,
8/13/70,7.58,,6.62,,,,
8/14/70,7.67,,6.62,,,,
8/17/70,7.71,,6.62,,,,
8/18/70,7.68,,6.62,,,,
8/19/70,7.65,,6.62,,,,
8/20/70,7.64,,6.62,,,,
8/21/70,7.6,,6.62,,,,
8/24/70,7.48,,6.62,,,,
8/25/70,7.46,,6.62,,,,
8/26/70,7.45,,6.62,,,,
8/27/70,7.48,,6.62,,,,
8/28/70,7.49,,6.62,,,,
8/31/70,7.49,,6.62,,,,
9/1/70,7.47,,6.29,,,,
9/2/70,7.48,,6.29,,,,
9/3/70,7.48,,6.29,,,,
9/4/70,7.47,,6.29,,,,
9/7/70,7.47,,6.29,,,,
9/8/70,7.5,,6.29,,,,
9/9/70,7.54,,6.29,,,,
9/10/70,7.52,,6.29,,,,
9/11/70,7.5,,6.29,,,,
9/14/70,7.48,,6.29,,,,
9/15/70,7.46,,6.29,,,,
9/16/70,7.4,,6.29,,,,
9/17/70,7.32,,6.29,,,,
9/18/70,7.31,,6.29,,,,
9/21/70,7.29,,6.29,,,,
9/22/70,7.28,,6.29,,,,
9/23/70,7.24,,6.29,,,,
9/24/70,7.26,,6.29,,,,
9/25/70,7.28,,6.29,,,,
9/28/70,7.31,,6.29,,,,
9/29/70,7.3,,6.29,,,,
9/30/70,7.29,,6.29,,,,
10/1/70,7.29,,6.2,,,,
10/2/70,7.26,,6.2,,,,
10/5/70,7.26,,6.2,,,,
10/6/70,7.24,,6.2,,,,
10/7/70,7.23,,6.2,,,,
10/8/70,7.25,,6.2,,,,
10/9/70,7.25,,6.2,,,,
10/12/70,7.25,,6.2,,,,
10/13/70,7.25,,6.2,,,,
10/14/70,7.3,,6.2,,,,
10/15/70,7.3,,6.2,,,,
10/16/70,7.31,,6.2,,,,
10/19/70,7.35,,6.2,,,,
10/20/70,7.37,,6.2,,,,
10/21/70,7.42,,6.2,,,,
10/22/70,7.46,,6.2,,,,
10/23/70,7.44,,6.2,,,,
10/26/70,7.44,,6.2,,,,
10/27/70,7.42,,6.2,,,,
10/28/70,7.38,,6.2,,,,
10/29/70,7.31,,6.2,,,,
10/30/70,7.33,,6.2,,,,
11/2/70,7.24,,5.6,,,,
11/3/70,7.24,,5.6,,,,
11/4/70,7.23,,5.6,,,,
11/5/70,7.2,,5.6,,,,
11/6/70,7.15,,5.6,,,,
11/9/70,7.06,,5.6,,,,
11/10/70,7.06,,5.6,,,,
11/11/70,7.06,,5.6,,,,
11/12/70,7.03,,5.6,,,,
11/13/70,7,,5.6,,,,
11/16/70,6.96,,5.6,,,,
11/17/70,6.93,,5.6,,,,
11/18/70,6.86,,5.6,,,,
11/19/70,6.72,,5.6,,,,
11/20/70,6.48,,5.6,,,,
11/23/70,6.32,,5.6,,,,
11/24/70,6.45,,5.6,,,,
11/25/70,6.48,,5.6,,,,
11/26/70,6.48,,5.6,,,,
11/27/70,6.48,,5.6,,,,
11/30/70,6.49,,5.6,,,,
12/1/70,6.48,,4.9,,,,
12/2/70,6.41,,4.9,,,,
12/3/70,6.31,,4.9,,,,
12/4/70,6.21,,4.9,,,,
12/7/70,6.27,,4.9,,,,
12/8/70,6.29,,4.9,,,,
12/9/70,6.34,,4.9,,,,
12/10/70,6.34,,4.9,,,,
12/11/70,6.31,,4.9,,,,
12/14/70,6.26,,4.9,,,,
12/15/70,6.29,,4.9,,,,
12/16/70,6.29,,4.9,,,,
12/17/70,6.3,,4.9,,,,
12/18/70,6.33,,4.9,,,,
12/21/70,6.45,,4.9,,,,
12/22/70,6.52,,4.9,,,,
12/23/70,6.57,,4.9,,,,
12/24/70,6.53,,4.9,,,,
12/25/70,6.53,,4.9,,,,
12/28/70,6.54,,4.9,,,,
12/29/70,6.56,,4.9,,,,
12/30/70,6.51,,4.9,,,,
12/31/70,6.5,,4.9,,,,
1/1/71,6.5,,4.14,,,,
1/4/71,6.46,,4.14,,,,
1/5/71,6.47,,4.14,,,,
1/6/71,6.47,,4.14,,,,
1/7/71,6.45,,4.14,,,,
1/8/71,6.44,,4.14,,,,
1/11/71,6.39,,4.14,,,,
1/12/71,6.35,,4.14,,,,
1/13/71,6.29,,4.14,,,,
1/14/71,6.22,,4.14,,,,
1/15/71,6.22,,4.14,,,,
1/18/71,6.16,,4.14,,,,
1/19/71,6.17,,4.14,,,,
1/20/71,6.15,,4.14,,,,
1/21/71,6.09,,4.14,,,,
1/22/71,6.06,,4.14,,,,
1/25/71,6.05,,4.14,,,,
1/26/71,6.07,,4.14,,,,
1/27/71,6.09,,4.14,,,,
1/28/71,6.08,,4.14,,,,
1/29/71,6.09,,4.14,,,,
2/1/71,6.09,,3.72,,,,
2/2/71,6.11,,3.72,,,,
2/3/71,6.11,,3.72,,,,
2/4/71,6.1,,3.72,,,,
2/5/71,6.1,,3.72,,,,
2/8/71,6.09,,3.72,,,,
2/9/71,6.07,,3.72,,,,
2/10/71,6.08,,3.72,,,,
2/11/71,6.08,,3.72,,,,
2/12/71,6.08,,3.72,,,,
2/15/71,0,,3.72,,,,
2/16/71,6.11,,3.72,,,,
2/17/71,6.11,,3.72,,,,
2/18/71,6.11,,3.72,,,,
2/19/71,6.12,,3.72,,,,
2/22/71,6.15,,3.72,,,,
2/23/71,6.18,,3.72,,,,
2/24/71,6.16,,3.72,,,,
2/25/71,6.11,,3.72,,,,
2/26/71,6.14,,3.72,,,,
3/1/71,6.12,,3.71,,,,
3/2/71,6.09,,3.71,,,,
3/3/71,6.05,,3.71,,,,
3/4/71,6.05,,3.71,,,,
3/5/71,6.03,,3.71,,,,
3/8/71,5.99,,3.71,,,,
3/9/71,5.9,,3.71,,,,
3/10/71,5.8,,3.71,,,,
3/11/71,5.69,,3.71,,,,
3/12/71,5.72,,3.71,,,,
3/15/71,5.7,,3.71,,,,
3/16/71,5.68,,3.71,,,,
3/17/71,5.61,,3.71,,,,
3/18/71,5.55,,3.71,,,,
3/19/71,5.51,,3.71,,,,
3/22/71,5.42,,3.71,,,,
3/23/71,5.38,,3.71,,,,
3/24/71,5.41,,3.71,,,,
3/25/71,5.43,,3.71,,,,
3/26/71,5.48,,3.71,,,,
3/29/71,5.54,,3.71,,,,
3/30/71,5.5,,3.71,,,,
3/31/71,5.53,,3.71,,,,
4/1/71,5.58,,4.16,,,,
4/2/71,5.6,,4.16,,,,
4/5/71,5.63,,4.16,,,,
4/6/71,5.6,,4.16,,,,
4/7/71,5.58,,4.16,,,,
4/8/71,5.62,,4.16,,,,
4/9/71,5.62,,4.16,,,,
4/12/71,5.73,,4.16,,,,
4/13/71,5.72,,4.16,,,,
4/14/71,5.77,,4.16,,,,
4/15/71,5.8,,4.16,,,,
4/16/71,5.82,,4.16,,,,
4/19/71,5.88,,4.16,,,,
4/20/71,5.97,,4.16,,,,
4/21/71,6.04,,4.16,,,,
4/22/71,6.02,,4.16,,,,
4/23/71,6.01,,4.16,,,,
4/26/71,6,,4.16,,,,
4/27/71,6,,4.16,,,,
4/28/71,5.99,,4.16,,,,
4/29/71,6.07,,4.16,,,,
4/30/71,6.08,,4.16,,,,
5/3/71,6.15,,4.63,,,,
5/4/71,6.25,,4.63,,,,
5/5/71,6.26,,4.63,,,,
5/6/71,6.28,,4.63,,,,
5/7/71,6.25,,4.63,,,,
5/10/71,6.22,,4.63,,,,
5/11/71,6.26,,4.63,,,,
5/12/71,6.35,,4.63,,,,
5/13/71,6.47,,4.63,,,,
5/14/71,6.49,,4.63,,,,
5/17/71,6.57,,4.63,,,,
5/18/71,6.65,,4.63,,,,
5/19/71,6.6,,4.63,,,,
5/20/71,6.49,,4.63,,,,
5/21/71,6.53,,4.63,,,,
5/24/71,6.49,,4.63,,,,
5/25/71,6.44,,4.63,,,,
5/26/71,6.37,,4.63,,,,
5/27/71,6.35,,4.63,,,,
5/28/71,6.38,,4.63,,,,
5/31/71,6.38,,4.63,,,,
6/1/71,6.36,,4.91,,,,
6/2/71,6.24,,4.91,,,,
6/3/71,6.19,,4.91,,,,
6/4/71,6.26,,4.91,,,,
6/7/71,6.34,,4.91,,,,
6/8/71,6.38,,4.91,,,,
6/9/71,6.44,,4.91,,,,
6/10/71,6.48,,4.91,,,,
6/11/71,6.5,,4.91,,,,
6/14/71,6.63,,4.91,,,,
6/15/71,6.73,,4.91,,,,
6/16/71,6.68,,4.91,,,,
6/17/71,6.68,,4.91,,,,
6/18/71,6.58,,4.91,,,,
6/21/71,6.53,,4.91,,,,
6/22/71,6.62,,4.91,,,,
6/23/71,6.61,,4.91,,,,
6/24/71,6.61,,4.91,,,,
6/25/71,6.62,,4.91,,,,
6/28/71,6.64,,4.91,,,,
6/29/71,6.67,,4.91,,,,
6/30/71,6.7,,4.91,,,,
7/1/71,6.69,,5.31,,,,
7/2/71,6.69,,5.31,,,,
7/5/71,6.69,,5.31,,,,
7/6/71,6.68,,5.31,,,,
7/7/71,6.66,,5.31,,,,
7/8/71,6.67,,5.31,,,,
7/9/71,6.68,,5.31,,,,
7/12/71,6.6,,5.31,,,,
7/13/71,6.61,,5.31,,,,
7/14/71,6.6,,5.31,,,,
7/15/71,6.59,,5.31,,,,
7/16/71,6.66,,5.31,,,,
7/19/71,6.71,,5.31,,,,
7/20/71,6.7,,5.31,,,,
7/21/71,6.7,,5.31,,,,
7/22/71,6.79,,5.31,,,,
7/23/71,6.84,,5.31,,,,
7/26/71,6.86,,5.31,,,,
7/27/71,6.91,,5.31,,,,
7/28/71,6.95,,5.31,,,,
7/29/71,6.88,,5.31,,,,
7/30/71,6.85,,5.31,,,,
8/2/71,6.86,,5.57,,,,
8/3/71,6.91,,5.57,,,,
8/4/71,6.89,,5.57,,,,
8/5/71,6.86,,5.57,,,,
8/6/71,6.86,,5.57,,,,
8/9/71,6.88,,5.57,,,,
8/10/71,6.89,,5.57,,,,
8/11/71,6.86,,5.57,,,,
8/12/71,6.8,,5.57,,,,
8/13/71,6.68,,5.57,,,,
8/16/71,6.41,,5.57,,,,
8/17/71,6.3,,5.57,,,,
8/18/71,6.35,,5.57,,,,
8/19/71,6.34,,5.57,,,,
8/20/71,6.37,,5.57,,,,
8/23/71,6.48,,5.57,,,,
8/24/71,6.38,,5.57,,,,
8/25/71,6.4,,5.57,,,,
8/26/71,6.37,,5.57,,,,
8/27/71,6.33,,5.57,,,,
8/30/71,6.32,,5.57,,,,
8/31/71,6.28,,5.57,,,,
9/1/71,6.22,,5.55,,,,
9/2/71,6.17,,5.55,,,,
9/3/71,6.12,,5.55,,,,
9/6/71,6.12,,5.55,,,,
9/7/71,6.07,,5.55,,,,
9/8/71,6.08,,5.55,,,,
9/9/71,6.13,,5.55,,,,
9/10/71,6.12,,5.55,,,,
9/13/71,6.2,,5.55,,,,
9/14/71,6.18,,5.55,,,,
9/15/71,6.17,,5.55,,,,
9/16/71,6.14,,5.55,,,,
9/17/71,6.13,,5.55,,,,
9/20/71,6.15,,5.55,,,,
9/21/71,6.17,,5.55,,,,
9/22/71,6.19,,5.55,,,,
9/23/71,6.2,,5.55,,,,
9/24/71,6.16,,5.55,,,,
9/27/71,6.13,,5.55,,,,
9/28/71,6.12,,5.55,,,,
9/29/71,6.08,,5.55,,,,
9/30/71,6,,5.55,,,,
10/1/71,6,,5.2,,,,
10/4/71,5.98,,5.2,,,,
10/5/71,6.01,,5.2,,,,
10/6/71,5.98,,5.2,,,,
10/7/71,5.97,,5.2,,,,
10/8/71,5.94,,5.2,,,,
10/11/71,5.94,,5.2,,,,
10/12/71,5.88,,5.2,,,,
10/13/71,5.86,,5.2,,,,
10/14/71,5.88,,5.2,,,,
10/15/71,5.9,,5.2,,,,
10/18/71,5.95,,5.2,,,,
10/19/71,5.96,,5.2,,,,
10/20/71,5.92,,5.2,,,,
10/21/71,5.88,,5.2,,,,
10/22/71,5.9,,5.2,,,,
10/25/71,5.9,,5.2,,,,
10/26/71,5.89,,5.2,,,,
10/27/71,5.92,,5.2,,,,
10/28/71,5.9,,5.2,,,,
10/29/71,5.87,,5.2,,,,
11/1/71,5.8,,4.91,,,,
11/2/71,5.8,,4.91,,,,
11/3/71,5.72,,4.91,,,,
11/4/71,5.72,,4.91,,,,
11/5/71,5.72,,4.91,,,,
11/8/71,5.77,,4.91,,,,
11/9/71,5.77,,4.91,,,,
11/10/71,5.82,,4.91,,,,
11/11/71,5.79,,4.91,,,,
11/12/71,5.77,,4.91,,,,
11/15/71,5.77,,4.91,,,,
11/16/71,5.76,,4.91,,,,
11/17/71,5.75,,4.91,,,,
11/18/71,5.77,,4.91,,,,
11/19/71,5.79,,4.91,,,,
11/22/71,5.82,,4.91,,,,
11/23/71,5.89,,4.91,,,,
11/24/71,5.95,,4.91,,,,
11/25/71,5.95,,4.91,,,,
11/26/71,5.94,,4.91,,,,
11/29/71,5.95,,4.91,,,,
11/30/71,5.93,,4.91,,,,
12/1/71,5.92,,4.14,,,,
12/2/71,5.9,,4.14,,,,
12/3/71,5.88,,4.14,,,,
12/6/71,5.88,,4.14,,,,
12/7/71,5.92,,4.14,,,,
12/8/71,5.92,,4.14,,,,
12/9/71,5.94,,4.14,,,,
12/10/71,5.93,,4.14,,,,
12/13/71,5.9,,4.14,,,,
12/14/71,5.94,,4.14,,,,
12/15/71,5.96,,4.14,,,,
12/16/71,5.95,,4.14,,,,
12/17/71,5.93,,4.14,,,,
12/20/71,5.97,,4.14,,,,
12/21/71,6,,4.14,,,,
12/22/71,6.01,,4.14,,,,
12/23/71,5.97,,4.14,,,,
12/24/71,5.97,,4.14,,,,
12/27/71,5.91,,4.14,,,,
12/28/71,5.86,,4.14,,,,
12/29/71,5.9,,4.14,,,,
12/30/71,5.9,,4.14,,,,
12/31/71,5.89,,4.14,,,,
1/3/72,5.94,,3.51,,,,
1/4/72,5.93,,3.51,,,,
1/5/72,5.91,,3.51,,,,
1/6/72,5.9,,3.51,,,,
1/7/72,5.88,,3.51,,,,
1/10/72,5.86,,3.51,,,,
1/11/72,5.88,,3.51,,,,
1/12/72,5.88,,3.51,,,,
1/13/72,5.86,,3.51,,,,
1/14/72,5.85,,3.51,,,,
1/17/72,5.89,,3.51,,,,
1/18/72,5.92,,3.51,,,,
1/19/72,5.96,,3.51,,,,
1/20/72,5.98,,3.51,,,,
1/21/72,5.99,,3.51,,,,
1/24/72,6.02,,3.51,,,,
1/25/72,6.02,,3.51,,,,
1/26/72,6.01,,3.51,,,,
1/27/72,6.05,,3.51,,,,
1/28/72,6.08,,3.51,,,,
1/31/72,6.09,,3.51,,,,
2/1/72,6.09,,3.3,,,,
2/2/72,6.08,,3.3,,,,
2/3/72,6.08,,3.3,,,,
2/4/72,6.08,,3.3,,,,
2/7/72,6.09,,3.3,,,,
2/8/72,6.11,,3.3,,,,
2/9/72,6.12,,3.3,,,,
2/10/72,6.11,,3.3,,,,
2/11/72,6.12,,3.3,,,,
2/14/72,6.1,,3.3,,,,
2/15/72,6.1,,3.3,,,,
2/16/72,6.08,,3.3,,,,
2/17/72,6.06,,3.3,,,,
2/18/72,6.06,,3.3,,,,
2/21/72,6.06,,3.3,,,,
2/22/72,6.06,,3.3,,,,
2/23/72,6.07,,3.3,,,,
2/24/72,6.07,,3.3,,,,
2/25/72,6.06,,3.3,,,,
2/28/72,6.04,,3.3,,,,
2/29/72,6.04,,3.3,,,,
3/1/72,6.04,,3.83,,,,
3/2/72,6.03,,3.83,,,,
3/3/72,6.02,,3.83,,,,
3/6/72,6.01,,3.83,,,,
3/7/72,6.02,,3.83,,,,
3/8/72,6.02,,3.83,,,,
3/9/72,6.02,,3.83,,,,
3/10/72,6.03,,3.83,,,,
3/13/72,6.07,,3.83,,,,
3/14/72,6.06,,3.83,,,,
3/15/72,6.11,,3.83,,,,
3/16/72,6.08,,3.83,,,,
3/17/72,6.08,,3.83,,,,
3/20/72,6.09,,3.83,,,,
3/21/72,6.08,,3.83,,,,
3/22/72,6.08,,3.83,,,,
3/23/72,6.1,,3.83,,,,
3/24/72,6.12,,3.83,,,,
3/27/72,6.1,,3.83,,,,
3/28/72,6.11,,3.83,,,,
3/29/72,6.12,,3.83,,,,
3/30/72,6.12,,3.83,,,,
3/31/72,6.12,,3.83,,,,
4/3/72,6.14,,4.17,,,,
4/4/72,6.18,,4.17,,,,
4/5/72,6.18,,4.17,,,,
4/6/72,6.18,,4.17,,,,
4/7/72,6.18,,4.17,,,,
4/10/72,6.17,,4.17,,,,
4/11/72,6.18,,4.17,,,,
4/12/72,6.21,,4.17,,,,
4/13/72,6.25,,4.17,,,,
4/14/72,6.25,,4.17,,,,
4/17/72,6.24,,4.17,,,,
4/18/72,6.24,,4.17,,,,
4/19/72,6.22,,4.17,,,,
4/20/72,6.21,,4.17,,,,
4/21/72,6.2,,4.17,,,,
4/24/72,6.21,,4.17,,,,
4/25/72,6.21,,4.17,,,,
4/26/72,6.19,,4.17,,,,
4/27/72,6.11,,4.17,,,,
4/28/72,6.14,,4.17,,,,
5/1/72,6.14,,4.27,,,,
5/2/72,6.16,,4.27,,,,
5/3/72,6.17,,4.27,,,,
5/4/72,6.17,,4.27,,,,
5/5/72,6.17,,4.27,,,,
5/8/72,6.17,,4.27,,,,
5/9/72,6.2,,4.27,,,,
5/10/72,6.19,,4.27,,,,
5/11/72,6.19,,4.27,,,,
5/12/72,6.16,,4.27,,,,
5/15/72,6.16,,4.27,,,,
5/16/72,6.16,,4.27,,,,
5/17/72,6.15,,4.27,,,,
5/18/72,6.13,,4.27,,,,
5/19/72,6.1,,4.27,,,,
5/22/72,6.07,,4.27,,,,
5/23/72,6.05,,4.27,,,,
5/24/72,6.06,,4.27,,,,
5/25/72,6.04,,4.27,,,,
5/26/72,6.04,,4.27,,,,
5/29/72,6.04,,4.27,,,,
5/30/72,6.05,,4.27,,,,
5/31/72,6.05,,4.27,,,,
6/1/72,6.07,,4.46,,,,
6/2/72,6.09,,4.46,,,,
6/5/72,6.1,,4.46,,,,
6/6/72,6.13,,4.46,,,,
6/7/72,6.12,,4.46,,,,
6/8/72,6.12,,4.46,,,,
6/9/72,6.11,,4.46,,,,
6/12/72,6.1,,4.46,,,,
6/13/72,6.1,,4.46,,,,
6/14/72,6.1,,4.46,,,,
6/15/72,6.1,,4.46,,,,
6/16/72,6.1,,4.46,,,,
6/19/72,6.08,,4.46,,,,
6/20/72,6.08,,4.46,,,,
6/21/72,6.09,,4.46,,,,
6/22/72,6.11,,4.46,,,,
6/23/72,6.1,,4.46,,,,
6/26/72,6.12,,4.46,,,,
6/27/72,6.12,,4.46,,,,
6/28/72,6.12,,4.46,,,,
6/29/72,6.14,,4.46,,,,
6/30/72,6.15,,4.46,,,,
7/3/72,6.14,,4.55,,,,
7/4/72,6.14,,4.55,,,,
7/5/72,6.13,,4.55,,,,
7/6/72,6.13,,4.55,,,,
7/7/72,6.13,,4.55,,,,
7/10/72,6.13,,4.55,,,,
7/11/72,6.13,,4.55,,,,
7/12/72,6.12,,4.55,,,,
7/13/72,6.11,,4.55,,,,
7/14/72,6.1,,4.55,,,,
7/17/72,6.11,,4.55,,,,
7/18/72,6.11,,4.55,,,,
7/19/72,6.09,,4.55,,,,
7/20/72,6.09,,4.55,,,,
7/21/72,6.1,,4.55,,,,
7/24/72,6.1,,4.55,,,,
7/25/72,6.09,,4.55,,,,
7/26/72,6.08,,4.55,,,,
7/27/72,6.13,,4.55,,,,
7/28/72,6.12,,4.55,,,,
7/31/72,6.12,,4.55,,,,
8/1/72,6.14,,4.81,,,,
8/2/72,6.14,,4.81,,,,
8/3/72,6.15,,4.81,,,,
8/4/72,6.16,,4.81,,,,
8/7/72,6.16,,4.81,,,,
8/8/72,6.15,,4.81,,,,
8/9/72,6.14,,4.81,,,,
8/10/72,6.14,,4.81,,,,
8/11/72,6.14,,4.81,,,,
8/14/72,6.16,,4.81,,,,
8/15/72,6.17,,4.81,,,,
8/16/72,6.18,,4.81,,,,
8/17/72,6.2,,4.81,,,,
8/18/72,6.21,,4.81,,,,
8/21/72,6.21,,4.81,,,,
8/22/72,6.2,,4.81,,,,
8/23/72,6.22,,4.81,,,,
8/24/72,6.23,,4.81,,,,
8/25/72,6.26,,4.81,,,,
8/28/72,6.3,,4.81,,,,
8/29/72,6.34,,4.81,,,,
8/30/72,6.42,,4.81,,,,
8/31/72,6.42,,4.81,,,,
9/1/72,6.43,,4.87,,,,
9/4/72,6.43,,4.87,,,,
9/5/72,6.46,,4.87,,,,
9/6/72,6.49,,4.87,,,,
9/7/72,6.52,,4.87,,,,
9/8/72,6.56,,4.87,,,,
9/11/72,6.54,,4.87,,,,
9/12/72,6.54,,4.87,,,,
9/13/72,6.54,,4.87,,,,
9/14/72,6.57,,4.87,,,,
9/15/72,6.56,,4.87,,,,
9/18/72,6.55,,4.87,,,,
9/19/72,6.55,,4.87,,,,
9/20/72,6.56,,4.87,,,,
9/21/72,6.59,,4.87,,,,
9/22/72,6.62,,4.87,,,,
9/25/72,6.62,,4.87,,,,
9/26/72,6.6,,4.87,,,,
9/27/72,6.59,,4.87,,,,
9/28/72,6.56,,4.87,,,,
9/29/72,6.54,,4.87,,,,
10/2/72,6.54,,5.05,,,,
10/3/72,6.54,,5.05,,,,
10/4/72,6.53,,5.05,,,,
10/5/72,6.53,,5.05,,,,
10/6/72,6.52,,5.05,,,,
10/9/72,6.52,,5.05,,,,
10/10/72,6.48,,5.05,,,,
10/11/72,6.47,,5.05,,,,
10/12/72,6.5,,5.05,,,,
10/13/72,6.5,,5.05,,,,
10/16/72,6.49,,5.05,,,,
10/17/72,6.49,,5.05,,,,
10/18/72,6.49,,5.05,,,,
10/19/72,6.48,,5.05,,,,
10/20/72,6.47,,5.05,,,,
10/23/72,6.47,,5.05,,,,
10/24/72,6.45,,5.05,,,,
10/25/72,6.44,,5.05,,,,
10/26/72,6.42,,5.05,,,,
10/27/72,6.42,,5.05,,,,
10/30/72,6.42,,5.05,,,,
10/31/72,6.41,,5.05,,,,
11/1/72,6.39,,5.06,,,,
11/2/72,6.34,,5.06,,,,
11/3/72,6.3,,5.06,,,,
11/6/72,6.27,,5.06,,,,
11/7/72,6.27,,5.06,,,,
11/8/72,6.3,,5.06,,,,
11/9/72,6.3,,5.06,,,,
11/10/72,6.3,,5.06,,,,
11/13/72,6.27,,5.06,,,,
11/14/72,6.26,,5.06,,,,
11/15/72,6.23,,5.06,,,,
11/16/72,6.24,,5.06,,,,
11/17/72,6.24,,5.06,,,,
11/20/72,6.23,,5.06,,,,
11/21/72,6.26,,5.06,,,,
11/22/72,6.27,,5.06,,,,
11/23/72,6.27,,5.06,,,,
11/24/72,6.27,,5.06,,,,
11/27/72,6.3,,5.06,,,,
11/28/72,6.29,,5.06,,,,
11/29/72,6.27,,5.06,,,,
11/30/72,6.28,,5.06,,,,
12/1/72,6.29,,5.33,,,,
12/4/72,6.3,,5.33,,,,
12/5/72,6.31,,5.33,,,,
12/6/72,6.31,,5.33,,,,
12/7/72,6.31,,5.33,,,,
12/8/72,6.32,,5.33,,,,
12/11/72,6.34,,5.33,,,,
12/12/72,6.35,,5.33,,,,
12/13/72,6.35,,5.33,,,,
12/14/72,6.35,,5.33,,,,
12/15/72,6.35,,5.33,,,,
12/18/72,6.38,,5.33,,,,
12/19/72,6.4,,5.33,,,,
12/20/72,6.4,,5.33,,,,
12/21/72,6.4,,5.33,,,,
12/22/72,6.4,,5.33,,,,
12/25/72,6.4,,5.33,,,,
12/26/72,6.39,,5.33,,,,
12/27/72,6.4,,5.33,,,,
12/28/72,6.41,,5.33,,,,
12/29/72,6.41,,5.33,,,,
1/1/73,6.41,,5.94,,,,
1/2/73,6.43,,5.94,,,,
1/3/73,6.42,,5.94,,,,
1/4/73,6.4,,5.94,,,,
1/5/73,6.42,,5.94,,,,
1/8/73,6.43,,5.94,,,,
1/9/73,6.42,,5.94,,,,
1/10/73,6.43,,5.94,,,,
1/11/73,6.43,,5.94,,,,
1/12/73,6.44,,5.94,,,,
1/15/73,6.44,,5.94,,,,
1/16/73,6.44,,5.94,,,,
1/17/73,6.45,,5.94,,,,
1/18/73,6.46,,5.94,,,,
1/19/73,6.49,,5.94,,,,
1/22/73,6.5,,5.94,,,,
1/23/73,6.48,,5.94,,,,
1/24/73,6.49,,5.94,,,,
1/25/73,6.51,,5.94,,,,
1/26/73,6.53,,5.94,,,,
1/29/73,6.55,,5.94,,,,
1/30/73,6.52,,5.94,,,,
1/31/73,6.54,,5.94,,,,
2/1/73,6.6,,6.58,,,,
2/2/73,6.64,,6.58,,,,
2/5/73,6.64,,6.58,,,,
2/6/73,6.64,,6.58,,,,
2/7/73,6.64,,6.58,,,,
2/8/73,6.66,,6.58,,,,
2/9/73,6.63,,6.58,,,,
2/12/73,6.63,,6.58,,,,
2/13/73,6.61,,6.58,,,,
2/14/73,6.62,,6.58,,,,
2/15/73,6.62,,6.58,,,,
2/16/73,6.63,,6.58,,,,
2/19/73,6.63,,6.58,,,,
2/20/73,6.66,,6.58,,,,
2/21/73,6.66,,6.58,,,,
2/22/73,6.65,,6.58,,,,
2/23/73,6.61,,6.58,,,,
2/26/73,6.65,,6.58,,,,
2/27/73,6.64,,6.58,,,,
2/28/73,6.64,,6.58,,,,
3/1/73,6.65,,7.09,,,,
3/2/73,6.67,,7.09,,,,
3/5/73,6.68,,7.09,,,,
3/6/73,6.68,,7.09,,,,
3/7/73,6.66,,7.09,,,,
3/8/73,6.67,,7.09,,,,
3/9/73,6.68,,7.09,,,,
3/12/73,6.68,,7.09,,,,
3/13/73,6.7,,7.09,,,,
3/14/73,6.71,,7.09,,,,
3/15/73,6.73,,7.09,,,,
3/16/73,6.77,,7.09,,,,
3/19/73,6.75,,7.09,,,,
3/20/73,6.76,,7.09,,,,
3/21/73,6.76,,7.09,,,,
3/22/73,6.76,,7.09,,,,
3/23/73,6.76,,7.09,,,,
3/26/73,6.73,,7.09,,,,
3/27/73,6.72,,7.09,,,,
3/28/73,6.67,,7.09,,,,
3/29/73,6.68,,7.09,,,,
3/30/73,6.73,,7.09,,,,
4/2/73,6.74,,7.12,,,,
4/3/73,6.73,,7.12,,,,
4/4/73,6.7,,7.12,,,,
4/5/73,6.68,,7.12,,,,
4/6/73,6.64,,7.12,,,,
4/9/73,6.62,,7.12,,,,
4/10/73,6.64,,7.12,,,,
4/11/73,6.65,,7.12,,,,
4/12/73,6.66,,7.12,,,,
4/13/73,6.63,,7.12,,,,
4/16/73,6.62,,7.12,,,,
4/17/73,6.64,,7.12,,,,
4/18/73,6.64,,7.12,,,,
4/19/73,6.66,,7.12,,,,
4/20/73,6.66,,7.12,,,,
4/23/73,6.73,,7.12,,,,
4/24/73,6.66,,7.12,,,,
4/25/73,6.66,,7.12,,,,
4/26/73,6.68,,7.12,,,,
4/27/73,6.69,,7.12,,,,
4/30/73,6.7,,7.12,,,,
5/1/73,6.72,,7.84,,,,
5/2/73,6.76,,7.84,,,,
5/3/73,6.77,,7.84,,,,
5/4/73,6.79,,7.84,,,,
5/7/73,6.81,,7.84,,,,
5/8/73,6.8,,7.84,,,,
5/9/73,6.8,,7.84,,,,
5/10/73,6.81,,7.84,,,,
5/11/73,6.82,,7.84,,,,
5/14/73,6.83,,7.84,,,,
5/15/73,6.86,,7.84,,,,
5/16/73,6.84,,7.84,,,,
5/17/73,6.85,,7.84,,,,
5/18/73,6.86,,7.84,,,,
5/21/73,6.89,,7.84,,,,
5/22/73,6.9,,7.84,,,,
5/23/73,6.92,,7.84,,,,
5/24/73,6.91,,7.84,,,,
5/25/73,6.91,,7.84,,,,
5/28/73,6.91,,7.84,,,,
5/29/73,6.93,,7.84,,,,
5/30/73,6.93,,7.84,,,,
5/31/73,6.93,,7.84,,,,
6/1/73,6.96,,8.49,,,,
6/4/73,6.98,,8.49,,,,
6/5/73,6.95,,8.49,,,,
6/6/73,6.89,,8.49,,,,
6/7/73,6.89,,8.49,,,,
6/8/73,6.87,,8.49,,,,
6/11/73,6.87,,8.49,,,,
6/12/73,6.86,,8.49,,,,
6/13/73,6.85,,8.49,,,,
6/14/73,6.85,,8.49,,,,
6/15/73,6.86,,8.49,,,,
6/18/73,6.87,,8.49,,,,
6/19/73,6.87,,8.49,,,,
6/20/73,6.89,,8.49,,,,
6/21/73,6.89,,8.49,,,,
6/22/73,6.91,,8.49,,,,
6/25/73,6.93,,8.49,,,,
6/26/73,6.93,,8.49,,,,
6/27/73,6.92,,8.49,,,,
6/28/73,6.92,,8.49,,,,
6/29/73,6.94,,8.49,,,,
7/2/73,7.01,,10.4,,,,
7/3/73,7.01,,10.4,,,,
7/4/73,7.01,,10.4,,,,
7/5/73,7.01,,10.4,,,,
7/6/73,7.03,,10.4,,,,
7/9/73,7.05,,10.4,,,,
7/10/73,7.05,,10.4,,,,
7/11/73,7.05,,10.4,,,,
7/12/73,7.04,,10.4,,,,
7/13/73,7.05,,10.4,,,,
7/16/73,7.06,,10.4,,,,
7/17/73,7.06,,10.4,,,,
7/18/73,7.07,,10.4,,,,
7/19/73,7.11,,10.4,,,,
7/20/73,7.17,,10.4,,,,
7/23/73,7.17,,10.4,,,,
7/24/73,7.19,,10.4,,,,
7/25/73,7.19,,10.4,,,,
7/26/73,7.28,,10.4,,,,
7/27/73,7.35,,10.4,,,,
7/30/73,7.37,,10.4,,,,
7/31/73,7.43,,10.4,,,,
8/1/73,7.55,,10.5,,,,
8/2/73,7.52,,10.5,,,,
8/3/73,7.53,,10.5,,,,
8/6/73,7.54,,10.5,,,,
8/7/73,7.58,,10.5,,,,
8/8/73,7.52,,10.5,,,,
8/9/73,7.54,,10.5,,,,
8/10/73,7.52,,10.5,,,,
8/13/73,7.47,,10.5,,,,
8/14/73,7.46,,10.5,,,,
8/15/73,7.45,,10.5,,,,
8/16/73,7.37,,10.5,,,,
8/17/73,7.28,,10.5,,,,
8/20/73,7.38,,10.5,,,,
8/21/73,7.36,,10.5,,,,
8/22/73,7.39,,10.5,,,,
8/23/73,7.31,,10.5,,,,
8/24/73,7.23,,10.5,,,,
8/27/73,7.26,,10.5,,,,
8/28/73,7.29,,10.5,,,,
8/29/73,7.26,,10.5,,,,
8/30/73,7.25,,10.5,,,,
8/31/73,7.25,,10.5,,,,
9/3/73,7.25,,10.78,,,,
9/4/73,7.21,,10.78,,,,
9/5/73,7.11,,10.78,,,,
9/6/73,7.1,,10.78,,,,
9/7/73,7.11,,10.78,,,,
9/10/73,7.16,,10.78,,,,
9/11/73,7.19,,10.78,,,,
9/12/73,7.2,,10.78,,,,
9/13/73,7.21,,10.78,,,,
9/14/73,7.21,,10.78,,,,
9/17/73,7.16,,10.78,,,,
9/18/73,7.08,,10.78,,,,
9/19/73,7.1,,10.78,,,,
9/20/73,7.09,,10.78,,,,
9/21/73,7.02,,10.78,,,,
9/24/73,7,,10.78,,,,
9/25/73,6.96,,10.78,,,,
9/26/73,6.97,,10.78,,,,
9/27/73,6.94,,10.78,,,,
9/28/73,6.9,,10.78,,,,
10/1/73,6.91,,10.01,,,,
10/2/73,6.89,,10.01,,,,
10/3/73,6.9,,10.01,,,,
10/4/73,6.88,,10.01,,,,
10/5/73,6.86,,10.01,,,,
10/8/73,6.86,,10.01,,,,
10/9/73,6.78,,10.01,,,,
10/10/73,6.77,,10.01,,,,
10/11/73,6.78,,10.01,,,,
10/12/73,6.75,,10.01,,,,
10/15/73,6.77,,10.01,,,,
10/16/73,6.81,,10.01,,,,
10/17/73,6.82,,10.01,,,,
10/18/73,6.81,,10.01,,,,
10/19/73,6.8,,10.01,,,,
10/22/73,6.8,,10.01,,,,
10/23/73,6.8,,10.01,,,,
10/24/73,6.75,,10.01,,,,
10/25/73,6.73,,10.01,,,,
10/26/73,6.72,,10.01,,,,
10/29/73,6.72,,10.01,,,,
10/30/73,6.72,,10.01,,,,
10/31/73,6.71,,10.01,,,,
11/1/73,6.71,,10.03,,,,
11/2/73,6.72,,10.03,,,,
11/5/73,6.74,,10.03,,,,
11/6/73,6.74,,10.03,,,,
11/7/73,6.76,,10.03,,,,
11/8/73,6.77,,10.03,,,,
11/9/73,6.76,,10.03,,,,
11/12/73,6.76,,10.03,,,,
11/13/73,6.76,,10.03,,,,
11/14/73,6.79,,10.03,,,,
11/15/73,6.76,,10.03,,,,
11/16/73,6.72,,10.03,,,,
11/19/73,6.71,,10.03,,,,
11/20/73,6.72,,10.03,,,,
11/21/73,6.71,,10.03,,,,
11/22/73,6.71,,10.03,,,,
11/23/73,6.7,,10.03,,,,
11/26/73,6.69,,10.03,,,,
11/27/73,6.7,,10.03,,,,
11/28/73,6.7,,10.03,,,,
11/29/73,6.7,,10.03,,,,
11/30/73,6.69,,10.03,,,,
12/3/73,6.69,,9.95,,,,
12/4/73,6.69,,9.95,,,,
12/5/73,6.72,,9.95,,,,
12/6/73,6.75,,9.95,,,,
12/7/73,6.74,,9.95,,,,
12/10/73,6.71,,9.95,,,,
12/11/73,6.69,,9.95,,,,
12/12/73,6.69,,9.95,,,,
12/13/73,6.68,,9.95,,,,
12/14/73,6.68,,9.95,,,,
12/17/73,6.67,,9.95,,,,
12/18/73,6.68,,9.95,,,,
12/19/73,6.71,,9.95,,,,
12/20/73,6.73,,9.95,,,,
12/21/73,6.78,,9.95,,,,
12/24/73,6.78,,9.95,,,,
12/25/73,0,,9.95,,,,
12/26/73,6.83,,9.95,,,,
12/27/73,6.88,,9.95,,,,
12/28/73,6.91,,9.95,,,,
12/31/73,6.9,,9.95,,,,
1/1/74,6.9,,9.65,,,,
1/2/74,6.94,,9.65,,,,
1/3/74,6.96,,9.65,,,,
1/4/74,6.94,,9.65,,,,
1/7/74,6.96,,9.65,,,,
1/8/74,6.96,,9.65,,,,
1/9/74,6.96,,9.65,,,,
1/10/74,7,,9.65,,,,
1/11/74,7.01,,9.65,,,,
1/14/74,7.01,,9.65,,,,
1/15/74,6.99,,9.65,,,,
1/16/74,6.99,,9.65,,,,
1/17/74,6.97,,9.65,,,,
1/18/74,6.98,,9.65,,,,
1/21/74,6.99,,9.65,,,,
1/22/74,7,,9.65,,,,
1/23/74,7.01,,9.65,,,,
1/24/74,7.02,,9.65,,,,
1/25/74,7.02,,9.65,,,,
1/28/74,7.01,,9.65,,,,
1/29/74,7.02,,9.65,,,,
1/30/74,7.01,,9.65,,,,
1/31/74,7,,9.65,,,,
2/1/74,7,,8.97,,,,
2/4/74,6.98,,8.97,,,,
2/5/74,6.95,,8.97,,,,
2/6/74,6.93,,8.97,,,,
2/7/74,6.93,,8.97,,,,
2/8/74,6.93,,8.97,,,,
2/11/74,6.93,,8.97,,,,
2/12/74,6.93,,8.97,,,,
2/13/74,6.93,,8.97,,,,
2/14/74,6.93,,8.97,,,,
2/15/74,6.93,,8.97,,,,
2/18/74,6.93,,8.97,,,,
2/19/74,6.93,,8.97,,,,
2/20/74,6.96,,8.97,,,,
2/21/74,6.98,,8.97,,,,
2/22/74,6.97,,8.97,,,,
2/25/74,6.96,,8.97,,,,
2/26/74,6.98,,8.97,,,,
2/27/74,7,,8.97,,,,
2/28/74,7.01,,8.97,,,,
3/1/74,7.08,,9.35,,,,
3/4/74,7.09,,9.35,,,,
3/5/74,7.1,,9.35,,,,
3/6/74,7.09,,9.35,,,,
3/7/74,7.06,,9.35,,,,
3/8/74,7.06,,9.35,,,,
3/11/74,7.08,,9.35,,,,
3/12/74,7.09,,9.35,,,,
3/13/74,7.13,,9.35,,,,
3/14/74,7.13,,9.35,,,,
3/15/74,7.18,,9.35,,,,
3/18/74,7.23,,9.35,,,,
3/19/74,7.24,,9.35,,,,
3/20/74,7.27,,9.35,,,,
3/21/74,7.3,,9.35,,,,
3/22/74,7.35,,9.35,,,,
3/25/74,7.39,,9.35,,,,
3/26/74,7.38,,9.35,,,,
3/27/74,7.35,,9.35,,,,
3/28/74,7.38,,9.35,,,,
3/29/74,7.41,,9.35,,,,
4/1/74,7.42,,10.51,,,,
4/2/74,7.43,,10.51,,,,
4/3/74,7.43,,10.51,,,,
4/4/74,7.51,,10.51,,,,
4/5/74,7.54,,10.51,,,,
4/8/74,7.5,,10.51,,,,
4/9/74,7.49,,10.51,,,,
4/10/74,7.46,,10.51,,,,
4/11/74,7.45,,10.51,,,,
4/12/74,7.45,,10.51,,,,
4/15/74,7.42,,10.51,,,,
4/16/74,7.43,,10.51,,,,
4/17/74,7.45,,10.51,,,,
4/18/74,7.5,,10.51,,,,
4/19/74,7.51,,10.51,,,,
4/22/74,7.52,,10.51,,,,
4/23/74,7.54,,10.51,,,,
4/24/74,7.58,,10.51,,,,
4/25/74,7.63,,10.51,,,,
4/26/74,7.64,,10.51,,,,
4/29/74,7.65,,10.51,,,,
4/30/74,7.66,,10.51,,,,
5/1/74,7.62,,11.31,,,,
5/2/74,7.58,,11.31,,,,
5/3/74,7.65,,11.31,,,,
5/6/74,7.65,,11.31,,,,
5/7/74,7.65,,11.31,,,,
5/8/74,7.65,,11.31,,,,
5/9/74,7.7,,11.31,,,,
5/10/74,7.63,,11.31,,,,
5/13/74,7.54,,11.31,,,,
5/14/74,7.57,,11.31,,,,
5/15/74,7.55,,11.31,,,,
5/16/74,7.54,,11.31,,,,
5/17/74,7.57,,11.31,,,,
5/20/74,7.58,,11.31,,,,
5/21/74,7.57,,11.31,,,,
5/22/74,7.56,,11.31,,,,
5/23/74,7.52,,11.31,,,,
5/24/74,7.49,,11.31,,,,
5/27/74,7.49,,11.31,,,,
5/28/74,7.5,,11.31,,,,
5/29/74,7.52,,11.31,,,,
5/30/74,7.51,,11.31,,,,
5/31/74,7.52,,11.31,,,,
6/3/74,7.53,,11.93,,,,
6/4/74,7.52,,11.93,,,,
6/5/74,7.52,,11.93,,,,
6/6/74,7.5,,11.93,,,,
6/7/74,7.46,,11.93,,,,
6/10/74,7.47,,11.93,,,,
6/11/74,7.48,,11.93,,,,
6/12/74,7.5,,11.93,,,,
6/13/74,7.5,,11.93,,,,
6/14/74,7.5,,11.93,,,,
6/17/74,7.49,,11.93,,,,
6/18/74,7.52,,11.93,,,,
6/19/74,7.52,,11.93,,,,
6/20/74,7.55,,11.93,,,,
6/21/74,7.55,,11.93,,,,
6/24/74,7.58,,11.93,,,,
6/25/74,7.62,,11.93,,,,
6/26/74,7.62,,11.93,,,,
6/27/74,7.64,,11.93,,,,
6/28/74,7.64,,11.93,,,,
7/1/74,7.65,,12.92,,,,
7/2/74,7.65,,12.92,,,,
7/3/74,7.7,,12.92,,,,
7/4/74,7.7,,12.92,,,,
7/5/74,7.71,,12.92,,,,
7/8/74,7.77,,12.92,,,,
7/9/74,7.81,,12.92,,,,
7/10/74,7.82,,12.92,,,,
7/11/74,7.84,,12.92,,,,
7/12/74,7.85,,12.92,,,,
7/15/74,7.86,,12.92,,,,
7/16/74,7.88,,12.92,,,,
7/17/74,7.91,,12.92,,,,
7/18/74,7.9,,12.92,,,,
7/19/74,7.87,,12.92,,,,
7/22/74,7.77,,12.92,,,,
7/23/74,7.79,,12.92,,,,
7/24/74,7.76,,12.92,,,,
7/25/74,7.75,,12.92,,,,
7/26/74,7.79,,12.92,,,,
7/29/74,7.85,,12.92,,,,
7/30/74,7.89,,12.92,,,,
7/31/74,7.89,,12.92,,,,
8/1/74,7.92,,12.01,,,,
8/2/74,7.96,,12.01,,,,
8/5/74,7.99,,12.01,,,,
8/6/74,7.97,,12.01,,,,
8/7/74,7.97,,12.01,,,,
8/8/74,7.97,,12.01,,,,
8/9/74,8.03,,12.01,,,,
8/12/74,8.05,,12.01,,,,
8/13/74,8.06,,12.01,,,,
8/14/74,8.05,,12.01,,,,
8/15/74,8.02,,12.01,,,,
8/16/74,8,,12.01,,,,
8/19/74,7.98,,12.01,,,,
8/20/74,7.99,,12.01,,,,
8/21/74,8.05,,12.01,,,,
8/22/74,8.09,,12.01,,,,
8/23/74,8.15,,12.01,,,,
8/26/74,8.16,,12.01,,,,
8/27/74,8.15,,12.01,,,,
8/28/74,8.15,,12.01,,,,
8/29/74,8.15,,12.01,,,,
8/30/74,8.11,,12.01,,,,
9/2/74,8.11,,11.34,,,,
9/3/74,8.11,,11.34,,,,
9/4/74,8.12,,11.34,,,,
9/5/74,8.1,,11.34,,,,
9/6/74,8.09,,11.34,,,,
9/9/74,8.02,,11.34,,,,
9/10/74,8.04,,11.34,,,,
9/11/74,8.05,,11.34,,,,
9/12/74,8.13,,11.34,,,,
9/13/74,8.13,,11.34,,,,
9/16/74,8.1,,11.34,,,,
9/17/74,8.09,,11.34,,,,
9/18/74,8.08,,11.34,,,,
9/19/74,8.04,,11.34,,,,
9/20/74,8.02,,11.34,,,,
9/23/74,7.91,,11.34,,,,
9/24/74,7.94,,11.34,,,,
9/25/74,7.94,,11.34,,,,
9/26/74,7.96,,11.34,,,,
9/27/74,7.94,,11.34,,,,
9/30/74,7.94,,11.34,,,,
10/1/74,7.97,,10.06,,,,
10/2/74,7.98,,10.06,,,,
10/3/74,8.04,,10.06,,,,
10/4/74,8.02,,10.06,,,,
10/7/74,8.01,,10.06,,,,
10/8/74,7.95,,10.06,,,,
10/9/74,7.95,,10.06,,,,
10/10/74,7.93,,10.06,,,,
10/11/74,7.88,,10.06,,,,
10/14/74,7.88,,10.06,,,,
10/15/74,7.87,,10.06,,,,
10/16/74,7.87,,10.06,,,,
10/17/74,7.88,,10.06,,,,
10/18/74,7.86,,10.06,,,,
10/21/74,7.81,,10.06,,,,
10/22/74,7.81,,10.06,,,,
10/23/74,7.85,,10.06,,,,
10/24/74,7.87,,10.06,,,,
10/25/74,7.86,,10.06,,,,
10/28/74,7.88,,10.06,,,,
10/29/74,7.84,,10.06,,,,
10/30/74,7.81,,10.06,,,,
10/31/74,7.79,,10.06,,,,
11/1/74,7.8,,9.45,,,,
11/4/74,7.8,,9.45,,,,
11/5/74,7.8,,9.45,,,,
11/6/74,7.76,,9.45,,,,
11/7/74,7.74,,9.45,,,,
11/8/74,7.72,,9.45,,,,
11/11/74,7.72,,9.45,,,,
11/12/74,7.78,,9.45,,,,
11/13/74,7.75,,9.45,,,,
11/14/74,7.72,,9.45,,,,
11/15/74,7.61,,9.45,,,,
11/18/74,7.63,,9.45,,,,
11/19/74,7.63,,9.45,,,,
11/20/74,7.59,,9.45,,,,
11/21/74,7.6,,9.45,,,,
11/22/74,7.6,,9.45,,,,
11/25/74,7.62,,9.45,,,,
11/26/74,7.63,,9.45,,,,
11/27/74,7.64,,9.45,,,,
11/28/74,7.64,,9.45,,,,
11/29/74,7.64,,9.45,,,,
12/2/74,7.71,,8.53,,,,
12/3/74,7.74,,8.53,,,,
12/4/74,7.68,,8.53,,,,
12/5/74,7.64,,8.53,,,,
12/6/74,7.59,,8.53,,,,
12/9/74,7.4,,8.53,,,,
12/10/74,7.42,,8.53,,,,
12/11/74,7.38,,8.53,,,,
12/12/74,7.39,,8.53,,,,
12/13/74,7.38,,8.53,,,,
12/16/74,7.34,,8.53,,,,
12/17/74,7.28,,8.53,,,,
12/18/74,7.25,,8.53,,,,
12/19/74,7.25,,8.53,,,,
12/20/74,7.27,,8.53,,,,
12/23/74,7.41,,8.53,,,,
12/24/74,7.43,,8.53,,,,
12/25/74,7.43,,8.53,,,,
12/26/74,7.37,,8.53,,,,
12/27/74,7.39,,8.53,,,,
12/30/74,7.39,,8.53,,,,
12/31/74,7.4,,8.53,,,,
1/1/75,7.4,,7.13,,,,
1/2/75,7.42,,7.13,,,,
1/3/75,7.43,,7.13,,,,
1/6/75,7.39,,7.13,,,,
1/7/75,7.38,,7.13,,,,
1/8/75,7.39,,7.13,,,,
1/9/75,7.35,,7.13,,,,
1/10/75,7.37,,7.13,,,,
1/13/75,7.46,,7.13,,,,
1/14/75,7.49,,7.13,,,,
1/15/75,7.54,,7.13,,,,
1/16/75,7.54,,7.13,,,,
1/17/75,7.53,,7.13,,,,
1/20/75,7.59,,7.13,,,,
1/21/75,7.55,,7.13,,,,
1/22/75,7.51,,7.13,,,,
1/23/75,7.57,,7.13,,,,
1/24/75,7.64,,7.13,,,,
1/27/75,7.61,,7.13,,,,
1/28/75,7.61,,7.13,,,,
1/29/75,7.59,,7.13,,,,
1/30/75,7.54,,7.13,,,,
1/31/75,7.53,,7.13,,,,
2/3/75,7.49,,6.24,,,,
2/4/75,7.47,,6.24,,,,
2/5/75,7.35,,6.24,,,,
2/6/75,7.43,,6.24,,,,
2/7/75,7.38,,6.24,,,,
2/10/75,7.45,,6.24,,,,
2/11/75,7.42,,6.24,,,,
2/12/75,7.42,,6.24,,,,
2/13/75,7.44,,6.24,,,,
2/14/75,7.35,,6.24,,,,
2/17/75,7.35,,6.24,,,,
2/18/75,7.28,,6.24,,,,
2/19/75,7.26,,6.24,,,,
2/20/75,7.3,,6.24,,,,
2/21/75,7.22,,6.24,,,,
2/24/75,7.36,,6.24,,,,
2/25/75,7.43,,6.24,,,,
2/26/75,7.5,,6.24,,,,
2/27/75,7.47,,6.24,,,,
2/28/75,7.46,,6.24,,,,
3/3/75,7.5,,5.54,,,,
3/4/75,7.53,,5.54,,,,
3/5/75,7.48,,5.54,,,,
3/6/75,7.49,,5.54,,,,
3/7/75,7.52,,5.54,,,,
3/10/75,7.56,,5.54,,,,
3/11/75,7.58,,5.54,,,,
3/12/75,7.58,,5.54,,,,
3/13/75,7.56,,5.54,,,,
3/14/75,7.58,,5.54,,,,
3/17/75,7.7,,5.54,,,,
3/18/75,7.7,,5.54,,,,
3/19/75,7.8,,5.54,,,,
3/20/75,7.95,,5.54,,,,
3/21/75,7.84,,5.54,,,,
3/24/75,8.05,,5.54,,,,
3/25/75,8.03,,5.54,,,,
3/26/75,8.02,,5.54,,,,
3/27/75,8.08,,5.54,,,,
3/28/75,8.08,,5.54,,,,
3/31/75,8.01,,5.54,,,,
4/1/75,8.08,,5.49,,,,
4/2/75,8.22,,5.49,,,,
4/3/75,8.13,,5.49,,,,
4/4/75,8.15,,5.49,,,,
4/7/75,8.26,,5.49,,,,
4/8/75,8.21,,5.49,,,,
4/9/75,8.17,,5.49,,,,
4/10/75,8.19,,5.49,,,,
4/11/75,8.22,,5.49,,,,
4/14/75,8.16,,5.49,,,,
4/15/75,8.16,,5.49,,,,
4/16/75,8.15,,5.49,,,,
4/17/75,8.21,,5.49,,,,
4/18/75,8.27,,5.49,,,,
4/21/75,8.32,,5.49,,,,
4/22/75,8.32,,5.49,,,,
4/23/75,8.27,,5.49,,,,
4/24/75,8.25,,5.49,,,,
4/25/75,8.25,,5.49,,,,
4/28/75,8.35,,5.49,,,,
4/29/75,8.34,,5.49,,,,
4/30/75,8.31,,5.49,,,,
5/1/75,8.31,,5.22,,,,
5/2/75,8.11,,5.22,,,,
5/5/75,8.08,,5.22,,,,
5/6/75,8.11,,5.22,,,,
5/7/75,8.07,,5.22,,,,
5/8/75,8.09,,5.22,,,,
5/9/75,8.08,,5.22,,,,
5/12/75,8.07,,5.22,,,,
5/13/75,8.06,,5.22,,,,
5/14/75,8.02,,5.22,,,,
5/15/75,8.02,,5.22,,,,
5/16/75,8.01,,5.22,,,,
5/19/75,8,,5.22,,,,
5/20/75,7.98,,5.22,,,,
5/21/75,7.98,,5.22,,,,
5/22/75,8.02,,5.22,,,,
5/23/75,8.02,,5.22,,,,
5/26/75,8.02,,5.22,,,,
5/27/75,7.98,,5.22,,,,
5/28/75,8.02,,5.22,,,,
5/29/75,8.18,,5.22,,,,
5/30/75,8.04,,5.22,,,,
6/2/75,8.02,,5.55,,,,
6/3/75,8,,5.55,,,,
6/4/75,7.99,,5.55,,,,
6/5/75,7.97,,5.55,,,,
6/6/75,7.88,,5.55,,,,
6/9/75,7.78,,5.55,,,,
6/10/75,7.77,,5.55,,,,
6/11/75,7.65,,5.55,,,,
6/12/75,7.67,,5.55,,,,
6/13/75,7.69,,5.55,,,,
6/16/75,7.66,,5.55,,,,
6/17/75,7.72,,5.55,,,,
6/18/75,7.83,,5.55,,,,
6/19/75,7.8,,5.55,,,,
6/20/75,7.94,,5.55,,,,
6/23/75,7.9,,5.55,,,,
6/24/75,7.9,,5.55,,,,
6/25/75,8.02,,5.55,,,,
6/26/75,7.98,,5.55,,,,
6/27/75,7.95,,5.55,,,,
6/30/75,7.96,,5.55,,,,
7/1/75,7.97,,6.1,,,,
7/2/75,8.05,,6.1,,,,
7/3/75,8.05,,6.1,,,,
7/4/75,8.05,,6.1,,,,
7/7/75,8.06,,6.1,,,,
7/8/75,8.01,,6.1,,,,
7/9/75,8.02,,6.1,,,,
7/10/75,8.02,,6.1,,,,
7/11/75,7.99,,6.1,,,,
7/14/75,7.99,,6.1,,,,
7/15/75,7.98,,6.1,,,,
7/16/75,8.03,,6.1,,,,
7/17/75,8.04,,6.1,,,,
7/18/75,8.06,,6.1,,,,
7/21/75,8.07,,6.1,,,,
7/22/75,8.1,,6.1,,,,
7/23/75,8.09,,6.1,,,,
7/24/75,8.09,,6.1,,,,
7/25/75,8.12,,6.1,,,,
7/28/75,8.12,,6.1,,,,
7/29/75,8.13,,6.1,,,,
7/30/75,8.16,,6.1,,,,
7/31/75,8.2,,6.1,,,,
8/1/75,8.26,,6.14,,,,
8/4/75,8.37,,6.14,,,,
8/5/75,8.37,,6.14,,,,
8/6/75,8.4,,6.14,,,,
8/7/75,8.48,,6.14,,,,
8/8/75,8.4,,6.14,,,,
8/11/75,8.38,,6.14,,,,
8/12/75,8.4,,6.14,,,,
8/13/75,8.39,,6.14,,,,
8/14/75,8.45,,6.14,,,,
8/15/75,8.48,,6.14,,,,
8/18/75,8.46,,6.14,,,,
8/19/75,8.42,,6.14,,,,
8/20/75,8.42,,6.14,,,,
8/21/75,8.48,,6.14,,,,
8/22/75,8.46,,6.14,,,,
8/25/75,8.46,,6.14,,,,
8/26/75,8.4,,6.14,,,,
8/27/75,8.37,,6.14,,,,
8/28/75,8.28,,6.14,,,,
8/29/75,8.22,,6.14,,,,
9/1/75,8.22,,6.24,,,,
9/2/75,8.26,,6.24,,,,
9/3/75,8.29,,6.24,,,,
9/4/75,8.29,,6.24,,,,
9/5/75,8.35,,6.24,,,,
9/8/75,8.36,,6.24,,,,
9/9/75,8.4,,6.24,,,,
9/10/75,8.46,,6.24,,,,
9/11/75,8.55,,6.24,,,,
9/12/75,8.57,,6.24,,,,
9/15/75,8.58,,6.24,,,,
9/16/75,8.59,,6.24,,,,
9/17/75,8.53,,6.24,,,,
9/18/75,8.5,,6.24,,,,
9/19/75,8.42,,6.24,,,,
9/22/75,8.38,,6.24,,,,
9/23/75,8.35,,6.24,,,,
9/24/75,8.31,,6.24,,,,
9/25/75,8.38,,6.24,,,,
9/26/75,8.45,,6.24,,,,
9/29/75,8.46,,6.24,,,,
9/30/75,8.48,,6.24,,,,
10/1/75,8.47,,5.82,,,,
10/2/75,8.44,,5.82,,,,
10/3/75,8.33,,5.82,,,,
10/6/75,8.3,,5.82,,,,
10/7/75,8.33,,5.82,,,,
10/8/75,8.3,,5.82,,,,
10/9/75,8.23,,5.82,,,,
10/10/75,8.15,,5.82,,,,
10/13/75,8.15,,5.82,,,,
10/14/75,8.19,,5.82,,,,
10/15/75,8.19,,5.82,,,,
10/16/75,8.07,,5.82,,,,
10/17/75,8.07,,5.82,,,,
10/20/75,8.07,,5.82,,,,
10/21/75,8.05,,5.82,,,,
10/22/75,8.05,,5.82,,,,
10/23/75,7.99,,5.82,,,,
10/24/75,8,,5.82,,,,
10/27/75,8,,5.82,,,,
10/28/75,7.99,,5.82,,,,
10/29/75,7.98,,5.82,,,,
10/30/75,7.92,,5.82,,,,
10/31/75,7.91,,5.82,,,,
11/3/75,7.97,,5.22,,,,
11/4/75,7.97,,5.22,,,,
11/5/75,7.91,,5.22,,,,
11/6/75,7.94,,5.22,,,,
11/7/75,7.91,,5.22,,,,
11/10/75,7.9,,5.22,,,,
11/11/75,7.9,,5.22,,,,
11/12/75,7.95,,5.22,,,,
11/13/75,7.97,,5.22,,,,
11/14/75,8.06,,5.22,,,,
11/17/75,8.08,,5.22,,,,
11/18/75,8.13,,5.22,,,,
11/19/75,8.14,,5.22,,,,
11/20/75,8.12,,5.22,,,,
11/21/75,8.21,,5.22,,,,
11/24/75,8.16,,5.22,,,,
11/25/75,8.16,,5.22,,,,
11/26/75,8.15,,5.22,,,,
11/27/75,8.15,,5.22,,,,
11/28/75,8.14,,5.22,,,,
12/1/75,8.12,,5.2,,,,
12/2/75,8.1,,5.2,,,,
12/3/75,8.1,,5.2,,,,
12/4/75,8.15,,5.2,,,,
12/5/75,8.13,,5.2,,,,
12/8/75,8.19,,5.2,,,,
12/9/75,8.23,,5.2,,,,
12/10/75,8.23,,5.2,,,,
12/11/75,8.16,,5.2,,,,
12/12/75,8.12,,5.2,,,,
12/15/75,8.06,,5.2,,,,
12/16/75,8,,5.2,,,,
12/17/75,7.95,,5.2,,,,
12/18/75,7.96,,5.2,,,,
12/19/75,7.88,,5.2,,,,
12/22/75,7.87,,5.2,,,,
12/23/75,7.87,,5.2,,,,
12/24/75,7.82,,5.2,,,,
12/25/75,7.82,,5.2,,,,
12/26/75,7.75,,5.2,,,,
12/29/75,7.75,,5.2,,,,
12/30/75,7.73,,5.2,,,,
12/31/75,7.76,,5.2,,,,
1/1/76,7.76,,4.87,,,,
1/2/76,7.77,,4.87,,,,
1/5/76,7.74,,4.87,,,,
1/6/76,7.64,,4.87,,,,
1/7/76,7.69,,4.87,,,,
1/8/76,7.74,,4.87,,,,
1/9/76,7.64,,4.87,,,,
1/12/76,7.63,,4.87,,,,
1/13/76,7.64,,4.87,,,,
1/14/76,7.71,,4.87,,,,
1/15/76,7.73,,4.87,,,,
1/16/76,7.79,,4.87,,,,
1/19/76,7.76,,4.87,,,,
1/20/76,7.71,,4.87,,,,
1/21/76,7.78,,4.87,,,,
1/22/76,7.8,,4.87,,,,
1/23/76,7.78,,4.87,,,,
1/26/76,7.79,,4.87,,,,
1/27/76,7.8,,4.87,,,,
1/28/76,7.83,,4.87,,,,
1/29/76,7.82,,4.87,,,,
1/30/76,7.8,,4.87,,,,
2/2/76,7.8,,4.77,,,,
2/3/76,7.82,,4.77,,,,
2/4/76,7.85,,4.77,,,,
2/5/76,7.83,,4.77,,,,
2/6/76,7.88,,4.77,,,,
2/9/76,7.86,,4.77,,,,
2/10/76,7.88,,4.77,,,,
2/11/76,7.85,,4.77,,,,
2/12/76,7.85,,4.77,,,,
2/13/76,7.82,,4.77,,,,
2/16/76,7.82,,4.77,,,,
2/17/76,7.78,,4.77,,,,
2/18/76,7.79,,4.77,,,,
2/19/76,7.8,,4.77,,,,
2/20/76,7.77,,4.77,,,,
2/23/76,7.72,,4.77,,,,
2/24/76,7.69,,4.77,,,,
2/25/76,7.68,,4.77,,,,
2/26/76,7.68,,4.77,,,,
2/27/76,7.77,,4.77,,,,
3/1/76,7.86,,4.84,,,,
3/2/76,7.82,,4.84,,,,
3/3/76,7.82,,4.84,,,,
3/4/76,7.85,,4.84,,,,
3/5/76,7.8,,4.84,,,,
3/8/76,7.76,,4.84,,,,
3/9/76,7.78,,4.84,,,,
3/10/76,7.76,,4.84,,,,
3/11/76,7.77,,4.84,,,,
3/12/76,7.71,,4.84,,,,
3/15/76,7.74,,4.84,,,,
3/16/76,7.76,,4.84,,,,
3/17/76,7.76,,4.84,,,,
3/18/76,7.73,,4.84,,,,
3/19/76,7.74,,4.84,,,,
3/22/76,7.68,,4.84,,,,
3/23/76,7.67,,4.84,,,,
3/24/76,7.65,,4.84,,,,
3/25/76,7.64,,4.84,,,,
3/26/76,7.64,,4.84,,,,
3/29/76,7.64,,4.84,,,,
3/30/76,7.65,,4.84,,,,
3/31/76,7.66,,4.84,,,,
4/1/76,7.68,,4.82,,,,
4/2/76,7.67,,4.82,,,,
4/5/76,7.62,,4.82,,,,
4/6/76,7.59,,4.82,,,,
4/7/76,7.56,,4.82,,,,
4/8/76,7.55,,4.82,,,,
4/9/76,7.52,,4.82,,,,
4/12/76,7.52,,4.82,,,,
4/13/76,7.5,,4.82,,,,
4/14/76,7.47,,4.82,,,,
4/15/76,7.47,,4.82,,,,
4/16/76,7.47,,4.82,,,,
4/19/76,7.51,,4.82,,,,
4/20/76,7.5,,4.82,,,,
4/21/76,7.47,,4.82,,,,
4/22/76,7.52,,4.82,,,,
4/23/76,7.59,,4.82,,,,
4/26/76,7.61,,4.82,,,,
4/27/76,7.62,,4.82,,,,
4/28/76,7.6,,4.82,,,,
4/29/76,7.61,,4.82,,,,
4/30/76,7.67,,4.82,,,,
5/3/76,7.69,,5.29,,,,
5/4/76,7.66,,5.29,,,,
5/5/76,7.68,,5.29,,,,
5/6/76,7.78,,5.29,,,,
5/7/76,7.87,,5.29,,,,
5/10/76,7.92,,5.29,,,,
5/11/76,7.92,,5.29,,,,
5/12/76,7.94,,5.29,,,,
5/13/76,7.92,,5.29,,,,
5/14/76,7.93,,5.29,,,,
5/17/76,7.94,,5.29,,,,
5/18/76,7.94,,5.29,,,,
5/19/76,7.94,,5.29,,,,
5/20/76,7.95,,5.29,,,,
5/21/76,8,,5.29,,,,
5/24/76,7.98,,5.29,,,,
5/25/76,7.94,,5.29,,,,
5/26/76,7.95,,5.29,,,,
5/27/76,7.99,,5.29,,,,
5/28/76,7.96,,5.29,,,,
5/31/76,7.96,,5.29,,,,
6/1/76,7.94,7.26,5.48,0.68,,,
6/2/76,7.94,7.23,5.48,0.71,,,
6/3/76,7.92,7.22,5.48,0.7,,,
6/4/76,7.89,7.12,5.48,0.77,,,
6/7/76,7.88,7.09,5.48,0.79,,,
6/8/76,7.9,7.11,5.48,0.79,,,
6/9/76,7.9,7.08,5.48,0.82,,,
6/10/76,7.86,7,5.48,0.86,,,
6/11/76,7.86,7.03,5.48,0.83,,,
6/14/76,7.84,7.01,5.48,0.83,,,
6/15/76,7.85,7.02,5.48,0.83,,,
6/16/76,7.87,7.06,5.48,0.81,,,
6/17/76,7.85,7.06,5.48,0.79,,,
6/18/76,7.81,6.99,5.48,0.82,,,
6/21/76,7.8,6.95,5.48,0.85,,,
6/22/76,7.81,7.01,5.48,0.8,,,
6/23/76,7.81,7.01,5.48,0.8,,,
6/24/76,7.81,6.99,5.48,0.82,,,
6/25/76,7.83,7.02,5.48,0.81,,,
6/28/76,7.86,7.02,5.48,0.84,,,
6/29/76,7.86,7.02,5.48,0.84,,,
6/30/76,7.86,7.02,5.48,0.84,,,
7/1/76,7.88,7.02,5.31,0.86,,,
7/2/76,7.84,6.99,5.31,0.85,,,
7/5/76,7.84,6.99,5.31,0.85,,,
7/6/76,7.82,6.96,5.31,0.86,,,
7/7/76,7.84,6.99,5.31,0.85,,,
7/8/76,7.82,6.92,5.31,0.9,,,
7/9/76,7.78,6.77,5.31,1.01,,,
7/12/76,7.76,6.72,5.31,1.04,,,
7/13/76,7.77,6.74,5.31,1.03,,,
7/14/76,7.79,6.76,5.31,1.03,,,
7/15/76,7.77,6.72,5.31,1.05,,,
7/16/76,7.83,6.85,5.31,0.98,,,
7/19/76,7.86,6.89,5.31,0.97,,,
7/20/76,7.87,6.91,5.31,0.96,,,
7/21/76,7.86,6.9,5.31,0.96,,,
7/22/76,7.86,6.91,5.31,0.95,,,
7/23/76,7.84,6.9,5.31,0.94,,,
7/26/76,7.87,6.86,5.31,1.01,,,
7/27/76,7.85,6.76,5.31,1.09,,,
7/28/76,7.85,6.79,5.31,1.06,,,
7/29/76,7.85,6.75,5.31,1.1,,,
7/30/76,7.86,6.74,5.31,1.12,,,
8/2/76,7.85,6.75,5.29,1.1,,,
8/3/76,7.82,6.72,5.29,1.1,,,
8/4/76,7.81,6.73,5.29,1.08,,,
8/5/76,7.82,6.74,5.29,1.08,,,
8/6/76,7.84,6.71,5.29,1.13,,,
8/9/76,7.84,6.68,5.29,1.16,,,
8/10/76,7.84,6.68,5.29,1.16,,,
8/11/76,7.82,6.66,5.29,1.16,,,
8/12/76,7.81,6.64,5.29,1.17,,,
8/13/76,7.78,6.6,5.29,1.18,,,
8/16/76,7.74,6.57,5.29,1.17,,,
8/17/76,7.75,6.57,5.29,1.18,,,
8/18/76,7.76,6.59,5.29,1.17,,,
8/19/76,7.76,6.61,5.29,1.15,,,
8/20/76,7.76,6.68,5.29,1.08,,,
8/23/76,7.73,6.62,5.29,1.11,,,
8/24/76,7.72,6.6,5.29,1.12,,,
8/25/76,7.69,6.53,5.29,1.16,,,
8/26/76,7.68,6.54,5.29,1.14,,,
8/27/76,7.72,6.6,5.29,1.12,,,
8/30/76,7.71,6.57,5.29,1.14,,,
8/31/76,7.66,6.5,5.29,1.16,,,
9/1/76,7.64,6.5,5.25,1.14,,,
9/2/76,7.67,6.54,5.25,1.13,,,
9/3/76,7.65,6.52,5.25,1.13,,,
9/6/76,7.65,6.52,5.25,1.13,,,
9/7/76,7.64,6.46,5.25,1.18,,,
9/8/76,7.64,6.44,5.25,1.2,,,
9/9/76,7.66,6.49,5.25,1.17,,,
9/10/76,7.64,6.46,5.25,1.18,,,
9/13/76,7.64,6.47,5.25,1.17,,,
9/14/76,7.64,6.49,5.25,1.15,,,
9/15/76,7.62,6.45,5.25,1.17,,,
9/16/76,7.6,6.41,5.25,1.19,,,
9/17/76,7.49,6.26,5.25,1.23,,,
9/20/76,7.52,6.34,5.25,1.18,,,
9/21/76,7.51,6.3,5.25,1.21,,,
9/22/76,7.53,6.36,5.25,1.17,,,
9/23/76,7.54,6.35,5.25,1.19,,,
9/24/76,7.58,6.44,5.25,1.14,,,
9/27/76,7.6,6.41,5.25,1.19,,,
9/28/76,7.56,6.36,5.25,1.2,,,
9/29/76,7.56,6.36,5.25,1.2,,,
9/30/76,7.55,6.33,5.25,1.22,,,
10/1/76,7.49,6.24,5.02,1.25,,,
10/4/76,7.46,6.19,5.02,1.27,,,
10/5/76,7.47,6.19,5.02,1.28,,,
10/6/76,7.44,6.11,5.02,1.33,,,
10/7/76,7.43,6.09,5.02,1.34,,,
10/8/76,7.38,5.87,5.02,1.51,,,
10/11/76,7.38,5.87,5.02,1.51,,,
10/12/76,7.35,5.8,5.02,1.55,,,
10/13/76,7.35,5.82,5.02,1.53,,,
10/14/76,7.34,5.81,5.02,1.53,,,
10/15/76,7.31,5.75,5.02,1.56,,,
10/18/76,7.31,5.77,5.02,1.54,,,
10/19/76,7.35,5.85,5.02,1.5,,,
10/20/76,7.38,5.95,5.02,1.43,,,
10/21/76,7.39,5.98,5.02,1.41,,,
10/22/76,7.48,6.07,5.02,1.41,,,
10/25/76,7.53,6.11,5.02,1.42,,,
10/26/76,7.48,6.05,5.02,1.43,,,
10/27/76,7.45,6.01,5.02,1.44,,,
10/28/76,7.41,5.99,5.02,1.42,,,
10/29/76,7.42,6.03,5.02,1.39,,,
11/1/76,7.38,6.03,4.95,1.35,,,
11/2/76,7.38,6.03,4.95,1.35,,,
11/3/76,7.44,6.07,4.95,1.37,,,
11/4/76,7.38,5.95,4.95,1.43,,,
11/5/76,7.41,6.01,4.95,1.4,,,
11/8/76,7.46,6.04,4.95,1.42,,,
11/9/76,7.46,6.07,4.95,1.39,,,
11/10/76,7.45,6.03,4.95,1.42,,,
11/11/76,7.45,6.03,4.95,1.42,,,
11/12/76,7.43,6.01,4.95,1.42,,,
11/15/76,7.41,6,4.95,1.41,,,
11/16/76,7.33,5.86,4.95,1.47,,,
11/17/76,7.32,5.82,4.95,1.5,,,
11/18/76,7.33,5.83,4.95,1.5,,,
11/19/76,7.24,5.67,4.95,1.57,,,
11/22/76,7.17,5.56,4.95,1.61,,,
11/23/76,7.16,5.59,4.95,1.57,,,
11/24/76,7.14,5.56,4.95,1.58,,,
11/25/76,7.14,5.56,4.95,1.58,,,
11/26/76,6.99,5.41,4.95,1.58,,,
11/29/76,7.02,5.46,4.95,1.56,,,
11/30/76,7.01,5.42,4.95,1.59,,,
12/1/76,6.97,5.4,4.65,1.57,,,
12/2/76,6.92,5.34,4.65,1.58,,,
12/3/76,6.86,5.31,4.65,1.55,,,
12/6/76,6.87,5.37,4.65,1.5,,,
12/7/76,6.88,5.41,4.65,1.47,,,
12/8/76,6.91,5.43,4.65,1.48,,,
12/9/76,6.92,5.44,4.65,1.48,,,
12/10/76,6.82,5.31,4.65,1.51,,,
12/13/76,6.9,5.43,4.65,1.47,,,
12/14/76,6.89,5.39,4.65,1.5,,,
12/15/76,6.88,5.38,4.65,1.5,,,
12/16/76,6.88,5.4,4.65,1.48,,,
12/17/76,6.88,5.4,4.65,1.48,,,
12/20/76,6.84,5.34,4.65,1.5,,,
12/21/76,6.85,5.37,4.65,1.48,,,
12/22/76,6.86,5.34,4.65,1.52,,,
12/23/76,6.84,5.36,4.65,1.48,,,
12/24/76,6.84,5.36,4.65,1.48,,,
12/27/76,6.84,5.37,4.65,1.47,,,
12/28/76,6.86,5.39,4.65,1.47,,,
12/29/76,6.84,5.39,4.65,1.45,,,
12/30/76,6.8,5.38,4.65,1.42,,,
12/31/76,6.81,5.34,4.65,1.47,,,
1/3/77,6.84,5.42,4.61,1.42,,,
1/4/77,6.9,5.5,4.61,1.4,,,
1/5/77,6.88,5.48,4.61,1.4,,,
1/6/77,6.93,5.57,4.61,1.36,,,
1/7/77,7.07,5.68,4.61,1.39,,,
1/10/77,7.2,5.79,4.61,1.41,,,
1/11/77,7.28,5.87,4.61,1.41,,,
1/12/77,7.26,5.84,4.61,1.42,,,
1/13/77,7.18,5.79,4.61,1.39,,,
1/14/77,7.28,5.96,4.61,1.32,,,
1/17/77,7.28,5.98,4.61,1.3,,,
1/18/77,7.34,6.04,4.61,1.3,,,
1/19/77,7.28,6.02,4.61,1.26,,,
1/20/77,7.26,6.01,4.61,1.25,,,
1/21/77,7.28,6.02,4.61,1.26,,,
1/24/77,7.34,6.09,4.61,1.25,,,
1/25/77,7.32,6.08,4.61,1.24,,,
1/26/77,7.33,6.09,4.61,1.24,,,
1/27/77,7.43,6.26,4.61,1.17,,,
1/28/77,7.4,6.22,4.61,1.18,,,
1/31/77,7.4,6.18,4.61,1.22,,,
2/1/77,7.41,6.2,4.68,1.21,,,
2/2/77,7.47,6.28,4.68,1.19,,,
2/3/77,7.46,6.2,4.68,1.26,,,
2/4/77,7.28,6.03,4.68,1.25,,,
2/7/77,7.34,6.04,4.68,1.3,,,
2/8/77,7.35,6.06,4.68,1.29,,,
2/9/77,7.34,6.01,4.68,1.33,,,
2/10/77,7.34,6.04,4.68,1.3,,,
2/11/77,7.36,6.02,4.68,1.34,,,
2/14/77,7.38,6.06,4.68,1.32,,,
2/15/77,7.36,6.04,4.68,1.32,,,
2/16/77,7.34,6.02,4.68,1.32,,,
2/17/77,7.26,5.99,4.68,1.27,,,
2/18/77,7.41,6.06,4.68,1.35,,,
2/21/77,7.41,6.06,4.68,1.35,,,
2/22/77,7.42,6.09,4.68,1.33,,,
2/23/77,7.48,6.12,4.68,1.36,,,
2/24/77,7.5,6.2,4.68,1.3,,,
2/25/77,7.48,6.14,4.68,1.34,,,
2/28/77,7.45,6.08,4.68,1.37,,,
3/1/77,7.49,6.16,4.69,1.33,,,
3/2/77,7.45,6.12,4.69,1.33,,,
3/3/77,7.43,6.08,4.69,1.35,,,
3/4/77,7.48,6.1,4.69,1.38,,,
3/7/77,7.5,6.12,4.69,1.38,,,
3/8/77,7.52,6.14,4.69,1.38,,,
3/9/77,7.5,6.12,4.69,1.38,,,
3/10/77,7.49,6.11,4.69,1.38,,,
3/11/77,7.44,6.09,4.69,1.35,,,
3/14/77,7.45,6.06,4.69,1.39,,,
3/15/77,7.44,6.06,4.69,1.38,,,
3/16/77,7.44,6.08,4.69,1.36,,,
3/17/77,7.47,6.14,4.69,1.33,,,
3/18/77,7.44,6.08,4.69,1.36,,,
3/21/77,7.43,6.03,4.69,1.4,,,
3/22/77,7.43,6.04,4.69,1.39,,,
3/23/77,7.44,6.04,4.69,1.4,,,
3/24/77,7.46,6.07,4.69,1.39,,,
3/25/77,7.48,6.1,4.69,1.38,,,
3/28/77,7.47,6.11,4.69,1.36,,,
3/29/77,7.47,6.08,4.69,1.39,,,
3/30/77,7.44,6.05,4.69,1.39,,,
3/31/77,7.42,6.01,4.69,1.41,,,
4/1/77,7.43,6.02,4.73,1.41,,,
4/4/77,7.44,6.03,4.73,1.41,,,
4/5/77,7.47,6.01,4.73,1.46,,,
4/6/77,7.46,6.04,4.73,1.42,,,
4/7/77,7.43,6.02,4.73,1.41,,,
4/8/77,7.43,6.02,4.73,1.41,,,
4/11/77,7.39,5.96,4.73,1.43,,,
4/12/77,7.39,5.98,4.73,1.41,,,
4/13/77,7.36,5.96,4.73,1.4,,,
4/14/77,7.22,5.73,4.73,1.49,,,
4/15/77,7.25,5.78,4.73,1.47,,,
4/18/77,7.25,5.8,4.73,1.45,,,
4/19/77,7.3,5.87,4.73,1.43,,,
4/20/77,7.32,5.95,4.73,1.37,,,
4/21/77,7.33,5.94,4.73,1.39,,,
4/22/77,7.36,5.99,4.73,1.37,,,
4/25/77,7.4,6.01,4.73,1.39,,,
4/26/77,7.38,6,4.73,1.38,,,
4/27/77,7.38,6.01,4.73,1.37,,,
4/28/77,7.4,6.03,4.73,1.37,,,
4/29/77,7.45,6.14,4.73,1.31,,,
5/2/77,7.45,6.15,5.35,1.3,,,
5/3/77,7.44,6.15,5.35,1.29,,,
5/4/77,7.45,6.11,5.35,1.34,,,
5/5/77,7.47,6.16,5.35,1.31,,,
5/6/77,7.5,6.24,5.35,1.26,,,
5/9/77,7.5,6.25,5.35,1.25,,,
5/10/77,7.52,6.27,5.35,1.25,,,
5/11/77,7.52,6.34,5.35,1.18,,,
5/12/77,7.5,6.32,5.35,1.18,,,
5/13/77,7.48,6.28,5.35,1.2,,,
5/16/77,7.46,6.26,5.35,1.2,,,
5/17/77,7.45,6.25,5.35,1.2,,,
5/18/77,7.43,6.24,5.35,1.19,,,
5/19/77,7.49,6.37,5.35,1.12,,,
5/20/77,7.49,6.43,5.35,1.06,,,
5/23/77,7.46,6.38,5.35,1.08,,,
5/24/77,7.41,6.3,5.35,1.11,,,
5/25/77,7.39,6.23,5.35,1.16,,,
5/26/77,7.42,6.24,5.35,1.18,,,
5/27/77,7.38,6.2,5.35,1.18,,,
5/30/77,7.38,6.2,5.35,1.18,,,
5/31/77,7.38,6.18,5.35,1.2,,,
6/1/77,7.38,6.24,5.39,1.14,,,
6/2/77,7.39,6.2,5.39,1.19,,,
6/3/77,7.36,6.19,5.39,1.17,,,
6/6/77,7.37,6.18,5.39,1.19,,,
6/7/77,7.36,6.17,5.39,1.19,,,
6/8/77,7.36,6.15,5.39,1.21,,,
6/9/77,7.35,6.16,5.39,1.19,,,
6/10/77,7.3,6.15,5.39,1.15,,,
6/13/77,7.27,6.13,5.39,1.14,,,
6/14/77,7.22,6.08,5.39,1.14,,,
6/15/77,7.23,6.11,5.39,1.12,,,
6/16/77,7.24,6.12,5.39,1.12,,,
6/17/77,7.24,6.1,5.39,1.14,,,
6/20/77,7.27,6.11,5.39,1.16,,,
6/21/77,7.26,6.12,5.39,1.14,,,
6/22/77,7.25,6.12,5.39,1.13,,,
6/23/77,7.26,6.12,5.39,1.14,,,
6/24/77,7.2,6.1,5.39,1.1,,,
6/27/77,7.2,6.06,5.39,1.14,,,
6/28/77,7.16,6.06,5.39,1.1,,,
6/29/77,7.19,6.05,5.39,1.14,,,
6/30/77,7.2,6.08,5.39,1.12,,,
7/1/77,7.34,6.12,5.42,1.22,,,
7/4/77,7.34,6.12,5.42,1.22,,,
7/5/77,7.35,6.12,5.42,1.23,,,
7/6/77,7.37,6.14,5.42,1.23,,,
7/7/77,7.29,6.15,5.42,1.14,,,
7/8/77,7.31,6.19,5.42,1.12,,,
7/11/77,7.33,6.22,5.42,1.11,,,
7/12/77,7.32,6.22,5.42,1.1,,,
7/13/77,7.28,6.19,5.42,1.09,,,
7/14/77,7.28,6.19,5.42,1.09,,,
7/15/77,7.31,6.26,5.42,1.05,,,
7/18/77,7.34,6.3,5.42,1.04,,,
7/19/77,7.33,6.31,5.42,1.02,,,
7/20/77,7.32,6.35,5.42,0.97,,,
7/21/77,7.32,6.38,5.42,0.94,,,
7/22/77,7.31,6.35,5.42,0.96,,,
7/25/77,7.28,6.29,5.42,0.99,,,
7/26/77,7.28,6.28,5.42,1,,,
7/27/77,7.36,6.37,5.42,0.99,,,
7/28/77,7.41,6.48,5.42,0.93,,,
7/29/77,7.42,6.5,5.42,0.92,,,
8/1/77,7.43,6.49,5.9,0.94,,,
8/2/77,7.44,6.54,5.9,0.9,,,
8/3/77,7.42,6.53,5.9,0.89,,,
8/4/77,7.43,6.52,5.9,0.91,,,
8/5/77,7.42,6.53,5.9,0.89,,,
8/8/77,7.41,6.52,5.9,0.89,,,
8/9/77,7.45,6.58,5.9,0.87,,,
8/10/77,7.46,6.59,5.9,0.87,,,
8/11/77,7.47,6.64,5.9,0.83,,,
8/12/77,7.48,6.68,5.9,0.8,,,
8/15/77,7.48,6.71,5.9,0.77,,,
8/16/77,7.48,6.74,5.9,0.74,,,
8/17/77,7.44,6.72,5.9,0.72,,,
8/18/77,7.42,6.68,5.9,0.74,,,
8/19/77,7.4,6.67,5.9,0.73,,,
8/22/77,7.39,6.66,5.9,0.73,,,
8/23/77,7.36,6.64,5.9,0.72,,,
8/24/77,7.35,6.67,5.9,0.68,,,
8/25/77,7.32,6.62,5.9,0.7,,,
8/26/77,7.27,6.62,5.9,0.65,,,
8/29/77,7.25,6.56,5.9,0.69,,,
8/30/77,7.27,6.56,5.9,0.71,,,
8/31/77,7.28,6.59,5.9,0.69,,,
9/1/77,7.3,6.57,6.14,0.73,,,
9/2/77,7.24,6.53,6.14,0.71,,,
9/5/77,7.24,6.53,6.14,0.71,,,
9/6/77,7.24,6.52,6.14,0.72,,,
9/7/77,7.26,6.54,6.14,0.72,,,
9/8/77,7.28,6.54,6.14,0.74,,,
9/9/77,7.36,6.76,6.14,0.6,,,
9/12/77,7.38,6.78,6.14,0.6,,,
9/13/77,7.37,6.75,6.14,0.62,,,
9/14/77,7.34,6.74,6.14,0.6,,,
9/15/77,7.33,6.7,6.14,0.63,,,
9/16/77,7.32,6.68,6.14,0.64,,,
9/19/77,7.32,6.66,6.14,0.66,,,
9/20/77,7.36,6.7,6.14,0.66,,,
9/21/77,7.36,6.71,6.14,0.65,,,
9/22/77,7.39,6.85,6.14,0.54,,,
9/23/77,7.39,6.86,6.14,0.53,,,
9/26/77,7.42,6.89,6.14,0.53,,,
9/27/77,7.38,6.8,6.14,0.58,,,
9/28/77,7.38,6.81,6.14,0.57,,,
9/29/77,7.39,6.79,6.14,0.6,,,
9/30/77,7.41,6.82,6.14,0.59,,,
10/3/77,7.41,6.84,6.47,0.57,,,
10/4/77,7.4,6.84,6.47,0.56,,,
10/5/77,7.4,6.86,6.47,0.54,,,
10/6/77,7.44,6.89,6.47,0.55,,,
10/7/77,7.48,6.96,6.47,0.52,,,
10/10/77,7.48,6.96,6.47,0.52,,,
10/11/77,7.54,7.06,6.47,0.48,,,
10/12/77,7.54,7.14,6.47,0.4,,,
10/13/77,7.54,7.19,6.47,0.35,,,
10/14/77,7.54,7.17,6.47,0.37,,,
10/17/77,7.55,7.22,6.47,0.33,,,
10/18/77,7.55,7.23,6.47,0.32,,,
10/19/77,7.54,7.22,6.47,0.32,,,
10/20/77,7.54,7.2,6.47,0.34,,,
10/21/77,7.55,7.22,6.47,0.33,,,
10/24/77,7.56,7.2,6.47,0.36,,,
10/25/77,7.58,7.2,6.47,0.38,,,
10/26/77,7.57,7.17,6.47,0.4,,,
10/27/77,7.56,7.14,6.47,0.42,,,
10/28/77,7.56,7.14,6.47,0.42,,,
10/31/77,7.62,7.23,6.47,0.39,,,
11/1/77,7.63,7.23,6.51,0.4,,,
11/2/77,7.69,7.24,6.51,0.45,,,
11/3/77,7.68,7.22,6.51,0.46,,,
11/4/77,7.64,7.2,6.51,0.44,,,
11/7/77,7.62,7.17,6.51,0.45,,,
11/8/77,7.62,7.17,6.51,0.45,,,
11/9/77,7.6,7.16,6.51,0.44,,,
11/10/77,7.59,7.15,6.51,0.44,,,
11/11/77,7.59,7.15,6.51,0.44,,,
11/14/77,7.56,7.1,6.51,0.46,,,
11/15/77,7.56,7.11,6.51,0.45,,,
11/16/77,7.55,7.12,6.51,0.43,,,
11/17/77,7.54,7.1,6.51,0.44,,,
11/18/77,7.54,7.11,6.51,0.43,,,
11/21/77,7.56,7.12,6.51,0.44,,,
11/22/77,7.54,7.14,6.51,0.4,,,
11/23/77,7.52,7.11,6.51,0.41,,,
11/24/77,7.52,7.11,6.51,0.41,,,
11/25/77,7.52,7.1,6.51,0.42,,,
11/28/77,7.53,7.11,6.51,0.42,,,
11/29/77,7.55,7.11,6.51,0.44,,,
11/30/77,7.55,7.11,6.51,0.44,,,
12/1/77,7.58,7.13,6.56,0.45,,,
12/2/77,7.59,7.15,6.56,0.44,,,
12/5/77,7.6,7.15,6.56,0.45,,,
12/6/77,7.63,7.15,6.56,0.48,,,
12/7/77,7.63,7.16,6.56,0.47,,,
12/8/77,7.64,7.16,6.56,0.48,,,
12/9/77,7.63,7.15,6.56,0.48,,,
12/12/77,7.64,7.16,6.56,0.48,,,
12/13/77,7.65,7.16,6.56,0.49,,,
12/14/77,7.66,7.16,6.56,0.5,,,
12/15/77,7.67,7.14,6.56,0.53,,,
12/16/77,7.67,7.13,6.56,0.54,,,
12/19/77,7.69,7.13,6.56,0.56,,,
12/20/77,7.74,7.14,6.56,0.6,,,
12/21/77,7.72,7.16,6.56,0.56,,,
12/22/77,7.75,7.26,6.56,0.49,,,
12/23/77,7.75,7.24,6.56,0.51,,,
12/26/77,7.75,7.24,6.56,0.51,,,
12/27/77,7.77,7.25,6.56,0.52,,,
12/28/77,7.78,7.25,6.56,0.53,,,
12/29/77,7.82,7.26,6.56,0.56,,,
12/30/77,7.78,7.22,6.56,0.56,,,
1/2/78,7.78,7.22,6.7,0.56,,,
1/3/78,7.83,7.24,6.7,0.59,,,
1/4/78,7.82,7.24,6.7,0.58,,,
1/5/78,7.83,7.26,6.7,0.57,,,
1/6/78,7.85,7.28,6.7,0.57,,,
1/9/78,8.01,7.58,6.7,0.43,,,
1/10/78,8.02,7.58,6.7,0.44,,,
1/11/78,8.03,7.6,6.7,0.43,,,
1/12/78,8.02,7.6,6.7,0.42,,,
1/13/78,7.98,7.57,6.7,0.41,,,
1/16/78,7.98,7.55,6.7,0.43,,,
1/17/78,7.98,7.54,6.7,0.44,,,
1/18/78,7.98,7.54,6.7,0.44,,,
1/19/78,7.97,7.55,6.7,0.42,,,
1/20/78,7.97,7.55,6.7,0.42,,,
1/23/78,7.97,7.53,6.7,0.44,,,
1/24/78,7.99,7.53,6.7,0.46,,,
1/25/78,8,7.53,6.7,0.47,,,
1/26/78,7.98,7.51,6.7,0.47,,,
1/27/78,7.97,7.48,6.7,0.49,,,
1/30/78,7.96,7.47,6.7,0.49,,,
1/31/78,7.94,7.47,6.7,0.47,,,
2/1/78,7.96,7.47,6.78,0.49,,,
2/2/78,7.96,7.48,6.78,0.48,,,
2/3/78,7.97,7.48,6.78,0.49,,,
2/6/78,7.99,7.5,6.78,0.49,,,
2/7/78,7.99,7.52,6.78,0.47,,,
2/8/78,8,7.52,6.78,0.48,,,
2/9/78,8.01,7.52,6.78,0.49,,,
2/10/78,8.02,7.53,6.78,0.49,,,
2/13/78,8.02,7.53,6.78,0.49,,,
2/14/78,8.05,7.57,6.78,0.48,,,
2/15/78,8.08,7.59,6.78,0.49,,,
2/16/78,8.1,7.64,6.78,0.46,,,
2/17/78,8.09,7.63,6.78,0.46,,,
2/20/78,8.09,7.63,6.78,0.46,,,
2/21/78,8.1,7.65,6.78,0.45,,,
2/22/78,8.1,7.65,6.78,0.45,,,
2/23/78,8.08,7.65,6.78,0.43,,,
2/24/78,8.04,7.61,6.78,0.43,,,
2/27/78,8.02,7.59,6.78,0.43,,,
2/28/78,8.04,7.57,6.78,0.47,,,
3/1/78,8.05,7.59,6.79,0.46,,,
3/2/78,8.04,7.59,6.79,0.45,,,
3/3/78,8.04,7.59,6.79,0.45,,,
3/6/78,8.05,7.58,6.79,0.47,,,
3/7/78,8.03,7.56,6.79,0.47,,,
3/8/78,8.03,7.54,6.79,0.49,,,
3/9/78,8.02,7.56,6.79,0.46,,,
3/10/78,8,7.54,6.79,0.46,,,
3/13/78,7.99,7.54,6.79,0.45,,,
3/14/78,7.99,7.54,6.79,0.45,,,
3/15/78,8,7.54,6.79,0.46,,,
3/16/78,8,7.54,6.79,0.46,,,
3/17/78,8,7.55,6.79,0.45,,,
3/20/78,7.97,7.53,6.79,0.44,,,
3/21/78,7.97,7.53,6.79,0.44,,,
3/22/78,7.98,7.54,6.79,0.44,,,
3/23/78,8.01,7.56,6.79,0.45,,,
3/24/78,8.01,7.56,6.79,0.45,,,
3/27/78,8.12,7.61,6.79,0.51,,,
3/28/78,8.12,7.64,6.79,0.48,,,
3/29/78,8.11,7.64,6.79,0.47,,,
3/30/78,8.12,7.64,6.79,0.48,,,
3/31/78,8.15,7.7,6.79,0.45,,,
4/3/78,8.13,7.69,6.89,0.44,,,
4/4/78,8.12,7.69,6.89,0.43,,,
4/5/78,8.14,7.72,6.89,0.42,,,
4/6/78,8.16,7.73,6.89,0.43,,,
4/7/78,8.14,7.72,6.89,0.42,,,
4/10/78,8.15,7.72,6.89,0.43,,,
4/11/78,8.16,7.71,6.89,0.45,,,
4/12/78,8.16,7.69,6.89,0.47,,,
4/13/78,8.15,7.67,6.89,0.48,,,
4/14/78,8.12,7.61,6.89,0.51,,,
4/17/78,8.08,7.6,6.89,0.48,,,
4/18/78,8.08,7.62,6.89,0.46,,,
4/19/78,8.13,7.77,6.89,0.36,,,
4/20/78,8.14,7.79,6.89,0.35,,,
4/21/78,8.16,7.81,6.89,0.35,,,
4/24/78,8.18,7.82,6.89,0.36,,,
4/25/78,8.18,7.8,6.89,0.38,,,
4/26/78,8.22,7.85,6.89,0.37,,,
4/27/78,8.24,7.89,6.89,0.35,,,
4/28/78,8.24,7.97,6.89,0.27,,,
5/1/78,8.24,7.91,7.36,0.33,,,
5/2/78,8.25,7.91,7.36,0.34,,,
5/3/78,8.28,7.91,7.36,0.37,,,
5/4/78,8.27,7.9,7.36,0.37,,,
5/5/78,8.34,7.96,7.36,0.38,,,
5/8/78,8.35,7.98,7.36,0.37,,,
5/9/78,8.34,7.98,7.36,0.36,,,
5/10/78,8.34,7.98,7.36,0.36,,,
5/11/78,8.34,8,7.36,0.34,,,
5/12/78,8.36,8,7.36,0.36,,,
5/15/78,8.35,7.98,7.36,0.37,,,
5/16/78,8.34,7.97,7.36,0.37,,,
5/17/78,8.33,7.98,7.36,0.35,,,
5/18/78,8.37,8.04,7.36,0.33,,,
5/19/78,8.38,8.07,7.36,0.31,,,
5/22/78,8.38,8.07,7.36,0.31,,,
5/23/78,8.37,8.07,7.36,0.3,,,
5/24/78,8.39,8.1,7.36,0.29,,,
5/25/78,8.4,8.1,7.36,0.3,,,
5/26/78,8.42,8.1,7.36,0.32,,,
5/29/78,8.42,8.1,7.36,0.32,,,
5/30/78,0,0,7.36,0,,,
5/31/78,8.42,8.12,7.36,0.3,,,
6/1/78,8.41,8.12,7.6,0.29,,,
6/2/78,8.39,8.09,7.6,0.3,,,
6/5/78,8.38,8.07,7.6,0.31,,,
6/6/78,8.37,8.07,7.6,0.3,,,
6/7/78,8.37,8.07,7.6,0.3,,,
6/8/78,8.38,8.07,7.6,0.31,,,
6/9/78,8.41,8.09,7.6,0.32,,,
6/12/78,8.4,8.11,7.6,0.29,,,
6/13/78,8.41,8.11,7.6,0.3,,,
6/14/78,8.41,8.12,7.6,0.29,,,
6/15/78,8.41,8.12,7.6,0.29,,,
6/16/78,8.43,8.19,7.6,0.24,,,
6/19/78,8.45,8.25,7.6,0.2,,,
6/20/78,8.47,8.27,7.6,0.2,,,
6/21/78,8.5,8.41,7.6,0.09,,,
6/22/78,8.5,8.41,7.6,0.09,,,
6/23/78,8.55,8.44,7.6,0.11,,,
6/26/78,8.59,8.48,7.6,0.11,,,
6/27/78,8.58,8.44,7.6,0.14,,,
6/28/78,8.57,8.44,7.6,0.13,,,
6/29/78,8.57,8.42,7.6,0.15,,,
6/30/78,8.62,8.48,7.6,0.14,,,
7/3/78,8.59,8.44,7.81,0.15,,,
7/4/78,8.59,8.44,7.81,0.15,,,
7/5/78,8.62,8.44,7.81,0.18,,,
7/6/78,8.62,8.44,7.81,0.18,,,
7/7/78,8.66,8.48,7.81,0.18,,,
7/10/78,8.68,8.5,7.81,0.18,,,
7/11/78,8.68,8.48,7.81,0.2,,,
7/12/78,8.67,8.48,7.81,0.19,,,
7/13/78,8.68,8.5,7.81,0.18,,,
7/14/78,8.68,8.51,7.81,0.17,,,
7/17/78,8.65,8.48,7.81,0.17,,,
7/18/78,8.63,8.46,7.81,0.17,,,
7/19/78,8.62,8.46,7.81,0.16,,,
7/20/78,8.66,8.5,7.81,0.16,,,
7/21/78,8.67,8.59,7.81,0.08,,,
7/24/78,8.67,8.57,7.81,0.1,,,
7/25/78,8.67,8.55,7.81,0.12,,,
7/26/78,8.66,8.52,7.81,0.14,,,
7/27/78,8.58,8.47,7.81,0.11,,,
7/28/78,8.55,8.45,7.81,0.1,,,
7/31/78,8.56,8.47,7.81,0.09,,,
8/1/78,8.54,8.45,8.04,0.09,,,
8/2/78,8.44,8.4,8.04,0.04,,,
8/3/78,8.39,8.26,8.04,0.13,,,
8/4/78,8.38,8.26,8.04,0.12,,,
8/7/78,8.36,8.18,8.04,0.18,,,
8/8/78,8.35,8.19,8.04,0.16,,,
8/9/78,8.34,8.17,8.04,0.17,,,
8/10/78,8.45,8.24,8.04,0.21,,,
8/11/78,8.44,8.25,8.04,0.19,,,
8/14/78,8.45,8.29,8.04,0.16,,,
8/15/78,8.46,8.29,8.04,0.17,,,
8/16/78,8.55,8.5,8.04,0.05,,,
8/17/78,8.48,8.48,8.04,0,,,
8/18/78,8.46,8.5,8.04,-0.04,,,
8/21/78,8.41,8.47,8.04,-0.06,,,
8/22/78,8.41,8.47,8.04,-0.06,,,
8/23/78,8.32,8.42,8.04,-0.1,,,
8/24/78,8.35,8.41,8.04,-0.06,,,
8/25/78,8.34,8.41,8.04,-0.07,,,
8/28/78,8.35,8.41,8.04,-0.06,,,
8/29/78,8.37,8.44,8.04,-0.07,,,
8/30/78,8.42,8.48,8.04,-0.06,,,
8/31/78,8.39,8.46,8.04,-0.07,,,
9/1/78,8.38,8.5,8.45,-0.12,,,
9/4/78,8.38,8.5,8.45,-0.12,,,
9/5/78,8.34,8.46,8.45,-0.12,,,
9/6/78,8.35,8.44,8.45,-0.09,,,
9/7/78,8.34,8.44,8.45,-0.1,,,
9/8/78,8.34,8.46,8.45,-0.12,,,
9/11/78,8.31,8.43,8.45,-0.12,,,
9/12/78,8.29,8.45,8.45,-0.16,,,
9/13/78,8.3,8.45,8.45,-0.15,,,
9/14/78,8.32,8.45,8.45,-0.13,,,
9/15/78,8.35,8.49,8.45,-0.14,,,
9/18/78,8.37,8.52,8.45,-0.15,,,
9/19/78,8.38,8.54,8.45,-0.16,,,
9/20/78,8.46,8.6,8.45,-0.14,,,
9/21/78,8.51,8.69,8.45,-0.18,,,
9/22/78,8.56,8.73,8.45,-0.17,,,
9/25/78,8.56,8.75,8.45,-0.19,,,
9/26/78,8.53,8.75,8.45,-0.22,,,
9/27/78,8.54,8.74,8.45,-0.2,,,
9/28/78,8.54,8.72,8.45,-0.18,,,
9/29/78,8.56,8.7,8.45,-0.14,,,
10/2/78,8.58,8.71,8.96,-0.13,,,
10/3/78,8.57,8.69,8.96,-0.12,,,
10/4/78,8.59,8.69,8.96,-0.1,,,
10/5/78,8.6,8.69,8.96,-0.09,,,
10/6/78,8.58,8.69,8.96,-0.11,,,
10/9/78,8.58,8.69,8.96,-0.11,,,
10/10/78,8.58,8.7,8.96,-0.12,,,
10/11/78,8.56,8.7,8.96,-0.14,,,
10/12/78,8.51,8.69,8.96,-0.18,,,
10/13/78,8.52,8.69,8.96,-0.17,,,
10/16/78,8.59,8.73,8.96,-0.14,,,
10/17/78,8.6,8.77,8.96,-0.17,,,
10/18/78,8.62,8.83,8.96,-0.21,,,
10/19/78,8.64,8.84,8.96,-0.2,,,
10/20/78,8.66,8.85,8.96,-0.19,,,
10/23/78,8.66,8.84,8.96,-0.18,,,
10/24/78,8.64,8.85,8.96,-0.21,,,
10/25/78,8.65,8.96,8.96,-0.31,,,
10/26/78,8.72,9.05,8.96,-0.33,,,
10/27/78,8.78,9.12,8.96,-0.34,,,
10/30/78,8.88,9.35,8.96,-0.47,,,
10/31/78,8.96,9.49,8.96,-0.53,,,
11/1/78,8.66,9.44,9.76,-0.78,,,
11/2/78,8.73,9.42,9.76,-0.69,,,
11/3/78,8.86,9.49,9.76,-0.63,,,
11/6/78,8.85,9.45,9.76,-0.6,,,
11/7/78,8.85,9.45,9.76,-0.6,,,
11/8/78,8.86,9.49,9.76,-0.63,,,
11/9/78,8.87,9.5,9.76,-0.63,,,
11/10/78,8.86,9.46,9.76,-0.6,,,
11/13/78,8.83,9.4,9.76,-0.57,,,
11/14/78,8.82,9.41,9.76,-0.59,,,
11/15/78,8.76,9.34,9.76,-0.58,,,
11/16/78,8.72,9.21,9.76,-0.49,,,
11/17/78,8.72,9.19,9.76,-0.47,,,
11/20/78,8.72,9.19,9.76,-0.47,,,
11/21/78,8.77,9.23,9.76,-0.46,,,
11/22/78,8.77,9.37,9.76,-0.6,,,
11/23/78,8.77,9.37,9.76,-0.6,,,
11/24/78,8.86,9.6,9.76,-0.74,,,
11/27/78,8.86,9.6,9.76,-0.74,,,
11/28/78,8.86,9.6,9.76,-0.74,,,
11/29/78,8.86,9.55,9.76,-0.69,,,
11/30/78,8.86,9.55,9.76,-0.69,,,
12/1/78,8.8,9.5,10.03,-0.7,,,
12/4/78,8.82,9.51,10.03,-0.69,,,
12/5/78,8.85,9.5,10.03,-0.65,,,
12/6/78,8.85,9.5,10.03,-0.65,,,
12/7/78,8.89,9.5,10.03,-0.61,,,
12/8/78,8.9,9.51,10.03,-0.61,,,
12/11/78,8.9,9.52,10.03,-0.62,,,
12/12/78,8.92,9.52,10.03,-0.6,,,
12/13/78,8.98,9.54,10.03,-0.56,,,
12/14/78,8.96,9.54,10.03,-0.58,,,
12/15/78,9,9.58,10.03,-0.58,,,
12/18/78,9.13,9.86,10.03,-0.73,,,
12/19/78,9.14,9.91,10.03,-0.77,,,
12/20/78,9.16,9.96,10.03,-0.8,,,
12/21/78,9.16,9.98,10.03,-0.82,,,
12/22/78,9.11,9.96,10.03,-0.85,,,
12/25/78,9.11,9.96,10.03,-0.85,,,
12/26/78,9.13,9.98,10.03,-0.85,,,
12/27/78,9.12,9.98,10.03,-0.86,,,
12/28/78,9.16,9.98,10.03,-0.82,,,
12/29/78,9.15,9.98,10.03,-0.83,,,
1/1/79,9.15,9.98,10.07,-0.83,,,
1/2/79,9.18,10,10.07,-0.82,,,
1/3/79,9.16,9.98,10.07,-0.82,,,
1/4/79,9.11,9.88,10.07,-0.77,,,
1/5/79,9.1,9.87,10.07,-0.77,,,
1/8/79,9.14,9.92,10.07,-0.78,,,
1/9/79,9.16,9.92,10.07,-0.76,,,
1/10/79,9.16,9.94,10.07,-0.78,,,
1/11/79,9.15,9.92,10.07,-0.77,,,
1/12/79,9.14,9.92,10.07,-0.78,,,
1/15/79,9.15,9.91,10.07,-0.76,,,
1/16/79,9.16,9.92,10.07,-0.76,,,
1/17/79,9.18,9.91,10.07,-0.73,,,
1/18/79,9.18,9.92,10.07,-0.74,,,
1/19/79,9.15,9.91,10.07,-0.76,,,
1/22/79,9.12,9.86,10.07,-0.74,,,
1/23/79,9.1,9.85,10.07,-0.75,,,
1/24/79,9.08,9.85,10.07,-0.77,,,
1/25/79,8.98,9.78,10.07,-0.8,,,
1/26/79,8.93,9.67,10.07,-0.74,,,
1/29/79,8.96,9.67,10.07,-0.71,,,
1/30/79,8.95,9.68,10.07,-0.73,,,
1/31/79,8.95,9.64,10.07,-0.69,,,
2/1/79,8.94,9.61,10.06,-0.67,,,
2/2/79,8.89,9.48,10.06,-0.59,,,
2/5/79,8.95,9.53,10.06,-0.58,,,
2/6/79,9,9.58,10.06,-0.58,,,
2/7/79,9.09,9.67,10.06,-0.58,,,
2/8/79,9.09,9.7,10.06,-0.61,,,
2/9/79,9.11,9.7,10.06,-0.59,,,
2/12/79,9.11,9.7,10.06,-0.59,,,
2/13/79,9.11,9.69,10.06,-0.58,,,
2/14/79,9.12,9.67,10.06,-0.55,,,
2/15/79,9.12,9.68,10.06,-0.56,,,
2/16/79,9.11,9.68,10.06,-0.57,,,
2/19/79,9.11,9.68,10.06,-0.57,,,
2/20/79,9.12,9.69,10.06,-0.57,,,
2/21/79,9.15,9.71,10.06,-0.56,,,
2/22/79,9.2,9.9,10.06,-0.7,,,
2/23/79,9.21,9.92,10.06,-0.71,,,
2/26/79,9.2,9.91,10.06,-0.71,,,
2/27/79,9.19,9.89,10.06,-0.7,,,
2/28/79,9.17,9.89,10.06,-0.72,,,
3/1/79,9.17,9.87,10.09,-0.7,,,
3/2/79,9.16,9.87,10.09,-0.71,,,
3/5/79,9.11,9.83,10.09,-0.72,,,
3/6/79,9.14,9.83,10.09,-0.69,,,
3/7/79,9.1,9.81,10.09,-0.71,,,
3/8/79,9.1,9.76,10.09,-0.66,,,
3/9/79,9.11,9.79,10.09,-0.68,,,
3/12/79,9.11,9.81,10.09,-0.7,,,
3/13/79,9.11,9.8,10.09,-0.69,,,
3/14/79,9.12,9.82,10.09,-0.7,,,
3/15/79,9.14,9.82,10.09,-0.68,,,
3/16/79,9.12,9.84,10.09,-0.72,,,
3/19/79,9.12,9.81,10.09,-0.69,,,
3/20/79,9.13,9.79,10.09,-0.66,,,
3/21/79,9.13,9.79,10.09,-0.66,,,
3/22/79,9.12,9.77,10.09,-0.65,,,
3/23/79,9.12,9.77,10.09,-0.65,,,
3/26/79,9.12,9.76,10.09,-0.64,,,
3/27/79,9.11,9.73,10.09,-0.62,,,
3/28/79,9.07,9.71,10.09,-0.64,,,
3/29/79,9.06,9.67,10.09,-0.61,,,
3/30/79,9.11,9.72,10.09,-0.61,,,
4/2/79,9.11,9.74,10.01,-0.63,,,
4/3/79,9.1,9.73,10.01,-0.63,,,
4/4/79,9.09,9.71,10.01,-0.62,,,
4/5/79,9.07,9.68,10.01,-0.61,,,
4/6/79,9.1,9.75,10.01,-0.65,,,
4/9/79,9.14,9.81,10.01,-0.67,,,
4/10/79,9.17,9.81,10.01,-0.64,,,
4/11/79,9.2,9.85,10.01,-0.65,,,
4/12/79,9.2,9.85,10.01,-0.65,,,
4/13/79,9.2,9.85,10.01,-0.65,,,
4/16/79,9.19,9.86,10.01,-0.67,,,
4/17/79,9.16,9.77,10.01,-0.61,,,
4/18/79,9.15,9.71,10.01,-0.56,,,
4/19/79,9.15,9.68,10.01,-0.53,,,
4/20/79,9.19,9.73,10.01,-0.54,,,
4/23/79,9.21,9.73,10.01,-0.52,,,
4/24/79,9.24,9.75,10.01,-0.51,,,
4/25/79,9.23,9.77,10.01,-0.54,,,
4/26/79,9.27,9.8,10.01,-0.53,,,
4/27/79,9.32,9.93,10.01,-0.61,,,
4/30/79,9.35,9.91,10.01,-0.56,,,
5/1/79,9.36,9.91,10.24,-0.55,,,
5/2/79,9.34,9.91,10.24,-0.57,,,
5/3/79,9.38,9.93,10.24,-0.55,,,
5/4/79,9.39,9.93,10.24,-0.54,,,
5/7/79,9.39,9.91,10.24,-0.52,,,
5/8/79,9.38,9.91,10.24,-0.53,,,
5/9/79,9.36,9.9,10.24,-0.54,,,
5/10/79,9.36,9.92,10.24,-0.56,,,
5/11/79,9.34,9.9,10.24,-0.56,,,
5/14/79,9.3,9.87,10.24,-0.57,,,
5/15/79,9.32,9.87,10.24,-0.55,,,
5/16/79,9.31,9.84,10.24,-0.53,,,
5/17/79,9.24,9.72,10.24,-0.48,,,
5/18/79,9.23,9.71,10.24,-0.48,,,
5/21/79,9.24,9.75,10.24,-0.51,,,
5/22/79,9.15,9.69,10.24,-0.54,,,
5/23/79,9.07,9.65,10.24,-0.58,,,
5/24/79,9.06,9.58,10.24,-0.52,,,
5/25/79,9.01,9.5,10.24,-0.49,,,
5/28/79,9.01,9.5,10.24,-0.49,,,
5/29/79,9.01,9.5,10.24,-0.49,,,
5/30/79,9.01,9.5,10.24,-0.49,,,
5/31/79,9.06,9.56,10.24,-0.5,,,
6/1/79,9.05,9.56,10.29,-0.51,,,
6/4/79,9.06,9.56,10.29,-0.5,,,
6/5/79,9.02,9.5,10.29,-0.48,,,
6/6/79,8.97,9.43,10.29,-0.46,,,
6/7/79,8.89,9.29,10.29,-0.4,,,
6/8/79,8.9,9.25,10.29,-0.35,,,
6/11/79,8.94,9.27,10.29,-0.33,,,
6/12/79,8.79,9.05,10.29,-0.26,,,
6/13/79,8.83,9.08,10.29,-0.25,,,
6/14/79,8.87,9.12,10.29,-0.25,,,
6/15/79,8.96,9.24,10.29,-0.28,,,
6/18/79,8.95,9.26,10.29,-0.31,,,
6/19/79,8.95,9.24,10.29,-0.29,,,
6/20/79,8.94,9.25,10.29,-0.31,,,
6/21/79,8.93,9.25,10.29,-0.32,,,
6/22/79,8.98,9.27,10.29,-0.29,,,
6/25/79,8.93,9.2,10.29,-0.27,,,
6/26/79,8.82,8.97,10.29,-0.15,,,
6/27/79,8.8,8.92,10.29,-0.12,,,
6/28/79,8.8,8.95,10.29,-0.15,,,
6/29/79,8.81,8.97,10.29,-0.16,,,
7/2/79,8.76,8.93,10.47,-0.17,,,
7/3/79,8.77,8.95,10.47,-0.18,,,
7/4/79,8.77,8.95,10.47,-0.18,,,
7/5/79,8.8,8.98,10.47,-0.18,,,
7/6/79,8.82,9,10.47,-0.18,,,
7/9/79,8.86,9.04,10.47,-0.18,,,
7/10/79,8.92,9.04,10.47,-0.12,,,
7/11/79,8.97,9.04,10.47,-0.07,,,
7/12/79,8.95,9.01,10.47,-0.06,,,
7/13/79,8.94,9.01,10.47,-0.07,,,
7/16/79,8.99,9.08,10.47,-0.09,,,
7/17/79,9.01,9.1,10.47,-0.09,,,
7/18/79,9.03,9.1,10.47,-0.07,,,
7/19/79,9.04,9.14,10.47,-0.1,,,
7/20/79,8.98,9.24,10.47,-0.26,,,
7/23/79,9.03,9.28,10.47,-0.25,,,
7/24/79,9.06,9.33,10.47,-0.27,,,
7/25/79,8.99,9.36,10.47,-0.37,,,
7/26/79,8.97,9.25,10.47,-0.28,,,
7/27/79,9.02,9.38,10.47,-0.36,,,
7/30/79,9.03,9.32,10.47,-0.29,,,
7/31/79,9.01,9.31,10.47,-0.3,,,
8/1/79,8.99,9.23,10.94,-0.24,,,
8/2/79,8.91,9.2,10.94,-0.29,,,
8/3/79,8.92,9.27,10.94,-0.35,,,
8/6/79,8.91,9.27,10.94,-0.36,,,
8/7/79,8.91,9.22,10.94,-0.31,,,
8/8/79,8.93,9.25,10.94,-0.32,,,
8/9/79,8.97,9.27,10.94,-0.3,,,
8/10/79,9,9.33,10.94,-0.33,,,
8/13/79,9,9.34,10.94,-0.34,,,
8/14/79,8.98,9.32,10.94,-0.34,,,
8/15/79,9,9.41,10.94,-0.41,,,
8/16/79,9,9.39,10.94,-0.39,,,
8/17/79,9.01,9.44,10.94,-0.43,,,
8/20/79,9.02,9.45,10.94,-0.43,,,
8/21/79,9.04,9.51,10.94,-0.47,,,
8/22/79,9.04,9.55,10.94,-0.51,,,
8/23/79,9.05,9.63,10.94,-0.58,,,
8/24/79,9.14,9.72,10.94,-0.58,,,
8/27/79,9.12,9.68,10.94,-0.56,,,
8/28/79,9.15,9.73,10.94,-0.58,,,
8/29/79,9.14,9.73,10.94,-0.59,,,
8/30/79,9.21,9.77,10.94,-0.56,,,
8/31/79,9.24,9.84,10.94,-0.6,,,
9/3/79,9.24,9.84,11.43,-0.6,,,
9/4/79,9.32,10,11.43,-0.68,,,
9/5/79,9.32,10.02,11.43,-0.7,,,
9/6/79,9.35,10.03,11.43,-0.68,,,
9/7/79,9.34,10.1,11.43,-0.76,,,
9/10/79,9.36,10.13,11.43,-0.77,,,
9/11/79,9.25,10,11.43,-0.75,,,
9/12/79,9.3,10.04,11.43,-0.74,,,
9/13/79,9.34,10.1,11.43,-0.76,,,
9/14/79,9.29,10.02,11.43,-0.73,,,
9/17/79,9.37,10.13,11.43,-0.76,,,
9/18/79,9.36,10.14,11.43,-0.78,,,
9/19/79,9.31,10.08,11.43,-0.77,,,
9/20/79,9.29,10.03,11.43,-0.74,,,
9/21/79,9.26,10,11.43,-0.74,,,
9/24/79,9.34,10.01,11.43,-0.67,,,
9/25/79,9.32,10.01,11.43,-0.69,,,
9/26/79,9.36,10.02,11.43,-0.66,,,
9/27/79,9.44,10.11,11.43,-0.67,,,
9/28/79,9.44,10.1,11.43,-0.66,,,
10/1/79,9.51,10.14,13.77,-0.63,,,
10/2/79,9.47,10.14,13.77,-0.67,,,
10/3/79,9.5,10.14,13.77,-0.64,,,
10/4/79,9.58,10.34,13.77,-0.76,,,
10/5/79,9.6,10.39,13.77,-0.79,,,
10/8/79,9.6,10.39,13.77,-0.79,,,
10/9/79,9.93,11.12,13.77,-1.19,,,
10/10/79,10.09,11.4,13.77,-1.31,,,
10/11/79,10.17,11.26,13.77,-1.09,,,
10/12/79,10.15,11.17,13.77,-1.02,,,
10/15/79,10.31,11.39,13.77,-1.08,,,
10/16/79,10.27,11.39,13.77,-1.12,,,
10/17/79,10.2,11.4,13.77,-1.2,,,
10/18/79,10.41,11.75,13.77,-1.34,,,
10/19/79,10.68,12.15,13.77,-1.47,,,
10/22/79,10.96,12.43,13.77,-1.47,,,
10/23/79,11.02,12.63,13.77,-1.61,,,
10/24/79,10.83,12.52,13.77,-1.69,,,
10/25/79,10.98,12.59,13.77,-1.61,,,
10/26/79,10.67,12.05,13.77,-1.38,,,
10/29/79,10.78,12.19,13.77,-1.41,,,
10/30/79,10.75,12.12,13.77,-1.37,,,
10/31/79,10.72,12.06,13.77,-1.34,,,
11/1/79,10.79,12.08,13.18,-1.29,,,
11/2/79,10.84,12.19,13.18,-1.35,,,
11/5/79,10.85,12.15,13.18,-1.3,,,
11/6/79,10.85,12.15,13.18,-1.3,,,
11/7/79,11,12.36,13.18,-1.36,,,
11/8/79,10.96,12.29,13.18,-1.33,,,
11/9/79,10.68,11.78,13.18,-1.1,,,
11/12/79,10.68,11.78,13.18,-1.1,,,
11/13/79,10.63,11.64,13.18,-1.01,,,
11/14/79,10.75,11.82,13.18,-1.07,,,
11/15/79,10.62,11.68,13.18,-1.06,,,
11/16/79,10.77,11.97,13.18,-1.2,,,
11/19/79,10.8,12.08,13.18,-1.28,,,
11/20/79,10.78,12.12,13.18,-1.34,,,
11/21/79,10.73,12.17,13.18,-1.44,,,
11/22/79,10.73,12.17,13.18,-1.44,,,
11/23/79,10.51,11.69,13.18,-1.18,,,
11/26/79,10.37,11.44,13.18,-1.07,,,
11/27/79,10.24,11.11,13.18,-0.87,,,
11/28/79,10.37,11.23,13.18,-0.86,,,
11/29/79,10.34,11.23,13.18,-0.89,,,
11/30/79,10.38,11.33,13.18,-0.95,,,
12/3/79,10.44,11.42,13.78,-0.98,,,
12/4/79,10.32,11.3,13.78,-0.98,,,
12/5/79,10.27,11.21,13.78,-0.94,,,
12/6/79,10.13,11.08,13.78,-0.95,,,
12/7/79,10.3,11.21,13.78,-0.91,,,
12/10/79,10.27,11.25,13.78,-0.98,,,
12/11/79,10.46,11.6,13.78,-1.14,,,
12/12/79,10.58,11.85,13.78,-1.27,,,
12/13/79,10.51,11.67,13.78,-1.16,,,
12/14/79,10.45,11.47,13.78,-1.02,,,
12/17/79,10.42,11.45,13.78,-1.03,,,
12/18/79,10.34,11.31,13.78,-0.97,,,
12/19/79,10.33,11.38,13.78,-1.05,,,
12/20/79,10.38,11.4,13.78,-1.02,,,
12/21/79,10.39,11.42,13.78,-1.03,,,
12/24/79,10.45,11.44,13.78,-0.99,,,
12/25/79,10.45,11.44,13.78,-0.99,,,
12/26/79,10.48,11.43,13.78,-0.95,,,
12/27/79,10.46,11.39,13.78,-0.93,,,
12/28/79,10.41,11.3,13.78,-0.89,,,
12/31/79,10.33,11.23,13.78,-0.9,,,
1/1/80,10.33,11.23,13.82,-0.9,,,
1/2/80,10.5,11.39,13.82,-0.89,,,
1/3/80,10.6,11.45,13.82,-0.85,,,
1/4/80,10.66,11.47,13.82,-0.81,,,
1/7/80,10.63,11.35,13.82,-0.72,,,
1/8/80,10.57,11.26,13.82,-0.69,,,
1/9/80,10.58,11.24,13.82,-0.66,,,
1/10/80,10.51,11.18,13.82,-0.67,,,
1/11/80,10.68,11.33,13.82,-0.65,,,
1/14/80,10.7,11.35,13.82,-0.65,,,
1/15/80,10.65,11.32,13.82,-0.67,,,
1/16/80,10.65,11.3,13.82,-0.65,,,
1/17/80,10.71,11.37,13.82,-0.66,,,
1/18/80,10.82,11.52,13.82,-0.7,,,
1/21/80,10.96,11.58,13.82,-0.62,,,
1/22/80,10.85,11.56,13.82,-0.71,,,
1/23/80,10.82,11.53,13.82,-0.71,,,
1/24/80,11.01,11.68,13.82,-0.67,,,
1/25/80,11.1,11.82,13.82,-0.72,,,
1/28/80,11.15,11.79,13.82,-0.64,,,
1/29/80,11.21,11.88,13.82,-0.67,,,
1/30/80,11.16,11.84,13.82,-0.68,,,
1/31/80,11.13,11.75,13.82,-0.62,,,
2/1/80,11.29,12.04,14.13,-0.75,,,
2/4/80,11.4,12.12,14.13,-0.72,,,
2/5/80,11.73,12.49,14.13,-0.76,,,
2/6/80,11.92,12.42,14.13,-0.5,,,
2/7/80,11.71,12.21,14.13,-0.5,,,
2/8/80,11.8,12.31,14.13,-0.51,,,
2/11/80,12.01,12.6,14.13,-0.59,,,
2/12/80,12.01,12.6,14.13,-0.59,,,
2/13/80,11.86,12.52,14.13,-0.66,,,
2/14/80,11.97,12.6,14.13,-0.63,,,
2/15/80,12.2,13.13,14.13,-0.93,,,
2/18/80,12.2,13.13,14.13,-0.93,,,
2/19/80,12.85,13.96,14.13,-1.11,,,
2/20/80,12.84,14.03,14.13,-1.19,,,
2/21/80,13.22,14.51,14.13,-1.29,,,
2/22/80,13.06,14.52,14.13,-1.46,,,
2/25/80,13.27,14.62,14.13,-1.35,,,
2/26/80,13.65,14.91,14.13,-1.26,,,
2/27/80,13.46,14.82,14.13,-1.36,,,
2/28/80,12.92,14.41,14.13,-1.49,,,
2/29/80,12.72,14.73,14.13,-2.01,,,
3/3/80,12.79,14.83,17.19,-2.04,,,
3/4/80,12.91,14.86,17.19,-1.95,,,
3/5/80,13.03,14.99,17.19,-1.96,,,
3/6/80,13.13,15.27,17.19,-2.14,,,
3/7/80,12.86,15.2,17.19,-2.34,,,
3/10/80,12.63,14.71,17.19,-2.08,,,
3/11/80,12.41,14.43,17.19,-2.02,,,
3/12/80,12.62,14.74,17.19,-2.12,,,
3/13/80,12.5,14.69,17.19,-2.19,,,
3/14/80,12.52,14.8,17.19,-2.28,,,
3/17/80,12.58,14.82,17.19,-2.24,,,
3/18/80,12.4,14.42,17.19,-2.02,,,
3/19/80,12.35,14.33,17.19,-1.98,,,
3/20/80,12.62,15.03,17.19,-2.41,,,
3/21/80,12.75,15.02,17.19,-2.27,,,
3/24/80,13.17,15.36,17.19,-2.19,,,
3/25/80,13.1,15.19,17.19,-2.09,,,
3/26/80,13.03,15.26,17.19,-2.23,,,
3/27/80,12.97,15.11,17.19,-2.14,,,
3/28/80,12.72,14.89,17.19,-2.17,,,
3/31/80,12.64,14.63,17.19,-1.99,,,
4/1/80,12.69,14.59,17.61,-1.9,,,
4/2/80,12.63,14.52,17.61,-1.89,,,
4/3/80,12.52,14.51,17.61,-1.99,,,
4/4/80,12.52,14.51,17.61,-1.99,,,
4/7/80,12.13,13.85,17.61,-1.72,,,
4/8/80,12.21,13.89,17.61,-1.68,,,
4/9/80,12.06,13.54,17.61,-1.48,,,
4/10/80,12.06,13.57,17.61,-1.51,,,
4/11/80,11.79,13.22,17.61,-1.43,,,
4/14/80,11.62,12.96,17.61,-1.34,,,
4/15/80,11.57,12.72,17.61,-1.15,,,
4/16/80,10.9,11.97,17.61,-1.07,,,
4/17/80,11.13,11.97,17.61,-0.84,,,
4/18/80,11.05,11.76,17.61,-0.71,,,
4/21/80,10.9,11.56,17.61,-0.66,,,
4/22/80,10.82,11.43,17.61,-0.61,,,
4/23/80,10.89,11.38,17.61,-0.49,,,
4/24/80,10.96,11.42,17.61,-0.46,,,
4/25/80,10.95,11.39,17.61,-0.44,,,
4/28/80,10.63,10.74,17.61,-0.11,,,
4/29/80,10.67,10.74,17.61,-0.07,,,
4/30/80,10.76,10.81,17.61,-0.05,,,
5/1/80,10.57,10.7,10.98,-0.13,,,
5/2/80,10.24,10.04,10.98,0.2,,,
5/5/80,10.18,9.85,10.98,0.33,,,
5/6/80,9.8,9.4,10.98,0.4,,,
5/7/80,9.96,9.41,10.98,0.55,,,
5/8/80,10.18,9.48,10.98,0.7,,,
5/9/80,10.3,9.85,10.98,0.45,,,
5/12/80,10.3,9.52,10.98,0.78,,,
5/13/80,10.13,9.38,10.98,0.75,,,
5/14/80,10.14,9.27,10.98,0.87,,,
5/15/80,10.31,9.48,10.98,0.83,,,
5/16/80,10.37,9.76,10.98,0.61,,,
5/19/80,10.53,9.78,10.98,0.75,,,
5/20/80,10.22,9.26,10.98,0.96,,,
5/21/80,10.08,9.14,10.98,0.94,,,
5/22/80,10.1,9.13,10.98,0.97,,,
5/23/80,9.85,8.73,10.98,1.12,,,
5/26/80,9.85,8.73,10.98,1.12,,,
5/27/80,9.96,8.82,10.98,1.14,,,
5/28/80,10.1,9.04,10.98,1.06,,,
5/29/80,10.24,9.16,10.98,1.08,,,
5/30/80,10.25,9.25,10.98,1,,,
6/2/80,10.31,9.34,9.47,0.97,,,
6/3/80,10.16,9.2,9.47,0.96,,,
6/4/80,10.07,9.06,9.47,1.01,,,
6/5/80,10.02,8.97,9.47,1.05,,,
6/6/80,9.81,8.72,9.47,1.09,,,
6/9/80,9.73,8.61,9.47,1.12,,,
6/10/80,9.83,8.79,9.47,1.04,,,
6/11/80,9.7,8.65,9.47,1.05,,,
6/12/80,9.53,8.46,9.47,1.07,,,
6/13/80,9.51,8.39,9.47,1.12,,,
6/16/80,9.47,8.38,9.47,1.09,,,
6/17/80,9.49,8.36,9.47,1.13,,,
6/18/80,9.56,8.58,9.47,0.98,,,
6/19/80,9.56,8.68,9.47,0.88,,,
6/20/80,9.49,8.43,9.47,1.06,,,
6/23/80,9.63,8.59,9.47,1.04,,,
6/24/80,9.68,8.64,9.47,1.04,,,
6/25/80,9.79,8.73,9.47,1.06,,,
6/26/80,9.87,8.8,9.47,1.07,,,
6/27/80,10.04,8.94,9.47,1.1,,,
6/30/80,10.09,8.97,9.47,1.12,,,
7/1/80,10.13,9.01,9.03,1.12,,,
7/2/80,10.19,9.01,9.03,1.18,,,
7/3/80,10.01,8.77,9.03,1.24,,,
7/4/80,10.01,8.77,9.03,1.24,,,
7/7/80,10.2,8.94,9.03,1.26,,,
7/8/80,10.09,8.8,9.03,1.29,,,
7/9/80,10.14,8.83,9.03,1.31,,,
7/10/80,10.21,8.9,9.03,1.31,,,
7/11/80,10.28,8.97,9.03,1.31,,,
7/14/80,10.33,9.16,9.03,1.17,,,
7/15/80,10.17,8.98,9.03,1.19,,,
7/16/80,10.07,8.79,9.03,1.28,,,
7/17/80,10.21,8.89,9.03,1.32,,,
7/18/80,10.2,8.93,9.03,1.27,,,
7/21/80,10.13,8.93,9.03,1.2,,,
7/22/80,10.18,9.02,9.03,1.16,,,
7/23/80,10.12,8.95,9.03,1.17,,,
7/24/80,10.24,9.05,9.03,1.19,,,
7/25/80,10.35,9.15,9.03,1.2,,,
7/28/80,10.46,9.24,9.03,1.22,,,
7/29/80,10.45,9.28,9.03,1.17,,,
7/30/80,10.53,9.33,9.03,1.2,,,
7/31/80,10.76,9.72,9.03,1.04,,,
8/1/80,10.76,9.78,9.61,0.98,,,
8/4/80,10.69,9.66,9.61,1.03,,,
8/5/80,10.7,9.67,9.61,1.03,,,
8/6/80,10.8,9.69,9.61,1.11,,,
8/7/80,10.71,9.67,9.61,1.04,,,
8/8/80,10.87,9.81,9.61,1.06,,,
8/11/80,11.03,10.07,9.61,0.96,,,
8/12/80,10.98,10.03,9.61,0.95,,,
8/13/80,10.89,10.03,9.61,0.86,,,
8/14/80,10.9,10.07,9.61,0.83,,,
8/15/80,10.86,10.12,9.61,0.74,,,
8/18/80,11.13,10.77,9.61,0.36,,,
8/19/80,11.24,10.91,9.61,0.33,,,
8/20/80,11.22,11.11,9.61,0.11,,,
8/21/80,11.3,11.27,9.61,0.03,,,
8/22/80,11.13,11.09,9.61,0.04,,,
8/25/80,11.4,11.34,9.61,0.06,,,
8/26/80,11.42,11.34,9.61,0.08,,,
8/27/80,11.67,11.52,9.61,0.15,,,
8/28/80,11.89,11.77,9.61,0.12,,,
8/29/80,11.55,11.36,9.61,0.19,,,
9/1/80,11.55,11.36,10.87,0.19,,,
9/2/80,11.32,11.05,10.87,0.27,,,
9/3/80,11.08,10.73,10.87,0.35,,,
9/4/80,11.16,10.77,10.87,0.39,,,
9/5/80,11.21,10.89,10.87,0.32,,,
9/8/80,11.29,11.11,10.87,0.18,,,
9/9/80,11.19,11.13,10.87,0.06,,,
9/10/80,11.14,11.03,10.87,0.11,,,
9/11/80,11.32,11.27,10.87,0.05,,,
9/12/80,11.37,11.4,10.87,-0.03,,,
9/15/80,11.62,11.79,10.87,-0.17,,,
9/16/80,11.52,11.68,10.87,-0.16,,,
9/17/80,11.57,11.79,10.87,-0.22,,,
9/18/80,11.53,11.84,10.87,-0.31,,,
9/19/80,11.33,11.59,10.87,-0.26,,,
9/22/80,11.69,12,10.87,-0.31,,,
9/23/80,11.76,12,10.87,-0.24,,,
9/24/80,11.75,11.98,10.87,-0.23,,,
9/25/80,11.91,12.11,10.87,-0.2,,,
9/26/80,11.99,12.4,10.87,-0.41,,,
9/29/80,12.07,12.38,10.87,-0.31,,,
9/30/80,11.86,12.13,10.87,-0.27,,,
10/1/80,11.78,12.02,12.81,-0.24,,,
10/2/80,11.83,12.06,12.81,-0.23,,,
10/3/80,11.4,11.51,12.81,-0.11,,,
10/6/80,11.35,11.41,12.81,-0.06,,,
10/7/80,11.43,11.44,12.81,-0.01,,,
10/8/80,11.51,11.69,12.81,-0.18,,,
10/9/80,11.39,11.6,12.81,-0.21,,,
10/10/80,11.44,11.64,12.81,-0.2,,,
10/13/80,11.44,11.64,12.81,-0.2,,,
10/14/80,11.37,11.67,12.81,-0.3,,,
10/15/80,11.29,11.58,12.81,-0.29,,,
10/16/80,11.47,11.69,12.81,-0.22,,,
10/17/80,11.62,11.91,12.81,-0.29,,,
10/20/80,11.64,12,12.81,-0.36,,,
10/21/80,11.7,12.11,12.81,-0.41,,,
10/22/80,11.88,12.31,12.81,-0.43,,,
10/23/80,11.82,12.31,12.81,-0.49,,,
10/24/80,11.74,12.25,12.81,-0.51,,,
10/27/80,12.13,12.73,12.81,-0.6,,,
10/28/80,12.32,12.91,12.81,-0.59,,,
10/29/80,12.48,12.98,12.81,-0.5,,,
10/30/80,12.48,13.04,12.81,-0.56,,,
10/31/80,12.46,13.08,12.81,-0.62,,,
11/3/80,12.46,13.23,15.85,-0.77,,,
11/4/80,12.46,13.23,15.85,-0.77,,,
11/5/80,12.61,13.38,15.85,-0.77,,,
11/6/80,13.04,13.57,15.85,-0.53,,,
11/7/80,12.66,13.36,15.85,-0.7,,,
11/10/80,12.78,13.29,15.85,-0.51,,,
11/11/80,12.78,13.29,15.85,-0.51,,,
11/12/80,12.47,12.86,15.85,-0.39,,,
11/13/80,12.49,12.89,15.85,-0.4,,,
11/14/80,12.79,13.25,15.85,-0.46,,,
11/17/80,12.95,13.71,15.85,-0.76,,,
11/18/80,12.62,13.47,15.85,-0.85,,,
11/19/80,12.51,13.37,15.85,-0.86,,,
11/20/80,12.59,13.53,15.85,-0.94,,,
11/21/80,12.8,13.83,15.85,-1.03,,,
11/24/80,12.76,13.88,15.85,-1.12,,,
11/25/80,12.74,13.99,15.85,-1.25,,,
11/26/80,12.65,14,15.85,-1.35,,,
11/27/80,12.65,14,15.85,-1.35,,,
11/28/80,12.72,14.13,15.85,-1.41,,,
12/1/80,12.92,14.25,18.9,-1.33,,,
12/2/80,12.95,14.25,18.9,-1.3,,,
12/3/80,12.92,14.04,18.9,-1.12,,,
12/4/80,12.91,14.15,18.9,-1.24,,,
12/5/80,12.85,14.34,18.9,-1.49,,,
12/8/80,12.91,14.45,18.9,-1.54,,,
12/9/80,13.1,14.54,18.9,-1.44,,,
12/10/80,13.15,14.59,18.9,-1.44,,,
12/11/80,13.57,14.97,18.9,-1.4,,,
12/12/80,13.21,14.74,18.9,-1.53,,,
12/15/80,13.25,14.83,18.9,-1.58,,,
12/16/80,13.51,15.12,18.9,-1.61,,,
12/17/80,13.28,14.98,18.9,-1.7,,,
12/18/80,13.22,14.89,18.9,-1.67,,,
12/19/80,12.64,14.05,18.9,-1.41,,,
12/22/80,12.14,13.24,18.9,-1.1,,,
12/23/80,12.35,13.04,18.9,-0.69,,,
12/24/80,12.42,13.37,18.9,-0.95,,,
12/25/80,12.42,13.37,18.9,-0.95,,,
12/26/80,12.25,12.95,18.9,-0.7,,,
12/29/80,12.2,12.87,18.9,-0.67,,,
12/30/80,12.39,12.97,18.9,-0.58,,,
12/31/80,12.43,13.06,18.9,-0.63,,,
1/1/81,12.43,13.06,19.08,-0.63,,,
1/2/81,12.42,13.1,19.08,-0.68,,,
1/5/81,12.15,12.28,19.08,-0.13,,,
1/6/81,12.11,12.42,19.08,-0.31,,,
1/7/81,12.38,12.92,19.08,-0.54,,,
1/8/81,12.35,13.09,19.08,-0.74,,,
1/9/81,12.57,13.53,19.08,-0.96,,,
1/12/81,12.45,13.17,19.08,-0.72,,,
1/13/81,12.53,13.3,19.08,-0.77,,,
1/14/81,12.53,12.95,19.08,-0.42,,,
1/15/81,12.62,13.25,19.08,-0.63,,,
1/16/81,12.53,13.08,19.08,-0.55,,,
1/19/81,12.64,13.62,19.08,-0.98,,,
1/20/81,12.5,13.48,19.08,-0.98,,,
1/21/81,12.77,13.79,19.08,-1.02,,,
1/22/81,12.87,13.83,19.08,-0.96,,,
1/23/81,12.84,13.74,19.08,-0.9,,,
1/26/81,12.7,13.4,19.08,-0.7,,,
1/27/81,12.73,13.4,19.08,-0.67,,,
1/28/81,12.77,13.48,19.08,-0.71,,,
1/29/81,12.8,13.42,19.08,-0.62,,,
1/30/81,12.68,13.26,19.08,-0.58,,,
2/2/81,12.86,13.51,15.93,-0.65,,,
2/3/81,12.98,13.7,15.93,-0.72,,,
2/4/81,12.86,13.63,15.93,-0.77,,,
2/5/81,12.95,13.63,15.93,-0.68,,,
2/6/81,13.09,13.89,15.93,-0.8,,,
2/9/81,13.21,13.97,15.93,-0.76,,,
2/10/81,13.27,14.1,15.93,-0.83,,,
2/11/81,13.42,14.34,15.93,-0.92,,,
2/12/81,13.42,14.34,15.93,-0.92,,,
2/13/81,13.65,14.45,15.93,-0.8,,,
2/16/81,13.65,14.45,15.93,-0.8,,,
2/17/81,13.33,13.97,15.93,-0.64,,,
2/18/81,13.3,13.98,15.93,-0.68,,,
2/19/81,13.09,13.72,15.93,-0.63,,,
2/20/81,12.9,13.55,15.93,-0.65,,,
2/23/81,13.19,13.92,15.93,-0.73,,,
2/24/81,13.21,14,15.93,-0.79,,,
2/25/81,13.29,14,15.93,-0.71,,,
2/26/81,13.47,14.1,15.93,-0.63,,,
2/27/81,13.43,14.08,15.93,-0.65,,,
3/2/81,13.62,14.4,14.7,-0.78,,,
3/3/81,13.43,14.13,14.7,-0.7,,,
3/4/81,13.45,14.21,14.7,-0.76,,,
3/5/81,13.43,14.17,14.7,-0.74,,,
3/6/81,13.2,13.91,14.7,-0.71,,,
3/9/81,13.09,13.84,14.7,-0.75,,,
3/10/81,13.08,13.74,14.7,-0.66,,,
3/11/81,13.12,13.79,14.7,-0.67,,,
3/12/81,13.03,13.7,14.7,-0.67,,,
3/13/81,12.86,13.45,14.7,-0.59,,,
3/16/81,12.85,13.3,14.7,-0.45,,,
3/17/81,12.68,13.2,14.7,-0.52,,,
3/18/81,12.58,12.75,14.7,-0.17,,,
3/19/81,12.67,12.84,14.7,-0.17,,,
3/20/81,12.77,12.88,14.7,-0.11,,,
3/23/81,13.13,13.36,14.7,-0.23,,,
3/24/81,13.3,13.55,14.7,-0.25,,,
3/25/81,13.21,13.51,14.7,-0.3,,,
3/26/81,13.34,13.62,14.7,-0.28,,,
3/27/81,13.36,13.67,14.7,-0.31,,,
3/30/81,13.22,13.32,14.7,-0.1,,,
3/31/81,13.13,13.17,14.7,-0.04,,,
4/1/81,13.14,13.19,15.72,-0.05,,,
4/2/81,13.25,13.4,15.72,-0.15,,,
4/3/81,13.4,13.57,15.72,-0.17,,,
4/6/81,13.74,14.13,15.72,-0.39,,,
4/7/81,13.41,13.7,15.72,-0.29,,,
4/8/81,13.61,13.89,15.72,-0.28,,,
4/9/81,13.45,13.87,15.72,-0.42,,,
4/10/81,13.59,13.9,15.72,-0.31,,,
4/13/81,13.68,14.05,15.72,-0.37,,,
4/14/81,13.58,13.92,15.72,-0.34,,,
4/15/81,13.74,14.19,15.72,-0.45,,,
4/16/81,13.79,14.23,15.72,-0.44,,,
4/17/81,13.79,14.23,15.72,-0.44,,,
4/20/81,13.69,14.33,15.72,-0.64,,,
4/21/81,13.73,14.34,15.72,-0.61,,,
4/22/81,13.78,14.41,15.72,-0.63,,,
4/23/81,13.8,14.51,15.72,-0.71,,,
4/24/81,13.88,14.66,15.72,-0.78,,,
4/27/81,13.92,14.73,15.72,-0.81,,,
4/28/81,13.93,14.65,15.72,-0.72,,,
4/29/81,14.05,14.67,15.72,-0.62,,,
4/30/81,14.11,14.84,15.72,-0.73,,,
5/1/81,14.05,14.72,18.52,-0.67,,,
5/4/81,14.47,15.37,18.52,-0.9,,,
5/5/81,14.69,15.94,18.52,-1.25,,,
5/6/81,14.56,15.83,18.52,-1.27,,,
5/7/81,14.33,15.69,18.52,-1.36,,,
5/8/81,14.23,15.69,18.52,-1.46,,,
5/11/81,14.34,15.74,18.52,-1.4,,,
5/12/81,14.46,15.93,18.52,-1.47,,,
5/13/81,14.49,15.94,18.52,-1.45,,,
5/14/81,14.24,15.8,18.52,-1.56,,,
5/15/81,14.07,15.55,18.52,-1.48,,,
5/18/81,13.8,15.19,18.52,-1.39,,,
5/19/81,13.95,15.47,18.52,-1.52,,,
5/20/81,14,15.63,18.52,-1.63,,,
5/21/81,14.05,15.75,18.52,-1.7,,,
5/22/81,13.82,15.48,18.52,-1.66,,,
5/25/81,13.82,15.48,18.52,-1.66,,,
5/26/81,13.67,15.09,18.52,-1.42,,,
5/27/81,13.71,15.14,18.52,-1.43,,,
5/28/81,13.56,14.79,18.52,-1.23,,,
5/29/81,13.5,14.4,18.52,-0.9,,,
6/1/81,13.46,14.47,19.1,-1.01,,,
6/2/81,13.58,14.66,19.1,-1.08,,,
6/3/81,13.55,14.65,19.1,-1.1,,,
6/4/81,13.51,14.76,19.1,-1.25,,,
6/5/81,13.56,14.73,19.1,-1.17,,,
6/8/81,13.36,14.31,19.1,-0.95,,,
6/9/81,13.37,14.41,19.1,-1.04,,,
6/10/81,13.31,14.31,19.1,-1,,,
6/11/81,13.32,14.4,19.1,-1.08,,,
6/12/81,13.35,14.44,19.1,-1.09,,,
6/15/81,13.09,14.03,19.1,-0.94,,,
6/16/81,13.08,14.11,19.1,-1.03,,,
6/17/81,13.23,14.37,19.1,-1.14,,,
6/18/81,13.57,14.66,19.1,-1.09,,,
6/19/81,13.46,14.65,19.1,-1.19,,,
6/22/81,13.44,14.49,19.1,-1.05,,,
6/23/81,13.56,14.59,19.1,-1.03,,,
6/24/81,13.66,14.71,19.1,-1.05,,,
6/25/81,13.7,14.65,19.1,-0.95,,,
6/26/81,13.69,14.59,19.1,-0.9,,,
6/29/81,13.68,14.48,19.1,-0.8,,,
6/30/81,13.86,14.66,19.1,-0.8,,,
7/1/81,14.04,14.94,19.04,-0.9,,,
7/2/81,13.95,14.87,19.04,-0.92,,,
7/3/81,13.95,14.87,19.04,-0.92,,,
7/6/81,13.81,14.68,19.04,-0.87,,,
7/7/81,14.04,14.92,19.04,-0.88,,,
7/8/81,14.11,15.02,19.04,-0.91,,,
7/9/81,14.12,15.14,19.04,-1.02,,,
7/10/81,13.94,14.88,19.04,-0.94,,,
7/13/81,13.99,14.83,19.04,-0.84,,,
7/14/81,14.15,15.07,19.04,-0.92,,,
7/15/81,14.07,15.03,19.04,-0.96,,,
7/16/81,14.11,15.11,19.04,-1,,,
7/17/81,14.09,15.07,19.04,-0.98,,,
7/20/81,14.59,15.96,19.04,-1.37,,,
7/21/81,14.61,16,19.04,-1.39,,,
7/22/81,14.63,15.95,19.04,-1.32,,,
7/23/81,14.57,15.85,19.04,-1.28,,,
7/24/81,14.41,15.64,19.04,-1.23,,,
7/27/81,14.43,15.57,19.04,-1.14,,,
7/28/81,14.53,15.78,19.04,-1.25,,,
7/29/81,14.61,15.76,19.04,-1.15,,,
7/30/81,14.71,15.88,19.04,-1.17,,,
7/31/81,14.67,15.84,19.04,-1.17,,,
8/3/81,14.95,16.16,17.82,-1.21,,,
8/4/81,14.95,16.16,17.82,-1.21,,,
8/5/81,14.91,16.07,17.82,-1.16,,,
8/6/81,14.86,16.03,17.82,-1.17,,,
8/7/81,14.83,16.05,17.82,-1.22,,,
8/10/81,14.65,15.83,17.82,-1.18,,,
8/11/81,14.4,15.67,17.82,-1.27,,,
8/12/81,14.61,16.02,17.82,-1.41,,,
8/13/81,14.65,16.13,17.82,-1.48,,,
8/14/81,14.74,16.19,17.82,-1.45,,,
8/17/81,14.71,16.22,17.82,-1.51,,,
8/18/81,14.79,16.3,17.82,-1.51,,,
8/19/81,14.77,16.32,17.82,-1.55,,,
8/20/81,14.89,16.25,17.82,-1.36,,,
8/21/81,14.97,16.31,17.82,-1.34,,,
8/24/81,15.32,16.86,17.82,-1.54,,,
8/25/81,15.35,16.67,17.82,-1.32,,,
8/26/81,15.31,16.69,17.82,-1.38,,,
8/27/81,15.36,16.75,17.82,-1.39,,,
8/28/81,15.25,16.57,17.82,-1.32,,,
8/31/81,15.41,16.73,17.82,-1.32,,,
9/1/81,15.41,16.78,15.87,-1.37,,,
9/2/81,15.4,16.78,15.87,-1.38,,,
9/3/81,15.48,16.9,15.87,-1.42,,,
9/4/81,15.51,16.89,15.87,-1.38,,,
9/7/81,15.51,16.89,15.87,-1.38,,,
9/8/81,15.59,16.95,15.87,-1.36,,,
9/9/81,15.53,16.95,15.87,-1.42,,,
9/10/81,15.3,16.72,15.87,-1.42,,,
9/11/81,15.05,16.47,15.87,-1.42,,,
9/14/81,15.2,16.43,15.87,-1.23,,,
9/15/81,15.08,16.13,15.87,-1.05,,,
9/16/81,15.11,16.09,15.87,-0.98,,,
9/17/81,14.95,16.01,15.87,-1.06,,,
9/18/81,14.91,16.02,15.87,-1.11,,,
9/21/81,14.78,15.79,15.87,-1.01,,,
9/22/81,15.03,16.04,15.87,-1.01,,,
9/23/81,15.23,16.11,15.87,-0.88,,,
9/24/81,15.31,16.17,15.87,-0.86,,,
9/25/81,15.68,16.53,15.87,-0.85,,,
9/28/81,15.65,16.57,15.87,-0.92,,,
9/29/81,15.76,16.59,15.87,-0.83,,,
9/30/81,15.84,16.69,15.87,-0.85,,,
10/1/81,15.75,16.57,15.08,-0.82,,,
10/2/81,15.41,16.34,15.08,-0.93,,,
10/5/81,15.19,15.87,15.08,-0.68,,,
10/6/81,15.14,15.85,15.08,-0.71,,,
10/7/81,15.04,15.73,15.08,-0.69,,,
10/8/81,15,15.79,15.08,-0.79,,,
10/9/81,14.73,15.2,15.08,-0.47,,,
10/12/81,14.73,15.2,15.08,-0.47,,,
10/13/81,14.83,15.25,15.08,-0.42,,,
10/14/81,14.87,15.35,15.08,-0.48,,,
10/15/81,14.88,15.31,15.08,-0.43,,,
10/16/81,14.94,15.46,15.08,-0.52,,,
10/19/81,14.95,15.48,15.08,-0.53,,,
10/20/81,15.09,15.48,15.08,-0.39,,,
10/21/81,15.34,15.55,15.08,-0.21,,,
10/22/81,15.38,15.56,15.08,-0.18,,,
10/23/81,15.3,15.41,15.08,-0.11,,,
10/26/81,15.6,15.56,15.08,0.04,,,
10/27/81,15.54,15.56,15.08,-0.02,,,
10/28/81,15.44,15.42,15.08,0.02,,,
10/29/81,15.06,15.07,15.08,-0.01,,,
10/30/81,14.63,14.59,15.08,0.04,,,
11/2/81,14.57,14.44,13.31,0.13,,,
11/3/81,14.57,14.44,13.31,0.13,,,
11/4/81,14.18,14.11,13.31,0.07,,,
11/5/81,14.19,14.2,13.31,-0.01,,,
11/6/81,13.94,13.86,13.31,0.08,,,
11/9/81,13.39,13.17,13.31,0.22,,,
11/10/81,13.4,13.22,13.31,0.18,,,
11/11/81,13.4,13.22,13.31,0.18,,,
11/12/81,13.19,12.77,13.31,0.42,,,
11/13/81,13.18,12.83,13.31,0.35,,,
11/16/81,13.07,12.69,13.31,0.38,,,
11/17/81,13.18,12.71,13.31,0.47,,,
11/18/81,13,12.19,13.31,0.81,,,
11/19/81,13.04,12.22,13.31,0.82,,,
11/20/81,13.14,12.21,13.31,0.93,,,
11/23/81,13.44,12.5,13.31,0.94,,,
11/24/81,13.13,12.15,13.31,0.98,,,
11/25/81,12.98,12.13,13.31,0.85,,,
11/26/81,12.98,12.13,13.31,0.85,,,
11/27/81,12.92,12.11,13.31,0.81,,,
11/30/81,13.13,12.36,13.31,0.77,,,
12/1/81,13.37,12.71,12.37,0.66,,,
12/2/81,13.49,12.89,12.37,0.6,,,
12/3/81,13.45,12.88,12.37,0.57,,,
12/4/81,13.15,12.23,12.37,0.92,,,
12/7/81,13.5,12.58,12.37,0.92,,,
12/8/81,13.5,12.65,12.37,0.85,,,
12/9/81,13.64,12.87,12.37,0.77,,,
12/10/81,13.8,13.16,12.37,0.64,,,
12/11/81,13.84,13.35,12.37,0.49,,,
12/14/81,13.62,13.39,12.37,0.23,,,
12/15/81,13.55,13.1,12.37,0.45,,,
12/16/81,13.53,13.04,12.37,0.49,,,
12/17/81,13.71,13.37,12.37,0.34,,,
12/18/81,13.51,13.19,12.37,0.32,,,
12/21/81,13.83,13.61,12.37,0.22,,,
12/22/81,14.02,13.77,12.37,0.25,,,
12/23/81,14.14,14.12,12.37,0.02,,,
12/24/81,14.01,13.95,12.37,0.06,,,
12/25/81,14.01,13.95,12.37,0.06,,,
12/28/81,14.01,14.02,12.37,-0.01,,,
12/29/81,14.12,13.98,12.37,0.14,,,
12/30/81,14.17,13.9,12.37,0.27,,,
12/31/81,13.98,13.63,12.37,0.35,,,
1/1/82,13.98,13.63,13.22,0.35,,,
1/4/82,14.19,13.87,13.22,0.32,,,
1/5/82,14.44,14.09,13.22,0.35,,,
1/6/82,14.59,14.19,13.22,0.4,,,
1/7/82,14.63,14.33,13.22,0.3,,,
1/8/82,14.48,14.11,13.22,0.37,,,
1/11/82,14.81,14.55,13.22,0.26,,,
1/12/82,14.62,14.49,13.22,0.13,,,
1/13/82,14.83,14.78,13.22,0.05,,,
1/14/82,14.7,14.71,13.22,-0.01,,,
1/15/82,14.82,14.81,13.22,0.01,,,
1/18/82,14.75,14.83,13.22,-0.08,,,
1/19/82,14.8,14.79,13.22,0.01,,,
1/20/82,14.81,15.02,13.22,-0.21,,,
1/21/82,14.62,14.96,13.22,-0.34,,,
1/22/82,14.69,15.06,13.22,-0.37,,,
1/25/82,14.62,14.93,13.22,-0.31,,,
1/26/82,14.54,14.7,13.22,-0.16,,,
1/27/82,14.51,14.57,13.22,-0.06,,,
1/28/82,14.29,14.33,13.22,-0.04,,,
1/29/82,14.14,14.24,13.22,-0.1,,,
2/1/82,14.58,15.04,14.78,-0.46,,,
2/2/82,14.47,14.85,14.78,-0.38,,,
2/3/82,14.69,14.93,14.78,-0.24,,,
2/4/82,14.76,14.96,14.78,-0.2,,,
2/5/82,14.65,14.89,14.78,-0.24,,,
2/8/82,14.88,15.09,14.78,-0.21,,,
2/9/82,14.95,15.15,14.78,-0.2,,,
2/10/82,14.81,15.08,14.78,-0.27,,,
2/11/82,14.71,15.07,14.78,-0.36,,,
2/12/82,14.71,15.07,14.78,-0.36,,,
2/15/82,0,0,14.78,0,,,
2/16/82,14.53,15.04,14.78,-0.51,,,
2/17/82,14.5,15.18,14.78,-0.68,,,
2/18/82,14.28,14.99,14.78,-0.71,,,
2/19/82,14.24,14.94,14.78,-0.7,,,
2/22/82,13.87,14.35,14.78,-0.48,,,
2/23/82,13.93,14.33,14.78,-0.4,,,
2/24/82,13.87,14.24,14.78,-0.37,,,
2/25/82,13.91,14.25,14.78,-0.34,,,
2/26/82,14.03,14.44,14.78,-0.41,,,
3/1/82,13.85,14.25,14.68,-0.4,,,
3/2/82,13.74,14.14,14.68,-0.4,,,
3/3/82,13.69,14.09,14.68,-0.4,,,
3/4/82,13.61,13.9,14.68,-0.29,,,
3/5/82,13.59,13.79,14.68,-0.2,,,
3/8/82,13.67,13.71,14.68,-0.04,,,
3/9/82,13.69,13.93,14.68,-0.24,,,
3/10/82,13.73,13.97,14.68,-0.24,,,
3/11/82,13.95,14.25,14.68,-0.3,,,
3/12/82,13.97,14.35,14.68,-0.38,,,
3/15/82,13.96,14.43,14.68,-0.47,,,
3/16/82,13.91,14.35,14.68,-0.44,,,
3/17/82,13.88,14.15,14.68,-0.27,,,
3/18/82,13.87,14.24,14.68,-0.37,,,
3/19/82,13.89,14.35,14.68,-0.46,,,
3/22/82,13.74,14.09,14.68,-0.35,,,
3/23/82,13.72,14.07,14.68,-0.35,,,
3/24/82,13.91,14.14,14.68,-0.23,,,
3/25/82,13.9,14.24,14.68,-0.34,,,
3/26/82,14.01,14.35,14.68,-0.34,,,
3/29/82,14.16,14.53,14.68,-0.37,,,
3/30/82,14.19,14.63,14.68,-0.44,,,
3/31/82,14.18,14.52,14.68,-0.34,,,
4/1/82,14.1,14.42,14.94,-0.32,,,
4/2/82,14.1,14.44,14.94,-0.34,,,
4/5/82,14.16,14.37,14.94,-0.21,,,
4/6/82,14.18,14.42,14.94,-0.24,,,
4/7/82,14.18,14.54,14.94,-0.36,,,
4/8/82,13.98,14.28,14.94,-0.3,,,
4/9/82,13.98,14.28,14.94,-0.3,,,
4/12/82,13.83,14.22,14.94,-0.39,,,
4/13/82,13.83,14.17,14.94,-0.34,,,
4/14/82,13.95,14.35,14.94,-0.4,,,
4/15/82,13.91,14.39,14.94,-0.48,,,
4/16/82,13.71,14.24,14.94,-0.53,,,
4/19/82,13.66,14.18,14.94,-0.52,,,
4/20/82,13.72,14.14,14.94,-0.42,,,
4/21/82,13.69,14.04,14.94,-0.35,,,
4/22/82,13.71,14.06,14.94,-0.35,,,
4/23/82,13.69,14.02,14.94,-0.33,,,
4/26/82,13.7,14.02,14.94,-0.32,,,
4/27/82,13.7,13.95,14.94,-0.25,,,
4/28/82,13.77,13.99,14.94,-0.22,,,
4/29/82,13.87,14.02,14.94,-0.15,,,
4/30/82,13.87,13.99,14.94,-0.12,,,
5/3/82,13.95,14.13,14.45,-0.18,,,
5/4/82,13.87,14.17,14.45,-0.3,,,
5/5/82,13.8,14.04,14.45,-0.24,,,
5/6/82,13.54,13.78,14.45,-0.24,,,
5/7/82,13.48,13.67,14.45,-0.19,,,
5/10/82,13.49,13.71,14.45,-0.22,,,
5/11/82,13.46,13.73,14.45,-0.27,,,
5/12/82,13.59,13.8,14.45,-0.21,,,
5/13/82,13.62,13.95,14.45,-0.33,,,
5/14/82,13.48,13.86,14.45,-0.38,,,
5/17/82,13.57,13.85,14.45,-0.28,,,
5/18/82,13.6,13.85,14.45,-0.25,,,
5/19/82,13.64,13.78,14.45,-0.14,,,
5/20/82,13.53,13.48,14.45,0.05,,,
5/21/82,13.52,13.57,14.45,-0.05,,,
5/24/82,13.58,13.62,14.45,-0.04,,,
5/25/82,13.62,13.68,14.45,-0.06,,,
5/26/82,13.68,13.62,14.45,0.06,,,
5/27/82,13.72,13.63,14.45,0.09,,,
5/28/82,13.71,13.62,14.45,0.09,,,
5/31/82,13.71,13.62,14.45,0.09,,,
6/1/82,13.93,13.92,14.15,0.01,,,
6/2/82,13.86,13.95,14.15,-0.09,,,
6/3/82,13.9,13.9,14.15,0,,,
6/4/82,13.98,14.03,14.15,-0.05,,,
6/7/82,13.94,13.97,14.15,-0.03,,,
6/8/82,13.98,14.04,14.15,-0.06,,,
6/9/82,13.99,14.11,14.15,-0.12,,,
6/10/82,14.02,14.12,14.15,-0.1,,,
6/11/82,13.93,14.08,14.15,-0.15,,,
6/14/82,14.21,14.37,14.15,-0.16,,,
6/15/82,14.21,14.41,14.15,-0.2,,,
6/16/82,14.26,14.45,14.15,-0.19,,,
6/17/82,14.48,14.79,14.15,-0.31,,,
6/18/82,14.62,14.96,14.15,-0.34,,,
6/21/82,14.63,14.92,14.15,-0.29,,,
6/22/82,14.66,14.9,14.15,-0.24,,,
6/23/82,14.74,14.97,14.15,-0.23,,,
6/24/82,14.71,14.95,14.15,-0.24,,,
6/25/82,14.76,14.98,14.15,-0.22,,,
6/28/82,14.73,14.93,14.15,-0.2,,,
6/29/82,14.61,14.83,14.15,-0.22,,,
6/30/82,14.44,14.66,14.15,-0.22,,,
7/1/82,14.4,14.6,12.59,-0.2,,,
7/2/82,14.5,14.71,12.59,-0.21,,,
7/5/82,14.5,14.71,12.59,-0.21,,,
7/6/82,14.48,14.72,12.59,-0.24,,,
7/7/82,14.49,14.68,12.59,-0.19,,,
7/8/82,14.19,14.26,12.59,-0.07,,,
7/9/82,14.03,14.05,12.59,-0.02,,,
7/12/82,13.87,13.86,12.59,0.01,,,
7/13/82,14.02,14.13,12.59,-0.11,,,
7/14/82,14.1,14.23,12.59,-0.13,,,
7/15/82,13.96,14.07,12.59,-0.11,,,
7/16/82,13.7,13.71,12.59,-0.01,,,
7/19/82,13.68,13.52,12.59,0.16,,,
7/20/82,13.53,13.27,12.59,0.26,,,
7/21/82,13.6,13.13,12.59,0.47,,,
7/22/82,13.51,13.04,12.59,0.47,,,
7/23/82,13.56,13.04,12.59,0.52,,,
7/26/82,13.91,13.33,12.59,0.58,,,
7/27/82,13.86,13.35,12.59,0.51,,,
7/28/82,13.97,13.45,12.59,0.52,,,
7/29/82,13.83,13.42,12.59,0.41,,,
7/30/82,13.68,13.17,12.59,0.51,,,
8/2/82,13.41,12.82,10.12,0.59,,,
8/3/82,13.51,12.9,10.12,0.61,,,
8/4/82,13.68,12.93,10.12,0.75,,,
8/5/82,13.7,13.08,10.12,0.62,,,
8/6/82,13.85,13.24,10.12,0.61,,,
8/9/82,13.7,13.08,10.12,0.62,,,
8/10/82,13.69,13.15,10.12,0.54,,,
8/11/82,13.71,13.15,10.12,0.56,,,
8/12/82,13.55,12.93,10.12,0.62,,,
8/13/82,13.2,12.75,10.12,0.45,,,
8/16/82,13.09,12.36,10.12,0.73,,,
8/17/82,12.65,11.83,10.12,0.82,,,
8/18/82,12.57,11.76,10.12,0.81,,,
8/19/82,12.47,11.61,10.12,0.86,,,
8/20/82,12.24,11.2,10.12,1.04,,,
8/23/82,12.47,11.57,10.12,0.9,,,
8/24/82,12.35,11.5,10.12,0.85,,,
8/25/82,12.43,11.66,10.12,0.77,,,
8/26/82,12.55,11.67,10.12,0.88,,,
8/27/82,12.77,11.93,10.12,0.84,,,
8/30/82,12.81,12.01,10.12,0.8,,,
8/31/82,12.81,11.99,10.12,0.82,,,
9/1/82,12.76,12,10.31,0.76,,,
9/2/82,12.6,11.95,10.31,0.65,,,
9/3/82,12.47,11.69,10.31,0.78,,,
9/6/82,12.47,11.69,10.31,0.78,,,
9/7/82,12.53,11.8,10.31,0.73,,,
9/8/82,12.51,11.87,10.31,0.64,,,
9/9/82,12.53,11.87,10.31,0.66,,,
9/10/82,12.73,12.06,10.31,0.67,,,
9/13/82,12.63,11.93,10.31,0.7,,,
9/14/82,12.56,11.88,10.31,0.68,,,
9/15/82,12.6,12.16,10.31,0.44,,,
9/16/82,12.6,12.14,10.31,0.46,,,
9/17/82,12.51,11.96,10.31,0.55,,,
9/20/82,12.47,11.98,10.31,0.49,,,
9/21/82,12.18,11.68,10.31,0.5,,,
9/22/82,12.04,11.61,10.31,0.43,,,
9/23/82,11.94,11.5,10.31,0.44,,,
9/24/82,12.09,11.65,10.31,0.44,,,
9/27/82,11.99,11.69,10.31,0.3,,,
9/28/82,11.85,11.42,10.31,0.43,,,
9/29/82,11.8,11.38,10.31,0.42,,,
9/30/82,11.73,11.23,10.31,0.5,,,
10/1/82,11.51,11.13,9.71,0.38,,,
10/4/82,11.72,11.51,9.71,0.21,,,
10/5/82,11.69,11.42,9.71,0.27,,,
10/6/82,11.5,11.21,9.71,0.29,,,
10/7/82,10.91,10.46,9.71,0.45,,,
10/8/82,10.83,10.15,9.71,0.68,,,
10/11/82,10.83,10.15,9.71,0.68,,,
10/12/82,10.53,9.69,9.71,0.84,,,
10/13/82,10.39,9.68,9.71,0.71,,,
10/14/82,10.61,9.84,9.71,0.77,,,
10/15/82,10.75,10,9.71,0.75,,,
10/18/82,10.58,9.8,9.71,0.78,,,
10/19/82,10.56,9.82,9.71,0.74,,,
10/20/82,10.69,9.72,9.71,0.97,,,
10/21/82,10.69,9.79,9.71,0.9,,,
10/22/82,10.81,9.87,9.71,0.94,,,
10/25/82,11.11,10.09,9.71,1.02,,,
10/26/82,10.87,9.89,9.71,0.98,,,
10/27/82,10.9,9.94,9.71,0.96,,,
10/28/82,10.77,9.89,9.71,0.88,,,
10/29/82,10.71,9.85,9.71,0.86,,,
11/1/82,10.56,9.68,9.2,0.88,,,
11/2/82,10.56,9.68,9.2,0.88,,,
11/3/82,10.46,9.65,9.2,0.81,,,
11/4/82,10.42,9.64,9.2,0.78,,,
11/5/82,10.48,9.73,9.2,0.75,,,
11/8/82,10.55,9.81,9.2,0.74,,,
11/9/82,10.51,9.74,9.2,0.77,,,
11/10/82,10.48,9.77,9.2,0.71,,,
11/11/82,10.48,9.77,9.2,0.71,,,
11/12/82,10.58,9.87,9.2,0.71,,,
11/15/82,10.65,9.91,9.2,0.74,,,
11/16/82,10.67,9.9,9.2,0.77,,,
11/17/82,10.59,9.9,9.2,0.69,,,
11/18/82,10.46,9.81,9.2,0.65,,,
11/19/82,10.42,9.79,9.2,0.63,,,
11/22/82,10.43,9.73,9.2,0.7,,,
11/23/82,10.53,9.73,9.2,0.8,,,
11/24/82,10.59,9.8,9.2,0.79,,,
11/25/82,10.59,9.8,9.2,0.79,,,
11/26/82,10.51,9.76,9.2,0.75,,,
11/29/82,10.78,9.94,9.2,0.84,,,
11/30/82,10.79,9.96,9.2,0.83,,,
12/1/82,10.74,9.96,8.95,0.78,,,
12/2/82,10.68,9.89,8.95,0.79,,,
12/3/82,10.47,9.72,8.95,0.75,,,
12/6/82,10.46,9.73,8.95,0.73,,,
12/7/82,10.48,9.72,8.95,0.76,,,
12/8/82,10.62,9.85,8.95,0.77,,,
12/9/82,10.58,9.83,8.95,0.75,,,
12/10/82,10.66,9.87,8.95,0.79,,,
12/13/82,10.61,9.84,8.95,0.77,,,
12/14/82,10.46,9.54,8.95,0.92,,,
12/15/82,10.5,9.49,8.95,1.01,,,
12/16/82,10.59,9.59,8.95,1,,,
12/17/82,10.64,9.66,8.95,0.98,,,
12/20/82,10.7,9.67,8.95,1.03,,,
12/21/82,10.54,9.54,8.95,1,,,
12/22/82,10.53,9.55,8.95,0.98,,,
12/23/82,10.47,9.52,8.95,0.95,,,
12/24/82,10.47,9.52,8.95,0.95,,,
12/27/82,10.44,9.54,8.95,0.9,,,
12/28/82,10.44,9.52,8.95,0.92,,,
12/29/82,10.47,9.54,8.95,0.93,,,
12/30/82,10.44,9.52,8.95,0.92,,,
12/31/82,10.36,9.48,8.95,0.88,,,
1/3/83,10.32,9.29,8.68,1.03,,,
1/4/83,10.37,9.43,8.68,0.94,,,
1/5/83,10.35,9.39,8.68,0.96,,,
1/6/83,10.39,9.39,8.68,1,,,
1/7/83,10.36,9.26,8.68,1.1,,,
1/10/83,10.38,9.24,8.68,1.14,,,
1/11/83,10.34,9.19,8.68,1.15,,,
1/12/83,10.32,9.22,8.68,1.1,,,
1/13/83,10.27,9.11,8.68,1.16,,,
1/14/83,10.28,9.09,8.68,1.19,,,
1/17/83,10.28,9.17,8.68,1.11,,,
1/18/83,10.3,9.14,8.68,1.16,,,
1/19/83,10.41,9.2,8.68,1.21,,,
1/20/83,10.43,9.26,8.68,1.17,,,
1/21/83,10.61,9.46,8.68,1.15,,,
1/24/83,10.7,9.54,8.68,1.16,,,
1/25/83,10.62,9.44,8.68,1.18,,,
1/26/83,10.69,9.52,8.68,1.17,,,
1/27/83,10.67,9.49,8.68,1.18,,,
1/28/83,10.71,9.47,8.68,1.24,,,
1/31/83,10.8,9.58,8.68,1.22,,,
2/1/83,10.78,9.6,8.51,1.18,,,
2/2/83,10.88,9.71,8.51,1.17,,,
2/3/83,10.93,9.71,8.51,1.22,,,
2/4/83,10.99,9.82,8.51,1.17,,,
2/7/83,10.96,9.8,8.51,1.16,,,
2/8/83,10.99,9.83,8.51,1.16,,,
2/9/83,11,9.89,8.51,1.11,,,
2/10/83,10.83,9.74,8.51,1.09,,,
2/11/83,10.8,9.7,8.51,1.1,,,
2/14/83,10.8,9.78,8.51,1.02,,,
2/15/83,10.84,9.77,8.51,1.07,,,
2/16/83,10.81,9.69,8.51,1.12,,,
2/17/83,10.71,9.65,8.51,1.06,,,
2/18/83,10.6,9.56,8.51,1.04,,,
2/21/83,10.6,9.56,8.51,1.04,,,
2/22/83,10.46,9.41,8.51,1.05,,,
2/23/83,10.44,9.44,8.51,1,,,
2/24/83,10.42,9.4,8.51,1.02,,,
2/25/83,10.26,9.28,8.51,0.98,,,
2/28/83,10.27,9.31,8.51,0.96,,,
3/1/83,10.22,9.26,8.77,0.96,,,
3/2/83,10.26,9.3,8.77,0.96,,,
3/3/83,10.23,9.24,8.77,0.99,,,
3/4/83,10.27,9.25,8.77,1.02,,,
3/7/83,10.43,9.46,8.77,0.97,,,
3/8/83,10.52,9.62,8.77,0.9,,,
3/9/83,10.48,9.62,8.77,0.86,,,
3/10/83,10.55,9.67,8.77,0.88,,,
3/11/83,10.59,9.66,8.77,0.93,,,
3/14/83,10.48,9.58,8.77,0.9,,,
3/15/83,10.46,9.57,8.77,0.89,,,
3/16/83,10.53,9.65,8.77,0.88,,,
3/17/83,10.56,9.71,8.77,0.85,,,
3/18/83,10.58,9.78,8.77,0.8,,,
3/21/83,10.6,9.79,8.77,0.81,,,
3/22/83,10.62,9.84,8.77,0.78,,,
3/23/83,10.58,9.81,8.77,0.77,,,
3/24/83,10.58,9.82,8.77,0.76,,,
3/25/83,10.64,9.91,8.77,0.73,,,
3/28/83,10.66,9.92,8.77,0.74,,,
3/29/83,10.6,9.88,8.77,0.72,,,
3/30/83,10.59,9.88,8.77,0.71,,,
3/31/83,10.62,9.87,8.77,0.75,,,
4/1/83,10.62,9.87,8.8,0.75,,,
4/4/83,10.6,9.87,8.8,0.73,,,
4/5/83,10.49,9.72,8.8,0.77,,,
4/6/83,10.49,9.69,8.8,0.8,,,
4/7/83,10.51,9.67,8.8,0.84,,,
4/8/83,10.51,9.67,8.8,0.84,,,
4/11/83,10.41,9.53,8.8,0.88,,,
4/12/83,10.42,9.58,8.8,0.84,,,
4/13/83,10.39,9.57,8.8,0.82,,,
4/14/83,10.29,9.49,8.8,0.8,,,
4/15/83,10.33,9.53,8.8,0.8,,,
4/18/83,10.29,9.49,8.8,0.8,,,
4/19/83,10.39,9.58,8.8,0.81,,,
4/20/83,10.39,9.58,8.8,0.81,,,
4/21/83,10.43,9.61,8.8,0.82,,,
4/22/83,10.42,9.58,8.8,0.84,,,
4/25/83,10.4,9.52,8.8,0.88,,,
4/26/83,10.37,9.49,8.8,0.88,,,
4/27/83,10.29,9.42,8.8,0.87,,,
4/28/83,10.31,9.42,8.8,0.89,,,
4/29/83,10.27,9.35,8.8,0.92,,,
5/2/83,10.26,9.29,8.63,0.97,,,
5/3/83,10.26,9.27,8.63,0.99,,,
5/4/83,10.12,9.19,8.63,0.93,,,
5/5/83,10.16,9.25,8.63,0.91,,,
5/6/83,10.13,9.17,8.63,0.96,,,
5/9/83,10.25,9.33,8.63,0.92,,,
5/10/83,10.16,9.24,8.63,0.92,,,
5/11/83,10.18,9.22,8.63,0.96,,,
5/12/83,10.23,9.29,8.63,0.94,,,
5/13/83,10.22,9.27,8.63,0.95,,,
5/16/83,10.37,9.47,8.63,0.9,,,
5/17/83,10.41,9.48,8.63,0.93,,,
5/18/83,10.43,9.49,8.63,0.94,,,
5/19/83,10.49,9.61,8.63,0.88,,,
5/20/83,10.54,9.64,8.63,0.9,,,
5/23/83,10.57,9.74,8.63,0.83,,,
5/24/83,10.56,9.75,8.63,0.81,,,
5/25/83,10.58,9.76,8.63,0.82,,,
5/26/83,10.63,9.89,8.63,0.74,,,
5/27/83,10.62,9.9,8.63,0.72,,,
5/30/83,10.62,9.9,8.63,0.72,,,
5/31/83,10.81,10.02,8.63,0.79,,,
6/1/83,10.77,9.97,8.98,0.8,,,
6/2/83,10.78,9.96,8.98,0.82,,,
6/3/83,10.79,10.01,8.98,0.78,,,
6/6/83,10.79,10.09,8.98,0.7,,,
6/7/83,10.85,10.18,8.98,0.67,,,
6/8/83,10.92,10.2,8.98,0.72,,,
6/9/83,10.88,10.12,8.98,0.76,,,
6/10/83,10.89,10.2,8.98,0.69,,,
6/13/83,10.75,10.11,8.98,0.64,,,
6/14/83,10.77,10.09,8.98,0.68,,,
6/15/83,10.72,10.06,8.98,0.66,,,
6/16/83,10.64,10.05,8.98,0.59,,,
6/17/83,10.68,10.07,8.98,0.61,,,
6/20/83,10.8,10.26,8.98,0.54,,,
6/21/83,10.79,10.27,8.98,0.52,,,
6/22/83,10.83,10.31,8.98,0.52,,,
6/23/83,10.9,10.33,8.98,0.57,,,
6/24/83,11.02,10.43,8.98,0.59,,,
6/27/83,11.11,10.44,8.98,0.67,,,
6/28/83,11.04,10.35,8.98,0.69,,,
6/29/83,10.99,10.27,8.98,0.72,,,
6/30/83,10.96,10.23,8.98,0.73,,,
7/1/83,10.93,10.17,9.37,0.76,,,
7/4/83,10.93,10.17,9.37,0.76,,,
7/5/83,11.21,10.52,9.37,0.69,,,
7/6/83,11.16,10.49,9.37,0.67,,,
7/7/83,11.29,10.59,9.37,0.7,,,
7/8/83,11.33,10.69,9.37,0.64,,,
7/11/83,11.28,10.56,9.37,0.72,,,
7/12/83,11.42,10.74,9.37,0.68,,,
7/13/83,11.4,10.71,9.37,0.69,,,
7/14/83,11.38,10.72,9.37,0.66,,,
7/15/83,11.51,10.82,9.37,0.69,,,
7/18/83,11.41,10.76,9.37,0.65,,,
7/19/83,11.36,10.69,9.37,0.67,,,
7/20/83,11.28,10.64,9.37,0.64,,,
7/21/83,11.32,10.66,9.37,0.66,,,
7/22/83,11.43,10.77,9.37,0.66,,,
7/25/83,11.41,10.74,9.37,0.67,,,
7/26/83,11.49,10.77,9.37,0.72,,,
7/27/83,11.51,10.77,9.37,0.74,,,
7/28/83,11.66,10.86,9.37,0.8,,,
7/29/83,11.76,11.03,9.37,0.73,,,
8/1/83,11.8,11.09,9.56,0.71,,,
8/2/83,11.82,11.14,9.56,0.68,,,
8/3/83,11.92,11.13,9.56,0.79,,,
8/4/83,12.12,11.27,9.56,0.85,,,
8/5/83,12.1,11.27,9.56,0.83,,,
8/8/83,12.2,11.37,9.56,0.83,,,
8/9/83,12.13,11.33,9.56,0.8,,,
8/10/83,12.17,11.41,9.56,0.76,,,
8/11/83,12.04,11.32,9.56,0.72,,,
8/12/83,11.96,11.27,9.56,0.69,,,
8/15/83,11.76,11.08,9.56,0.68,,,
8/16/83,11.71,10.97,9.56,0.74,,,
8/17/83,11.65,10.86,9.56,0.79,,,
8/18/83,11.7,10.85,9.56,0.85,,,
8/19/83,11.72,10.9,9.56,0.82,,,
8/22/83,11.54,10.75,9.56,0.79,,,
8/23/83,11.57,10.79,9.56,0.78,,,
8/24/83,11.54,10.76,9.56,0.78,,,
8/25/83,11.62,10.83,9.56,0.79,,,
8/26/83,11.65,10.88,9.56,0.77,,,
8/29/83,11.86,11.09,9.56,0.77,,,
8/30/83,11.9,11.08,9.56,0.82,,,
8/31/83,11.98,11.18,9.56,0.8,,,
9/1/83,11.97,11.16,9.45,0.81,,,
9/2/83,12.01,11.18,9.45,0.83,,,
9/5/83,12.01,11.18,9.45,0.83,,,
9/6/83,11.85,11.03,9.45,0.82,,,
9/7/83,11.7,10.88,9.45,0.82,,,
9/8/83,11.77,10.95,9.45,0.82,,,
9/9/83,11.73,10.93,9.45,0.8,,,
9/12/83,11.56,10.71,9.45,0.85,,,
9/13/83,11.63,10.77,9.45,0.86,,,
9/14/83,11.76,10.88,9.45,0.88,,,
9/15/83,11.82,10.95,9.45,0.87,,,
9/16/83,11.68,10.83,9.45,0.85,,,
9/19/83,11.66,10.72,9.45,0.94,,,
9/20/83,11.57,10.7,9.45,0.87,,,
9/21/83,11.64,10.73,9.45,0.91,,,
9/22/83,11.6,10.74,9.45,0.86,,,
9/23/83,11.49,10.61,9.45,0.88,,,
9/26/83,11.41,10.49,9.45,0.92,,,
9/27/83,11.45,10.57,9.45,0.88,,,
9/28/83,11.49,10.59,9.45,0.9,,,
9/29/83,11.5,10.64,9.45,0.86,,,
9/30/83,11.44,10.53,9.45,0.91,,,
10/3/83,11.47,10.55,9.48,0.92,,,
10/4/83,11.46,10.56,9.48,0.9,,,
10/5/83,11.35,10.45,9.48,0.9,,,
10/6/83,11.31,10.42,9.48,0.89,,,
10/7/83,11.33,10.45,9.48,0.88,,,
10/10/83,11.33,10.45,9.48,0.88,,,
10/11/83,11.57,10.68,9.48,0.89,,,
10/12/83,11.59,10.65,9.48,0.94,,,
10/13/83,11.65,10.71,9.48,0.94,,,
10/14/83,11.58,10.65,9.48,0.93,,,
10/17/83,11.47,10.49,9.48,0.98,,,
10/18/83,11.49,10.48,9.48,1.01,,,
10/19/83,11.49,10.55,9.48,0.94,,,
10/20/83,11.47,10.54,9.48,0.93,,,
10/21/83,11.43,10.48,9.48,0.95,,,
10/24/83,11.66,10.68,9.48,0.98,,,
10/25/83,11.7,10.63,9.48,1.07,,,
10/26/83,11.72,10.63,9.48,1.09,,,
10/27/83,11.66,10.6,9.48,1.06,,,
10/28/83,11.68,10.61,9.48,1.07,,,
10/31/83,11.74,10.61,9.48,1.13,,,
11/1/83,11.69,10.64,9.34,1.05,,,
11/2/83,11.7,10.62,9.34,1.08,,,
11/3/83,11.75,10.63,9.34,1.12,,,
11/4/83,11.85,10.76,9.34,1.09,,,
11/7/83,11.85,10.79,9.34,1.06,,,
11/8/83,11.85,10.79,9.34,1.06,,,
11/9/83,11.84,10.74,9.34,1.1,,,
11/10/83,11.71,10.63,9.34,1.08,,,
11/11/83,11.71,10.63,9.34,1.08,,,
11/14/83,11.68,10.6,9.34,1.08,,,
11/15/83,11.7,10.66,9.34,1.04,,,
11/16/83,11.7,10.66,9.34,1.04,,,
11/17/83,11.72,10.68,9.34,1.04,,,
11/18/83,11.72,10.68,9.34,1.04,,,
11/21/83,11.65,10.65,9.34,1,,,
11/22/83,11.57,10.6,9.34,0.97,,,
11/23/83,11.59,10.64,9.34,0.95,,,
11/24/83,11.59,10.64,9.34,0.95,,,
11/25/83,11.55,10.63,9.34,0.92,,,
11/28/83,11.63,10.69,9.34,0.94,,,
11/29/83,11.58,10.65,9.34,0.93,,,
11/30/83,11.63,10.67,9.34,0.96,,,
12/1/83,11.63,10.66,9.47,0.97,,,
12/2/83,11.75,10.77,9.47,0.98,,,
12/5/83,11.78,10.8,9.47,0.98,,,
12/6/83,11.76,10.74,9.47,1.02,,,
12/7/83,11.79,10.75,9.47,1.04,,,
12/8/83,11.89,10.83,9.47,1.06,,,
12/9/83,11.9,10.85,9.47,1.05,,,
12/12/83,11.87,10.82,9.47,1.05,,,
12/13/83,11.95,10.93,9.47,1.02,,,
12/14/83,11.97,10.92,9.47,1.05,,,
12/15/83,11.96,10.93,9.47,1.03,,,
12/16/83,11.88,10.87,9.47,1.01,,,
12/19/83,11.87,10.87,9.47,1,,,
12/20/83,11.86,10.87,9.47,0.99,,,
12/21/83,11.83,10.88,9.47,0.95,,,
12/22/83,11.77,10.83,9.47,0.94,,,
12/23/83,11.79,10.86,9.47,0.93,,,
12/26/83,11.79,10.86,9.47,0.93,,,
12/27/83,11.75,10.85,9.47,0.9,,,
12/28/83,11.81,10.85,9.47,0.96,,,
12/29/83,11.79,10.84,9.47,0.95,,,
12/30/83,11.82,10.85,9.47,0.97,,,
1/2/84,11.82,10.85,9.56,0.97,,,
1/3/84,11.86,10.87,9.56,0.99,,,
1/4/84,11.78,10.77,9.56,1.01,,,
1/5/84,11.77,10.75,9.56,1.02,,,
1/6/84,11.73,10.68,9.56,1.05,,,
1/9/84,11.75,10.73,9.56,1.02,,,
1/10/84,11.71,10.66,9.56,1.05,,,
1/11/84,11.76,10.72,9.56,1.04,,,
1/12/84,11.76,10.71,9.56,1.05,,,
1/13/84,11.59,10.5,9.56,1.09,,,
1/16/84,11.54,10.52,9.56,1.02,,,
1/17/84,11.57,10.55,9.56,1.02,,,
1/18/84,11.61,10.58,9.56,1.03,,,
1/19/84,11.6,10.57,9.56,1.03,,,
1/20/84,11.64,10.6,9.56,1.04,,,
1/23/84,11.63,10.61,9.56,1.02,,,
1/24/84,11.63,10.63,9.56,1,,,
1/25/84,11.64,10.65,9.56,0.99,,,
1/26/84,11.63,10.62,9.56,1.01,,,
1/27/84,11.63,10.62,9.56,1.01,,,
1/30/84,11.66,10.57,9.56,1.09,,,
1/31/84,11.67,10.58,9.56,1.09,,,
2/1/84,11.64,10.56,9.59,1.08,,,
2/2/84,11.6,10.54,9.59,1.06,,,
2/3/84,11.6,10.53,9.59,1.07,,,
2/6/84,11.7,10.67,9.59,1.03,,,
2/7/84,11.71,10.66,9.59,1.05,,,
2/8/84,11.72,10.65,9.59,1.07,,,
2/9/84,11.73,10.66,9.59,1.07,,,
2/10/84,11.83,10.73,9.59,1.1,,,
2/13/84,11.83,10.73,9.59,1.1,,,
2/14/84,11.85,10.78,9.59,1.07,,,
2/15/84,11.81,10.73,9.59,1.08,,,
2/16/84,11.83,10.75,9.59,1.08,,,
2/17/84,11.92,10.87,9.59,1.05,,,
2/20/84,11.92,10.87,9.59,1.05,,,
2/21/84,11.91,10.85,9.59,1.06,,,
2/22/84,11.93,10.92,9.59,1.01,,,
2/23/84,12.05,11.03,9.59,1.02,,,
2/24/84,11.99,10.94,9.59,1.05,,,
2/27/84,12.05,11.02,9.59,1.03,,,
2/28/84,12.09,11.04,9.59,1.05,,,
2/29/84,12.04,10.99,9.59,1.05,,,
3/1/84,12.07,11.05,9.91,1.02,,,
3/2/84,11.99,10.92,9.91,1.07,,,
3/5/84,12.07,11.01,9.91,1.06,,,
3/6/84,12.09,11.01,9.91,1.08,,,
3/7/84,12.22,11.08,9.91,1.14,,,
3/8/84,12.24,11.15,9.91,1.09,,,
3/9/84,12.28,11.19,9.91,1.09,,,
3/12/84,12.24,11.18,9.91,1.06,,,
3/13/84,12.27,11.22,9.91,1.05,,,
3/14/84,12.31,11.26,9.91,1.05,,,
3/15/84,12.31,11.28,9.91,1.03,,,
3/16/84,12.34,11.27,9.91,1.07,,,
3/19/84,12.45,11.39,9.91,1.06,,,
3/20/84,12.44,11.45,9.91,0.99,,,
3/21/84,12.45,11.57,9.91,0.88,,,
3/22/84,12.49,11.59,9.91,0.9,,,
3/23/84,12.48,11.59,9.91,0.89,,,
3/26/84,12.46,11.56,9.91,0.9,,,
3/27/84,12.46,11.58,9.91,0.88,,,
3/28/84,12.42,11.48,9.91,0.94,,,
3/29/84,12.41,11.49,9.91,0.92,,,
3/30/84,12.53,11.6,9.91,0.93,,,
4/2/84,12.56,11.61,10.29,0.95,,,
4/3/84,12.65,11.73,10.29,0.92,,,
4/4/84,12.67,11.76,10.29,0.91,,,
4/5/84,12.65,11.7,10.29,0.95,,,
4/6/84,12.51,11.55,10.29,0.96,,,
4/9/84,12.47,11.55,10.29,0.92,,,
4/10/84,12.52,11.54,10.29,0.98,,,
4/11/84,12.5,11.53,10.29,0.97,,,
4/12/84,12.4,11.49,10.29,0.91,,,
4/13/84,12.57,11.66,10.29,0.91,,,
4/16/84,12.61,11.7,10.29,0.91,,,
4/17/84,12.57,11.59,10.29,0.98,,,
4/18/84,12.7,11.69,10.29,1.01,,,
4/19/84,12.77,11.77,10.29,1,,,
4/20/84,12.77,11.77,10.29,1,,,
4/23/84,12.8,11.78,10.29,1.02,,,
4/24/84,12.75,11.73,10.29,1.02,,,
4/25/84,12.69,11.79,10.29,0.9,,,
4/26/84,12.67,11.77,10.29,0.9,,,
4/27/84,12.79,11.89,10.29,0.9,,,
4/30/84,12.82,11.89,10.29,0.93,,,
5/1/84,12.82,11.88,10.32,0.94,,,
5/2/84,12.86,11.92,10.32,0.94,,,
5/3/84,12.89,11.96,10.32,0.93,,,
5/4/84,13.07,12.15,10.32,0.92,,,
5/7/84,13.13,12.24,10.32,0.89,,,
5/8/84,13.09,12.23,10.32,0.86,,,
5/9/84,13.21,12.32,10.32,0.89,,,
5/10/84,13.25,12.32,10.32,0.93,,,
5/11/84,13.46,12.55,10.32,0.91,,,
5/14/84,13.58,12.57,10.32,1.01,,,
5/15/84,13.48,12.51,10.32,0.97,,,
5/16/84,13.41,12.42,10.32,0.99,,,
5/17/84,13.54,12.51,10.32,1.03,,,
5/18/84,13.45,12.47,10.32,0.98,,,
5/21/84,13.43,12.48,10.32,0.95,,,
5/22/84,13.52,12.58,10.32,0.94,,,
5/23/84,13.54,12.67,10.32,0.87,,,
5/24/84,13.72,12.77,10.32,0.95,,,
5/25/84,13.75,12.77,10.32,0.98,,,
5/28/84,13.75,12.77,10.32,0.98,,,
5/29/84,13.89,12.98,10.32,0.91,,,
5/30/84,13.99,13.04,10.32,0.95,,,
5/31/84,13.91,13,10.32,0.91,,,
6/1/84,13.63,12.72,11.06,0.91,,,
6/4/84,13.42,12.63,11.06,0.79,,,
6/5/84,13.37,12.6,11.06,0.77,,,
6/6/84,13.54,12.75,11.06,0.79,,,
6/7/84,13.54,12.81,11.06,0.73,,,
6/8/84,13.46,12.74,11.06,0.72,,,
6/11/84,13.58,13,11.06,0.58,,,
6/12/84,13.54,12.92,11.06,0.62,,,
6/13/84,13.44,12.83,11.06,0.61,,,
6/14/84,13.39,12.75,11.06,0.64,,,
6/15/84,13.21,12.63,11.06,0.58,,,
6/18/84,13.27,12.75,11.06,0.52,,,
6/19/84,13.38,12.79,11.06,0.59,,,
6/20/84,13.65,13.08,11.06,0.57,,,
6/21/84,13.72,13.14,11.06,0.58,,,
6/22/84,13.74,13.15,11.06,0.59,,,
6/25/84,13.75,13.12,11.06,0.63,,,
6/26/84,13.79,13.17,11.06,0.62,,,
6/27/84,13.76,13.12,11.06,0.64,,,
6/28/84,13.8,13.17,11.06,0.63,,,
6/29/84,13.84,13.17,11.06,0.67,,,
7/2/84,13.87,13.17,11.23,0.7,,,
7/3/84,13.8,13.12,11.23,0.68,,,
7/4/84,13.8,13.12,11.23,0.68,,,
7/5/84,13.77,13.07,11.23,0.7,,,
7/6/84,13.75,13.13,11.23,0.62,,,
7/9/84,13.48,12.96,11.23,0.52,,,
7/10/84,13.53,13,11.23,0.53,,,
7/11/84,13.55,13.06,11.23,0.49,,,
7/12/84,13.42,12.96,11.23,0.46,,,
7/13/84,13.3,12.85,11.23,0.45,,,
7/16/84,13.32,12.89,11.23,0.43,,,
7/17/84,13.37,12.93,11.23,0.44,,,
7/18/84,13.32,12.89,11.23,0.43,,,
7/19/84,13.25,12.82,11.23,0.43,,,
7/20/84,13.36,12.85,11.23,0.51,,,
7/23/84,13.35,12.87,11.23,0.48,,,
7/24/84,13.31,12.85,11.23,0.46,,,
7/25/84,13.06,12.64,11.23,0.42,,,
7/26/84,12.89,12.55,11.23,0.34,,,
7/27/84,12.95,12.59,11.23,0.36,,,
7/30/84,13.05,12.66,11.23,0.39,,,
7/31/84,12.91,12.57,11.23,0.34,,,
8/1/84,12.81,12.48,11.64,0.33,,,
8/2/84,12.74,12.48,11.64,0.26,,,
8/3/84,12.61,12.3,11.64,0.31,,,
8/6/84,12.73,12.42,11.64,0.31,,,
8/7/84,12.69,12.41,11.64,0.28,,,
8/8/84,12.66,12.37,11.64,0.29,,,
8/9/84,12.61,12.33,11.64,0.28,,,
8/10/84,12.68,12.35,11.64,0.33,,,
8/13/84,12.74,12.45,11.64,0.29,,,
8/14/84,12.67,12.34,11.64,0.33,,,
8/15/84,12.74,12.39,11.64,0.35,,,
8/16/84,12.7,12.4,11.64,0.3,,,
8/17/84,12.7,12.4,11.64,0.3,,,
8/20/84,12.69,12.42,11.64,0.27,,,
8/21/84,12.62,12.41,11.64,0.21,,,
8/22/84,12.65,12.45,11.64,0.2,,,
8/23/84,12.69,12.44,11.64,0.25,,,
8/24/84,12.66,12.41,11.64,0.25,,,
8/27/84,12.81,12.54,11.64,0.27,,,
8/28/84,12.81,12.54,11.64,0.27,,,
8/29/84,12.83,12.56,11.64,0.27,,,
8/30/84,12.84,12.56,11.64,0.28,,,
8/31/84,12.79,12.54,11.64,0.25,,,
9/3/84,12.79,12.54,11.3,0.25,,,
9/4/84,12.88,12.59,11.3,0.29,,,
9/5/84,12.92,12.63,11.3,0.29,,,
9/6/84,12.81,12.54,11.3,0.27,,,
9/7/84,12.7,12.45,11.3,0.25,,,
9/10/84,12.62,12.27,11.3,0.35,,,
9/11/84,12.54,12.26,11.3,0.28,,,
9/12/84,12.55,12.3,11.3,0.25,,,
9/13/84,12.44,12.21,11.3,0.23,,,
9/14/84,12.42,12.15,11.3,0.27,,,
9/17/84,12.4,12.16,11.3,0.24,,,
9/18/84,12.35,12.1,11.3,0.25,,,
9/19/84,12.25,11.94,11.3,0.31,,,
9/20/84,12.28,11.94,11.3,0.34,,,
9/21/84,12.45,12.06,11.3,0.39,,,
9/24/84,12.52,12.1,11.3,0.42,,,
9/25/84,12.56,12.12,11.3,0.44,,,
9/26/84,12.46,12.05,11.3,0.41,,,
9/27/84,12.31,11.95,11.3,0.36,,,
9/28/84,12.47,12.07,11.3,0.4,,,
10/1/84,12.54,12.09,9.99,0.45,,,
10/2/84,12.54,12.07,9.99,0.47,,,
10/3/84,12.54,12.06,9.99,0.48,,,
10/4/84,12.52,12.02,9.99,0.5,,,
10/5/84,12.39,11.93,9.99,0.46,,,
10/8/84,12.39,11.93,9.99,0.46,,,
10/9/84,12.36,11.87,9.99,0.49,,,
10/10/84,12.36,11.89,9.99,0.47,,,
10/11/84,12.31,11.78,9.99,0.53,,,
10/12/84,12.28,11.72,9.99,0.56,,,
10/15/84,12.34,11.78,9.99,0.56,,,
10/16/84,12.32,11.77,9.99,0.55,,,
10/17/84,12.28,11.7,9.99,0.58,,,
10/18/84,12.09,11.53,9.99,0.56,,,
10/19/84,11.93,11.39,9.99,0.54,,,
10/22/84,11.9,11.35,9.99,0.55,,,
10/23/84,11.78,11.17,9.99,0.61,,,
10/24/84,11.74,11.1,9.99,0.64,,,
10/25/84,11.83,11.13,9.99,0.7,,,
10/26/84,11.99,11.33,9.99,0.66,,,
10/29/84,11.95,11.3,9.99,0.65,,,
10/30/84,11.75,11.13,9.99,0.62,,,
10/31/84,11.79,11.09,9.99,0.7,,,
11/1/84,11.66,10.93,9.43,0.73,,,
11/2/84,11.66,10.96,9.43,0.7,,,
11/5/84,11.6,10.79,9.43,0.81,,,
11/6/84,11.6,10.79,9.43,0.81,,,
11/7/84,11.72,10.8,9.43,0.92,,,
11/8/84,11.81,10.95,9.43,0.86,,,
11/9/84,11.71,10.81,9.43,0.9,,,
11/12/84,11.71,10.81,9.43,0.9,,,
11/13/84,11.78,10.89,9.43,0.89,,,
11/14/84,11.81,10.91,9.43,0.9,,,
11/15/84,11.73,10.78,9.43,0.95,,,
11/16/84,11.69,10.71,9.43,0.98,,,
11/19/84,11.61,10.67,9.43,0.94,,,
11/20/84,11.53,10.59,9.43,0.94,,,
11/21/84,11.39,10.39,9.43,1,,,
11/22/84,11.39,10.39,9.43,1,,,
11/23/84,11.24,10.29,9.43,0.95,,,
11/26/84,11.28,10.33,9.43,0.95,,,
11/27/84,11.28,10.31,9.43,0.97,,,
11/28/84,11.38,10.35,9.43,1.03,,,
11/29/84,11.42,10.37,9.43,1.05,,,
11/30/84,11.58,10.5,9.43,1.08,,,
12/3/84,11.56,10.5,8.38,1.06,,,
12/4/84,11.52,10.44,8.38,1.08,,,
12/5/84,11.52,10.4,8.38,1.12,,,
12/6/84,11.61,10.49,8.38,1.12,,,
12/7/84,11.7,10.51,8.38,1.19,,,
12/10/84,11.66,10.47,8.38,1.19,,,
12/11/84,11.57,10.4,8.38,1.17,,,
12/12/84,11.54,10.35,8.38,1.19,,,
12/13/84,11.7,10.4,8.38,1.3,,,
12/14/84,11.56,10.2,8.38,1.36,,,
12/17/84,11.49,10.07,8.38,1.42,,,
12/18/84,11.29,9.85,8.38,1.44,,,
12/19/84,11.34,9.89,8.38,1.45,,,
12/20/84,11.37,9.94,8.38,1.43,,,
12/21/84,11.34,9.94,8.38,1.4,,,
12/24/84,11.31,9.83,8.38,1.48,,,
12/25/84,11.31,9.83,8.38,1.48,,,
12/26/84,11.45,9.95,8.38,1.5,,,
12/27/84,11.45,9.96,8.38,1.49,,,
12/28/84,11.46,10.02,8.38,1.44,,,
12/31/84,11.55,10.02,8.38,1.53,,,
1/1/85,11.55,10.02,8.35,1.53,,,
1/2/85,11.7,10.03,8.35,1.67,,,
1/3/85,11.62,10.06,8.35,1.56,,,
1/4/85,11.67,10.08,8.35,1.59,,,
1/7/85,11.5,10.01,8.35,1.49,,,
1/8/85,11.45,9.99,8.35,1.46,,,
1/9/85,11.47,9.95,8.35,1.52,,,
1/10/85,11.48,10,8.35,1.48,,,
1/11/85,11.59,10.08,8.35,1.51,,,
1/14/85,11.6,10.07,8.35,1.53,,,
1/15/85,11.49,10,8.35,1.49,,,
1/16/85,11.51,9.99,8.35,1.52,,,
1/17/85,11.48,9.98,8.35,1.5,,,
1/18/85,11.39,9.91,8.35,1.48,,,
1/21/85,11.39,9.91,8.35,1.48,,,
1/22/85,11.27,9.83,8.35,1.44,,,
1/23/85,11.21,9.83,8.35,1.38,,,
1/24/85,11.06,9.74,8.35,1.32,,,
1/25/85,11.11,9.76,8.35,1.35,,,
1/28/85,11.11,9.79,8.35,1.32,,,
1/29/85,11.11,9.79,8.35,1.32,,,
1/30/85,11.08,9.76,8.35,1.32,,,
1/31/85,11.17,9.9,8.35,1.27,,,
2/1/85,11.29,10.04,8.5,1.25,,,
2/4/85,11.35,10.03,8.5,1.32,,,
2/5/85,11.3,9.99,8.5,1.31,,,
2/6/85,11.4,10.03,8.5,1.37,,,
2/7/85,11.41,10.06,8.5,1.35,,,
2/8/85,11.37,10.03,8.5,1.34,,,
2/11/85,11.42,10.06,8.5,1.36,,,
2/12/85,11.42,10.06,8.5,1.36,,,
2/13/85,11.39,10.03,8.5,1.36,,,
2/14/85,11.29,9.98,8.5,1.31,,,
2/15/85,11.38,10.02,8.5,1.36,,,
2/18/85,11.38,10.02,8.5,1.36,,,
2/19/85,11.37,10.01,8.5,1.36,,,
2/20/85,11.52,10.13,8.5,1.39,,,
2/21/85,11.64,10.29,8.5,1.35,,,
2/22/85,11.76,10.34,8.5,1.42,,,
2/25/85,11.75,10.36,8.5,1.39,,,
2/26/85,11.72,10.36,8.5,1.36,,,
2/27/85,11.89,10.56,8.5,1.33,,,
2/28/85,11.91,10.66,8.5,1.25,,,
3/1/85,11.86,10.73,8.58,1.13,,,
3/4/85,11.93,10.78,8.58,1.15,,,
3/5/85,11.86,10.71,8.58,1.15,,,
3/6/85,11.92,10.75,8.58,1.17,,,
3/7/85,11.94,10.83,8.58,1.11,,,
3/8/85,11.71,10.56,8.58,1.15,,,
3/11/85,11.72,10.56,8.58,1.16,,,
3/12/85,11.78,10.62,8.58,1.16,,,
3/13/85,11.9,10.79,8.58,1.11,,,
3/14/85,11.92,10.86,8.58,1.06,,,
3/15/85,11.93,10.82,8.58,1.11,,,
3/18/85,12.02,10.89,8.58,1.13,,,
3/19/85,11.99,10.85,8.58,1.14,,,
3/20/85,11.91,10.85,8.58,1.06,,,
3/21/85,11.82,10.69,8.58,1.13,,,
3/22/85,11.88,10.75,8.58,1.13,,,
3/25/85,11.86,10.71,8.58,1.15,,,
3/26/85,11.77,10.63,8.58,1.14,,,
3/27/85,11.84,10.63,8.58,1.21,,,
3/28/85,11.75,10.53,8.58,1.22,,,
3/29/85,11.65,10.43,8.58,1.22,,,
4/1/85,11.66,10.45,8.27,1.21,,,
4/2/85,11.7,10.48,8.27,1.22,,,
4/3/85,11.73,10.49,8.27,1.24,,,
4/4/85,11.75,10.53,8.27,1.22,,,
4/5/85,11.75,10.53,8.27,1.22,,,
4/8/85,11.77,10.49,8.27,1.28,,,
4/9/85,11.66,10.38,8.27,1.28,,,
4/10/85,11.58,10.31,8.27,1.27,,,
4/11/85,11.42,10.12,8.27,1.3,,,
4/12/85,11.43,10.13,8.27,1.3,,,
4/15/85,11.37,10.09,8.27,1.28,,,
4/16/85,11.25,9.86,8.27,1.39,,,
4/17/85,11.29,9.93,8.27,1.36,,,
4/18/85,11.13,9.73,8.27,1.4,,,
4/19/85,11.16,9.81,8.27,1.35,,,
4/22/85,11.13,9.72,8.27,1.41,,,
4/23/85,11.25,9.88,8.27,1.37,,,
4/24/85,11.25,9.81,8.27,1.44,,,
4/25/85,11.37,9.9,8.27,1.47,,,
4/26/85,11.35,9.88,8.27,1.47,,,
4/29/85,11.47,9.97,8.27,1.5,,,
4/30/85,11.41,9.91,8.27,1.5,,,
5/1/85,11.27,9.82,7.97,1.45,,,
5/2/85,11.29,9.86,7.97,1.43,,,
5/3/85,11.21,9.71,7.97,1.5,,,
5/6/85,11.19,9.7,7.97,1.49,,,
5/7/85,11.17,9.66,7.97,1.51,,,
5/8/85,11.26,9.73,7.97,1.53,,,
5/9/85,11.2,9.67,7.97,1.53,,,
5/10/85,11.04,9.62,7.97,1.42,,,
5/13/85,11.04,9.64,7.97,1.4,,,
5/14/85,10.87,9.47,7.97,1.4,,,
5/15/85,10.89,9.4,7.97,1.49,,,
5/16/85,10.81,9.31,7.97,1.5,,,
5/17/85,10.84,9.37,7.97,1.47,,,
5/20/85,10.56,9.1,7.97,1.46,,,
5/21/85,10.6,9.11,7.97,1.49,,,
5/22/85,10.62,9.11,7.97,1.51,,,
5/23/85,10.64,9.21,7.97,1.43,,,
5/24/85,10.57,9.13,7.97,1.44,,,
5/27/85,10.57,9.13,7.97,1.44,,,
5/28/85,10.43,9.05,7.97,1.38,,,
5/29/85,10.46,9.05,7.97,1.41,,,
5/30/85,10.39,9.03,7.97,1.36,,,
5/31/85,10.28,8.92,7.97,1.36,,,
6/3/85,10.05,8.72,7.53,1.33,,,
6/4/85,10.05,8.68,7.53,1.37,,,
6/5/85,9.83,8.42,7.53,1.41,,,
6/6/85,9.89,8.51,7.53,1.38,,,
6/7/85,10.19,8.82,7.53,1.37,,,
6/10/85,10.16,8.87,7.53,1.29,,,
6/11/85,10.08,8.78,7.53,1.3,,,
6/12/85,10.16,8.76,7.53,1.4,,,
6/13/85,10.21,8.76,7.53,1.45,,,
6/14/85,9.98,8.45,7.53,1.53,,,
6/17/85,9.97,8.48,7.53,1.49,,,
6/18/85,9.9,8.37,7.53,1.53,,,
6/19/85,10.04,8.5,7.53,1.54,,,
6/20/85,10.14,8.59,7.53,1.55,,,
6/21/85,10.34,8.8,7.53,1.54,,,
6/24/85,10.45,8.87,7.53,1.58,,,
6/25/85,10.5,8.96,7.53,1.54,,,
6/26/85,10.54,8.94,7.53,1.6,,,
6/27/85,10.39,8.81,7.53,1.58,,,
6/28/85,10.25,8.67,7.53,1.58,,,
7/1/85,10.19,8.66,7.88,1.53,,,
7/2/85,10.2,8.66,7.88,1.54,,,
7/3/85,10.23,8.66,7.88,1.57,,,
7/4/85,10.23,8.66,7.88,1.57,,,
7/5/85,9.93,8.36,7.88,1.57,,,
7/8/85,10.05,8.52,7.88,1.53,,,
7/9/85,10.05,8.52,7.88,1.53,,,
7/10/85,10.07,8.55,7.88,1.52,,,
7/11/85,10.22,8.73,7.88,1.49,,,
7/12/85,10.23,8.78,7.88,1.45,,,
7/15/85,10.22,8.76,7.88,1.46,,,
7/16/85,10.15,8.67,7.88,1.48,,,
7/17/85,10.12,8.63,7.88,1.49,,,
7/18/85,10.3,8.76,7.88,1.54,,,
7/19/85,10.34,8.82,7.88,1.52,,,
7/22/85,10.46,8.95,7.88,1.51,,,
7/23/85,10.47,8.97,7.88,1.5,,,
7/24/85,10.51,8.99,7.88,1.52,,,
7/25/85,10.52,8.96,7.88,1.56,,,
7/26/85,10.59,8.98,7.88,1.61,,,
7/29/85,10.67,9.03,7.88,1.64,,,
7/30/85,10.66,9.04,7.88,1.62,,,
7/31/85,10.57,9.01,7.88,1.56,,,
8/1/85,10.51,9.04,7.9,1.47,,,
8/2/85,10.66,9.15,7.9,1.51,,,
8/5/85,10.64,9.13,7.9,1.51,,,
8/6/85,10.65,9.13,7.9,1.52,,,
8/7/85,10.55,9.08,7.9,1.47,,,
8/8/85,10.43,8.99,7.9,1.44,,,
8/9/85,10.37,8.95,7.9,1.42,,,
8/12/85,10.38,8.95,7.9,1.43,,,
8/13/85,10.46,8.96,7.9,1.5,,,
8/14/85,10.38,8.96,7.9,1.42,,,
8/15/85,10.36,8.96,7.9,1.4,,,
8/16/85,10.26,8.9,7.9,1.36,,,
8/19/85,10.23,8.89,7.9,1.34,,,
8/20/85,10.2,8.86,7.9,1.34,,,
8/21/85,10.12,8.82,7.9,1.3,,,
8/22/85,10.1,8.81,7.9,1.29,,,
8/23/85,10.14,8.87,7.9,1.27,,,
8/26/85,10.18,8.88,7.9,1.3,,,
8/27/85,10.12,8.81,7.9,1.31,,,
8/28/85,10.16,8.85,7.9,1.31,,,
8/29/85,10.12,8.81,7.9,1.31,,,
8/30/85,10.28,8.96,7.9,1.32,,,
9/2/85,10.28,8.96,7.92,1.32,,,
9/3/85,10.24,8.95,7.92,1.29,,,
9/4/85,10.16,8.85,7.92,1.31,,,
9/5/85,10.27,8.92,7.92,1.35,,,
9/6/85,10.5,9.15,7.92,1.35,,,
9/9/85,10.49,9.13,7.92,1.36,,,
9/10/85,10.48,9.1,7.92,1.38,,,
9/11/85,10.51,9.13,7.92,1.38,,,
9/12/85,10.52,9.15,7.92,1.37,,,
9/13/85,10.4,9.03,7.92,1.37,,,
9/16/85,10.37,8.99,7.92,1.38,,,
9/17/85,10.41,9.05,7.92,1.36,,,
9/18/85,10.43,9.07,7.92,1.36,,,
9/19/85,10.43,9.13,7.92,1.3,,,
9/20/85,10.36,9.01,7.92,1.35,,,
9/23/85,10.39,8.89,7.92,1.5,,,
9/24/85,10.33,8.82,7.92,1.51,,,
9/25/85,10.27,8.71,7.92,1.56,,,
9/26/85,10.22,8.72,7.92,1.5,,,
9/27/85,10.22,8.72,7.92,1.5,,,
9/30/85,10.31,8.88,7.92,1.43,,,
10/1/85,10.29,8.83,7.99,1.46,,,
10/2/85,10.3,8.84,7.99,1.46,,,
10/3/85,10.32,8.84,7.99,1.48,,,
10/4/85,10.36,8.84,7.99,1.52,,,
10/7/85,10.42,8.97,7.99,1.45,,,
10/8/85,10.36,8.96,7.99,1.4,,,
10/9/85,10.37,8.97,7.99,1.4,,,
10/10/85,10.35,8.96,7.99,1.39,,,
10/11/85,10.34,8.96,7.99,1.38,,,
10/14/85,10.34,8.96,7.99,1.38,,,
10/15/85,10.3,8.94,7.99,1.36,,,
10/16/85,10.25,8.89,7.99,1.36,,,
10/17/85,10.21,8.85,7.99,1.36,,,
10/18/85,10.17,8.81,7.99,1.36,,,
10/21/85,10.18,8.83,7.99,1.35,,,
10/22/85,10.12,8.8,7.99,1.32,,,
10/23/85,10.14,8.84,7.99,1.3,,,
10/24/85,10.15,8.9,7.99,1.25,,,
10/25/85,10.21,8.88,7.99,1.33,,,
10/28/85,10.28,8.91,7.99,1.37,,,
10/29/85,10.11,8.82,7.99,1.29,,,
10/30/85,9.97,8.68,7.99,1.29,,,
10/31/85,10.01,8.7,7.99,1.31,,,
11/1/85,9.98,8.7,8.05,1.28,,,
11/4/85,9.98,8.71,8.05,1.27,,,
11/5/85,9.93,8.69,8.05,1.24,,,
11/6/85,9.93,8.67,8.05,1.26,,,
11/7/85,9.91,8.67,8.05,1.24,,,
11/8/85,9.84,8.57,8.05,1.27,,,
11/11/85,9.84,8.57,8.05,1.27,,,
11/12/85,9.74,8.53,8.05,1.21,,,
11/13/85,9.78,8.58,8.05,1.2,,,
11/14/85,9.84,8.63,8.05,1.21,,,
11/15/85,9.92,8.66,8.05,1.26,,,
11/18/85,9.72,8.51,8.05,1.21,,,
11/19/85,9.73,8.52,8.05,1.21,,,
11/20/85,9.72,8.54,8.05,1.18,,,
11/21/85,9.58,8.51,8.05,1.07,,,
11/22/85,9.66,8.52,8.05,1.14,,,
11/25/85,9.68,8.52,8.05,1.16,,,
11/26/85,9.68,8.53,8.05,1.15,,,
11/27/85,9.64,8.52,8.05,1.12,,,
11/28/85,9.64,8.52,8.05,1.12,,,
11/29/85,9.59,8.46,8.05,1.13,,,
12/2/85,9.69,8.54,8.27,1.15,,,
12/3/85,9.68,8.52,8.27,1.16,,,
12/4/85,9.63,8.49,8.27,1.14,,,
12/5/85,9.62,8.47,8.27,1.15,,,
12/6/85,9.65,8.47,8.27,1.18,,,
12/9/85,9.49,8.35,8.27,1.14,,,
12/10/85,9.36,8.23,8.27,1.13,,,
12/11/85,9.2,8,8.27,1.2,,,
12/12/85,9.27,8.07,8.27,1.2,,,
12/13/85,9.21,7.97,8.27,1.24,,,
12/16/85,9.16,8,8.27,1.16,,,
12/17/85,9.04,7.94,8.27,1.1,,,
12/18/85,9.11,8.04,8.27,1.07,,,
12/19/85,9.1,8,8.27,1.1,,,
12/20/85,9.04,8.01,8.27,1.03,,,
12/23/85,9.08,8.01,8.27,1.07,,,
12/24/85,9.07,8.02,8.27,1.05,,,
12/25/85,9.07,8.02,8.27,1.05,,,
12/26/85,9.04,7.99,8.27,1.05,,,
12/27/85,8.99,7.99,8.27,1,,,
12/30/85,9.01,7.99,8.27,1.02,,,
12/31/85,9,7.98,8.27,1.02,,,
1/1/86,9,7.98,8.14,1.02,,,
1/2/86,9.04,8.02,8.14,1.02,,,
1/3/86,9.05,8.03,8.14,1.02,,,
1/6/86,9.07,8.04,8.14,1.03,,,
1/7/86,8.94,7.97,8.14,0.97,,,
1/8/86,9.13,8.09,8.14,1.04,,,
1/9/86,9.27,8.27,8.14,1,,,
1/10/86,9.39,8.36,8.14,1.03,,,
1/13/86,9.49,8.38,8.14,1.11,,,
1/14/86,9.43,8.33,8.14,1.1,,,
1/15/86,9.31,8.24,8.14,1.07,,,
1/16/86,9.3,8.21,8.14,1.09,,,
1/17/86,9.24,8.19,8.14,1.05,,,
1/20/86,9.24,8.19,8.14,1.05,,,
1/21/86,9.22,8.2,8.14,1.02,,,
1/22/86,9.28,8.19,8.14,1.09,,,
1/23/86,9.23,8.17,8.14,1.06,,,
1/24/86,9.23,8.13,8.14,1.1,,,
1/27/86,9.13,8.07,8.14,1.06,,,
1/28/86,9.05,8.02,8.14,1.03,,,
1/29/86,9.09,8.05,8.14,1.04,,,
1/30/86,9.1,8.04,8.14,1.06,,,
1/31/86,9.08,7.99,8.14,1.09,,,
2/3/86,9.02,7.97,7.86,1.05,,,
2/4/86,8.96,7.94,7.86,1.02,,,
2/5/86,8.97,7.99,7.86,0.98,,,
2/6/86,9.03,8.02,7.86,1.01,,,
2/7/86,9.11,8.15,7.86,0.96,,,
2/10/86,9,8.08,7.86,0.92,,,
2/11/86,8.93,8.04,7.86,0.89,,,
2/12/86,8.91,8.08,7.86,0.83,,,
2/13/86,8.85,8.06,7.86,0.79,,,
2/14/86,8.68,7.99,7.86,0.69,,,
2/17/86,8.68,7.99,7.86,0.69,,,
2/18/86,8.64,7.96,7.86,0.68,,,
2/19/86,8.7,8.06,7.86,0.64,,,
2/20/86,8.67,8.05,7.86,0.62,,,
2/21/86,8.48,7.93,7.86,0.55,,,
2/24/86,8.39,7.86,7.86,0.53,,,
2/25/86,8.4,7.89,7.86,0.51,,,
2/26/86,8.36,7.88,7.86,0.48,,,
2/27/86,8.15,7.72,7.86,0.43,,,
2/28/86,8.13,7.71,7.86,0.42,,,
3/3/86,7.99,7.55,7.48,0.44,,,
3/4/86,7.93,7.38,7.48,0.55,,,
3/5/86,8.12,7.54,7.48,0.58,,,
3/6/86,8.04,7.38,7.48,0.66,,,
3/7/86,7.96,7.29,7.48,0.67,,,
3/10/86,7.76,7.16,7.48,0.6,,,
3/11/86,7.7,7.15,7.48,0.55,,,
3/12/86,7.68,7.17,7.48,0.51,,,
3/13/86,7.75,7.21,7.48,0.54,,,
3/14/86,7.72,7.18,7.48,0.54,,,
3/17/86,7.77,7.22,7.48,0.55,,,
3/18/86,7.83,7.23,7.48,0.6,,,
3/19/86,7.82,7.17,7.48,0.65,,,
3/20/86,7.78,7.17,7.48,0.61,,,
3/21/86,7.8,7.19,7.48,0.61,,,
3/24/86,7.7,7.11,7.48,0.59,,,
3/25/86,7.7,7.12,7.48,0.58,,,
3/26/86,7.64,7.11,7.48,0.53,,,
3/27/86,7.49,7.04,7.48,0.45,,,
3/28/86,7.49,7.04,7.48,0.45,,,
3/31/86,7.39,6.92,7.48,0.47,,,
4/1/86,7.37,6.89,6.99,0.48,,,
4/2/86,7.33,6.9,6.99,0.43,,,
4/3/86,7.41,6.94,6.99,0.47,,,
4/4/86,7.45,6.85,6.99,0.6,,,
4/7/86,7.43,6.82,6.99,0.61,,,
4/8/86,7.31,6.7,6.99,0.61,,,
4/9/86,7.27,6.58,6.99,0.69,,,
4/10/86,7.23,6.58,6.99,0.65,,,
4/11/86,7.29,6.65,6.99,0.64,,,
4/14/86,7.19,6.53,6.99,0.66,,,
4/15/86,7.22,6.53,6.99,0.69,,,
4/16/86,6.98,6.39,6.99,0.59,,,
4/17/86,7.03,6.44,6.99,0.59,,,
4/18/86,7.09,6.44,6.99,0.65,,,
4/21/86,7.04,6.46,6.99,0.58,,,
4/22/86,7.25,6.58,6.99,0.67,,,
4/23/86,7.36,6.67,6.99,0.69,,,
4/24/86,7.51,6.89,6.99,0.62,,,
4/25/86,7.58,6.91,6.99,0.67,,,
4/28/86,7.48,6.86,6.99,0.62,,,
4/29/86,7.38,6.85,6.99,0.53,,,
4/30/86,7.38,6.83,6.99,0.55,,,
5/1/86,7.45,6.85,6.85,0.6,,,
5/2/86,7.51,6.88,6.85,0.63,,,
5/5/86,7.45,6.82,6.85,0.63,,,
5/6/86,7.46,6.82,6.85,0.64,,,
5/7/86,7.43,6.83,6.85,0.6,,,
5/8/86,7.4,6.78,6.85,0.62,,,
5/9/86,7.48,6.85,6.85,0.63,,,
5/12/86,7.67,6.98,6.85,0.69,,,
5/13/86,7.63,7,6.85,0.63,,,
5/14/86,7.66,7,6.85,0.66,,,
5/15/86,7.79,7.16,6.85,0.63,,,
5/16/86,7.99,7.32,6.85,0.67,,,
5/19/86,7.98,7.28,6.85,0.7,,,
5/20/86,7.88,7.23,6.85,0.65,,,
5/21/86,7.9,7.2,6.85,0.7,,,
5/22/86,7.88,7.2,6.85,0.68,,,
5/23/86,7.84,7.19,6.85,0.65,,,
5/26/86,7.84,7.19,6.85,0.65,,,
5/27/86,7.73,7.14,6.85,0.59,,,
5/28/86,7.73,7.17,6.85,0.56,,,
5/29/86,7.99,7.35,6.85,0.64,,,
5/30/86,8.05,7.36,6.85,0.69,,,
6/2/86,8.32,7.5,6.92,0.82,,,
6/3/86,8.19,7.49,6.92,0.7,,,
6/4/86,8.39,7.63,6.92,0.76,,,
6/5/86,8.31,7.54,6.92,0.77,,,
6/6/86,7.95,7.27,6.92,0.68,,,
6/9/86,8.13,7.39,6.92,0.74,,,
6/10/86,8.07,7.38,6.92,0.69,,,
6/11/86,8.01,7.39,6.92,0.62,,,
6/12/86,7.98,7.31,6.92,0.67,,,
6/13/86,7.73,7.15,6.92,0.58,,,
6/16/86,7.63,7.1,6.92,0.53,,,
6/17/86,7.63,7.08,6.92,0.55,,,
6/18/86,7.57,7.01,6.92,0.56,,,
6/19/86,7.69,7.1,6.92,0.59,,,
6/20/86,7.6,7.06,6.92,0.54,,,
6/23/86,7.55,7.03,6.92,0.52,,,
6/24/86,7.47,6.98,6.92,0.49,,,
6/25/86,7.42,6.91,6.92,0.51,,,
6/26/86,7.42,6.91,6.92,0.51,,,
6/27/86,7.38,6.84,6.92,0.54,,,
6/30/86,7.35,6.81,6.92,0.54,,,
7/1/86,7.37,6.8,6.56,0.57,,,
7/2/86,7.37,6.81,6.56,0.56,,,
7/3/86,7.31,6.71,6.56,0.6,,,
7/4/86,7.31,6.71,6.56,0.6,,,
7/7/86,7.31,6.7,6.56,0.61,,,
7/8/86,7.44,6.84,6.56,0.6,,,
7/9/86,7.31,6.73,6.56,0.58,,,
7/10/86,7.31,6.73,6.56,0.58,,,
7/11/86,7.3,6.6,6.56,0.7,,,
7/14/86,7.25,6.58,6.56,0.67,,,
7/15/86,7.16,6.56,6.56,0.6,,,
7/16/86,7.2,6.59,6.56,0.61,,,
7/17/86,7.18,6.61,6.56,0.57,,,
7/18/86,7.16,6.56,6.56,0.6,,,
7/21/86,7.14,6.56,6.56,0.58,,,
7/22/86,7.2,6.6,6.56,0.6,,,
7/23/86,7.29,6.63,6.56,0.66,,,
7/24/86,7.35,6.67,6.56,0.68,,,
7/25/86,7.33,6.67,6.56,0.66,,,
7/28/86,7.53,6.76,6.56,0.77,,,
7/29/86,7.41,6.71,6.56,0.7,,,
7/30/86,7.41,6.67,6.56,0.74,,,
7/31/86,7.34,6.57,6.56,0.77,,,
8/1/86,7.34,6.56,6.17,0.78,,,
8/4/86,7.33,6.56,6.17,0.77,,,
8/5/86,7.39,6.58,6.17,0.81,,,
8/6/86,7.47,6.61,6.17,0.86,,,
8/7/86,7.45,6.61,6.17,0.84,,,
8/8/86,7.3,6.54,6.17,0.76,,,
8/11/86,7.25,6.51,6.17,0.74,,,
8/12/86,7.23,6.46,6.17,0.77,,,
8/13/86,7.15,6.37,6.17,0.78,,,
8/14/86,7.16,6.39,6.17,0.77,,,
8/15/86,7.14,6.36,6.17,0.78,,,
8/18/86,7.14,6.37,6.17,0.77,,,
8/19/86,7.02,6.29,6.17,0.73,,,
8/20/86,7,6.17,6.17,0.83,,,
8/21/86,6.96,6.08,6.17,0.88,,,
8/22/86,7.07,6.14,6.17,0.93,,,
8/25/86,7.06,6.1,6.17,0.96,,,
8/26/86,6.97,6.02,6.17,0.95,,,
8/27/86,7.06,6.12,6.17,0.94,,,
8/28/86,7.04,6.07,6.17,0.97,,,
8/29/86,6.95,5.94,6.17,1.01,,,
9/1/86,6.95,5.94,5.89,1.01,,,
9/2/86,7.03,5.99,5.89,1.04,,,
9/3/86,7.2,6.14,5.89,1.06,,,
9/4/86,7.15,6.11,5.89,1.04,,,
9/5/86,7.32,6.25,5.89,1.07,,,
9/8/86,7.38,6.3,5.89,1.08,,,
9/9/86,7.35,6.3,5.89,1.05,,,
9/10/86,7.35,6.27,5.89,1.08,,,
9/11/86,7.57,6.43,5.89,1.14,,,
9/12/86,7.63,6.43,5.89,1.2,,,
9/15/86,7.53,6.39,5.89,1.14,,,
9/16/86,7.53,6.38,5.89,1.15,,,
9/17/86,7.46,6.37,5.89,1.09,,,
9/18/86,7.62,6.47,5.89,1.15,,,
9/19/86,7.67,6.52,5.89,1.15,,,
9/22/86,7.62,6.49,5.89,1.13,,,
9/23/86,7.58,6.46,5.89,1.12,,,
9/24/86,7.48,6.37,5.89,1.11,,,
9/25/86,7.47,6.37,5.89,1.1,,,
9/26/86,7.47,6.39,5.89,1.08,,,
9/29/86,7.54,6.46,5.89,1.08,,,
9/30/86,7.45,6.38,5.89,1.07,,,
10/1/86,7.41,6.36,5.85,1.05,,,
10/2/86,7.45,6.38,5.85,1.07,,,
10/3/86,7.31,6.16,5.85,1.15,,,
10/6/86,7.28,6.14,5.85,1.14,,,
10/7/86,7.28,6.13,5.85,1.15,,,
10/8/86,7.31,6.11,5.85,1.2,,,
10/9/86,7.33,6.15,5.85,1.18,,,
10/10/86,7.36,6.16,5.85,1.2,,,
10/13/86,7.36,6.16,5.85,1.2,,,
10/14/86,7.49,6.26,5.85,1.23,,,
10/15/86,7.51,6.27,5.85,1.24,,,
10/16/86,7.53,6.29,5.85,1.24,,,
10/17/86,7.57,6.38,5.85,1.19,,,
10/20/86,7.66,6.47,5.85,1.19,,,
10/21/86,7.57,6.4,5.85,1.17,,,
10/22/86,7.49,6.34,5.85,1.15,,,
10/23/86,7.43,6.31,5.85,1.12,,,
10/24/86,7.47,6.35,5.85,1.12,,,
10/27/86,7.42,6.32,5.85,1.1,,,
10/28/86,7.45,6.34,5.85,1.11,,,
10/29/86,7.41,6.32,5.85,1.09,,,
10/30/86,7.31,6.24,5.85,1.07,,,
10/31/86,7.34,6.26,5.85,1.08,,,
11/3/86,7.29,6.21,6.04,1.08,,,
11/4/86,7.31,6.23,6.04,1.08,,,
11/5/86,7.24,6.26,6.04,0.98,,,
11/6/86,7.32,6.29,6.04,1.03,,,
11/7/86,7.4,6.35,6.04,1.05,,,
11/10/86,7.38,6.42,6.04,0.96,,,
11/11/86,7.38,6.42,6.04,0.96,,,
11/12/86,7.35,6.38,6.04,0.97,,,
11/13/86,7.33,6.35,6.04,0.98,,,
11/14/86,7.29,6.33,6.04,0.96,,,
11/17/86,7.22,6.32,6.04,0.9,,,
11/18/86,7.27,6.32,6.04,0.95,,,
11/19/86,7.19,6.21,6.04,0.98,,,
11/20/86,7.19,6.26,6.04,0.93,,,
11/21/86,7.17,6.21,6.04,0.96,,,
11/24/86,7.11,6.19,6.04,0.92,,,
11/25/86,7.15,6.23,6.04,0.92,,,
11/26/86,7.15,6.21,6.04,0.94,,,
11/27/86,7.15,6.21,6.04,0.94,,,
11/28/86,7.15,6.21,6.04,0.94,,,
12/1/86,7.18,6.25,6.91,0.93,,,
12/2/86,7.08,6.22,6.91,0.86,,,
12/3/86,7.06,6.17,6.91,0.89,,,
12/4/86,7.01,6.15,6.91,0.86,,,
12/5/86,7.12,6.24,6.91,0.88,,,
12/8/86,7.1,6.24,6.91,0.86,,,
12/9/86,7.07,6.21,6.91,0.86,,,
12/10/86,7.05,6.19,6.91,0.86,,,
12/11/86,7.12,6.24,6.91,0.88,,,
12/12/86,7.13,6.24,6.91,0.89,,,
12/15/86,7.15,6.29,6.91,0.86,,,
12/16/86,7.12,6.29,6.91,0.83,,,
12/17/86,7.12,6.31,6.91,0.81,,,
12/18/86,7.11,6.31,6.91,0.8,,,
12/19/86,7.1,6.29,6.91,0.81,,,
12/22/86,7.1,6.3,6.91,0.8,,,
12/23/86,7.08,6.3,6.91,0.78,,,
12/24/86,7.07,6.3,6.91,0.77,,,
12/25/86,7.07,6.3,6.91,0.77,,,
12/26/86,7.08,6.3,6.91,0.78,,,
12/29/86,7.17,6.37,6.91,0.8,,,
12/30/86,7.23,6.42,6.91,0.81,,,
12/31/86,7.23,6.35,6.91,0.88,,,
1/1/87,7.23,6.35,6.43,0.88,,,
1/2/87,7.18,6.3,6.43,0.88,,,
1/5/87,7.08,6.24,6.43,0.84,,,
1/6/87,7.08,6.25,6.43,0.83,,,
1/7/87,7.05,6.22,6.43,0.83,,,
1/8/87,7.04,6.2,6.43,0.84,,,
1/9/87,7.01,6.19,6.43,0.82,,,
1/12/87,7.05,6.2,6.43,0.85,,,
1/13/87,7.1,6.22,6.43,0.88,,,
1/14/87,7.11,6.24,6.43,0.87,,,
1/15/87,7.08,6.22,6.43,0.86,,,
1/16/87,7.03,6.22,6.43,0.81,,,
1/19/87,7.03,6.22,6.43,0.81,,,
1/20/87,7.01,6.17,6.43,0.84,,,
1/21/87,7.01,6.17,6.43,0.84,,,
1/22/87,7.03,6.17,6.43,0.86,,,
1/23/87,7.06,6.2,6.43,0.86,,,
1/26/87,7.17,6.26,6.43,0.91,,,
1/27/87,7.16,6.24,6.43,0.92,,,
1/28/87,7.13,6.24,6.43,0.89,,,
1/29/87,7.13,6.24,6.43,0.89,,,
1/30/87,7.18,6.33,6.43,0.85,,,
2/2/87,7.23,6.36,6.1,0.87,,,
2/3/87,7.25,6.38,6.1,0.87,,,
2/4/87,7.23,6.38,6.1,0.85,,,
2/5/87,7.2,6.33,6.1,0.87,,,
2/6/87,7.19,6.38,6.1,0.81,,,
2/9/87,7.25,6.45,6.1,0.8,,,
2/10/87,7.33,6.49,6.1,0.84,,,
2/11/87,7.37,6.58,6.1,0.79,,,
2/12/87,7.31,6.47,6.1,0.84,,,
2/13/87,7.28,6.43,6.1,0.85,,,
2/16/87,7.28,6.43,6.1,0.85,,,
2/17/87,7.33,6.48,6.1,0.85,,,
2/18/87,7.3,6.43,6.1,0.87,,,
2/19/87,7.23,6.33,6.1,0.9,,,
2/20/87,7.24,6.33,6.1,0.91,,,
2/23/87,7.23,6.35,6.1,0.88,,,
2/24/87,7.18,6.32,6.1,0.86,,,
2/25/87,7.21,6.37,6.1,0.84,,,
2/26/87,7.21,6.35,6.1,0.86,,,
2/27/87,7.19,6.35,6.1,0.84,,,
3/2/87,7.17,6.34,6.13,0.83,,,
3/3/87,7.21,6.37,6.13,0.84,,,
3/4/87,7.14,6.32,6.13,0.82,,,
3/5/87,7.16,6.35,6.13,0.81,,,
3/6/87,7.23,6.42,6.13,0.81,,,
3/9/87,7.23,6.43,6.13,0.8,,,
3/10/87,7.23,6.44,6.13,0.79,,,
3/11/87,7.23,6.44,6.13,0.79,,,
3/12/87,7.22,6.43,6.13,0.79,,,
3/13/87,7.19,6.39,6.13,0.8,,,
3/16/87,7.22,6.41,6.13,0.81,,,
3/17/87,7.2,6.42,6.13,0.78,,,
3/18/87,7.21,6.4,6.13,0.81,,,
3/19/87,7.21,6.38,6.13,0.83,,,
3/20/87,7.22,6.4,6.13,0.82,,,
3/23/87,7.25,6.42,6.13,0.83,,,
3/24/87,7.27,6.44,6.13,0.83,,,
3/25/87,7.26,6.46,6.13,0.8,,,
3/26/87,7.24,6.42,6.13,0.82,,,
3/27/87,7.33,6.49,6.13,0.84,,,
3/30/87,7.54,6.63,6.13,0.91,,,
3/31/87,7.51,6.54,6.13,0.97,,,
4/1/87,7.59,6.65,6.37,0.94,,,
4/2/87,7.59,6.63,6.37,0.96,,,
4/3/87,7.59,6.62,6.37,0.97,,,
4/6/87,7.54,6.57,6.37,0.97,,,
4/7/87,7.62,6.59,6.37,1.03,,,
4/8/87,7.61,6.59,6.37,1.02,,,
4/9/87,7.78,6.74,6.37,1.04,,,
4/10/87,7.98,6.97,6.37,1.01,,,
4/13/87,8.07,7.08,6.37,0.99,,,
4/14/87,8.28,7.19,6.37,1.09,,,
4/15/87,8.1,7.02,6.37,1.08,,,
4/16/87,8.03,6.9,6.37,1.13,,,
4/17/87,8.03,6.9,6.37,1.13,,,
4/20/87,8.2,7.06,6.37,1.14,,,
4/21/87,8.19,7.09,6.37,1.1,,,
4/22/87,8.24,7.23,6.37,1.01,,,
4/23/87,8.39,7.36,6.37,1.03,,,
4/24/87,8.47,7.48,6.37,0.99,,,
4/27/87,8.37,7.5,6.37,0.87,,,
4/28/87,8.28,7.43,6.37,0.85,,,
4/29/87,8.35,7.43,6.37,0.92,,,
4/30/87,8.21,7.38,6.37,0.83,,,
5/1/87,8.39,7.47,6.85,0.92,,,
5/4/87,8.52,7.61,6.85,0.91,,,
5/5/87,8.45,7.6,6.85,0.85,,,
5/6/87,8.54,7.62,6.85,0.92,,,
5/7/87,8.5,7.6,6.85,0.9,,,
5/8/87,8.43,7.57,6.85,0.86,,,
5/11/87,8.57,7.66,6.85,0.91,,,
5/12/87,8.55,7.68,6.85,0.87,,,
5/13/87,8.55,7.68,6.85,0.87,,,
5/14/87,8.57,7.66,6.85,0.91,,,
5/15/87,8.8,7.95,6.85,0.85,,,
5/18/87,8.73,7.93,6.85,0.8,,,
5/19/87,8.89,7.99,6.85,0.9,,,
5/20/87,8.92,8.05,6.85,0.87,,,
5/21/87,8.87,8.06,6.85,0.81,,,
5/22/87,8.78,7.97,6.85,0.81,,,
5/25/87,8.78,7.97,6.85,0.81,,,
5/26/87,8.55,7.79,6.85,0.76,,,
5/27/87,8.6,7.84,6.85,0.76,,,
5/28/87,8.56,7.81,6.85,0.75,,,
5/29/87,8.49,7.69,6.85,0.8,,,
6/1/87,8.45,7.67,6.73,0.78,,,
6/2/87,8.72,7.85,6.73,0.87,,,
6/3/87,8.64,7.78,6.73,0.86,,,
6/4/87,8.58,7.76,6.73,0.82,,,
6/5/87,8.5,7.66,6.73,0.84,,,
6/8/87,8.53,7.68,6.73,0.85,,,
6/9/87,8.56,7.71,6.73,0.85,,,
6/10/87,8.56,7.68,6.73,0.88,,,
6/11/87,8.52,7.66,6.73,0.86,,,
6/12/87,8.32,7.51,6.73,0.81,,,
6/15/87,8.28,7.47,6.73,0.81,,,
6/16/87,8.28,7.47,6.73,0.81,,,
6/17/87,8.23,7.42,6.73,0.81,,,
6/18/87,8.27,7.44,6.73,0.83,,,
6/19/87,8.3,7.45,6.73,0.85,,,
6/22/87,8.23,7.42,6.73,0.81,,,
6/23/87,8.23,7.45,6.73,0.78,,,
6/24/87,8.31,7.54,6.73,0.77,,,
6/25/87,8.25,7.47,6.73,0.78,,,
6/26/87,8.37,7.56,6.73,0.81,,,
6/29/87,8.34,7.48,6.73,0.86,,,
6/30/87,8.38,7.48,6.73,0.9,,,
7/1/87,8.36,7.44,6.58,0.92,,,
7/2/87,8.3,7.38,6.58,0.92,,,
7/3/87,8.3,7.38,6.58,0.92,,,
7/6/87,8.29,7.38,6.58,0.91,,,
7/7/87,8.28,7.36,6.58,0.92,,,
7/8/87,8.32,7.35,6.58,0.97,,,
7/9/87,8.37,7.38,6.58,0.99,,,
7/10/87,8.32,7.32,6.58,1,,,
7/13/87,8.38,7.36,6.58,1.02,,,
7/14/87,8.33,7.32,6.58,1.01,,,
7/15/87,8.43,7.37,6.58,1.06,,,
7/16/87,8.41,7.34,6.58,1.07,,,
7/17/87,8.36,7.34,6.58,1.02,,,
7/20/87,8.41,7.38,6.58,1.03,,,
7/21/87,8.49,7.45,6.58,1.04,,,
7/22/87,8.54,7.47,6.58,1.07,,,
7/23/87,8.56,7.46,6.58,1.1,,,
7/24/87,8.58,7.53,6.58,1.05,,,
7/27/87,8.6,7.59,6.58,1.01,,,
7/28/87,8.62,7.61,6.58,1.01,,,
7/29/87,8.61,7.64,6.58,0.97,,,
7/30/87,8.61,7.63,6.58,0.98,,,
7/31/87,8.66,7.63,6.58,1.03,,,
8/3/87,8.81,7.72,6.73,1.09,,,
8/4/87,8.81,7.72,6.73,1.09,,,
8/5/87,8.71,7.65,6.73,1.06,,,
8/6/87,8.73,7.65,6.73,1.08,,,
8/7/87,8.7,7.69,6.73,1.01,,,
8/10/87,8.74,7.71,6.73,1.03,,,
8/11/87,8.73,7.69,6.73,1.04,,,
8/12/87,8.72,7.67,6.73,1.05,,,
8/13/87,8.63,7.64,6.73,0.99,,,
8/14/87,8.58,7.62,6.73,0.96,,,
8/17/87,8.56,7.62,6.73,0.94,,,
8/18/87,8.73,7.71,6.73,1.02,,,
8/19/87,8.77,7.76,6.73,1.01,,,
8/20/87,8.74,7.77,6.73,0.97,,,
8/21/87,8.77,7.79,6.73,0.98,,,
8/24/87,8.78,7.81,6.73,0.97,,,
8/25/87,8.73,7.79,6.73,0.94,,,
8/26/87,8.79,7.87,6.73,0.92,,,
8/27/87,8.92,7.95,6.73,0.97,,,
8/28/87,9.02,8.01,6.73,1.01,,,
8/31/87,9,7.97,6.73,1.03,,,
9/1/87,9.05,7.98,7.22,1.07,,,
9/2/87,9.28,8.15,7.22,1.13,,,
9/3/87,9.29,8.19,7.22,1.1,,,
9/4/87,9.3,8.26,7.22,1.04,,,
9/7/87,9.3,8.26,7.22,1.04,,,
9/8/87,9.5,8.46,7.22,1.04,,,
9/9/87,9.48,8.43,7.22,1.05,,,
9/10/87,9.42,8.36,7.22,1.06,,,
9/11/87,9.33,8.31,7.22,1.02,,,
9/14/87,9.34,8.26,7.22,1.08,,,
9/15/87,9.44,8.3,7.22,1.14,,,
9/16/87,9.52,8.35,7.22,1.17,,,
9/17/87,9.48,8.34,7.22,1.14,,,
9/18/87,9.38,8.3,7.22,1.08,,,
9/21/87,9.45,8.33,7.22,1.12,,,
9/22/87,9.37,8.31,7.22,1.06,,,
9/23/87,9.4,8.31,7.22,1.09,,,
9/24/87,9.51,8.42,7.22,1.09,,,
9/25/87,9.53,8.48,7.22,1.05,,,
9/28/87,9.52,8.48,7.22,1.04,,,
9/29/87,9.64,8.6,7.22,1.04,,,
9/30/87,9.63,8.6,7.22,1.03,,,
10/1/87,9.66,8.62,7.29,1.04,,,
10/2/87,9.6,8.61,7.29,0.99,,,
10/5/87,9.69,8.66,7.29,1.03,,,
10/6/87,9.72,8.73,7.29,0.99,,,
10/7/87,9.71,8.73,7.29,0.98,,,
10/8/87,9.86,9.03,7.29,0.83,,,
10/9/87,9.94,9.01,7.29,0.93,,,
10/12/87,9.94,9.01,7.29,0.93,,,
10/13/87,9.9,8.94,7.29,0.96,,,
10/14/87,10.13,9.14,7.29,0.99,,,
10/15/87,10.18,9.23,7.29,0.95,,,
10/16/87,10.23,9.22,7.29,1.01,,,
10/19/87,10.15,8.93,7.29,1.22,,,
10/20/87,9.4,8.09,7.29,1.31,,,
10/21/87,9.3,7.9,7.29,1.4,,,
10/22/87,8.97,7.76,7.29,1.21,,,
10/23/87,8.98,7.76,7.29,1.22,,,
10/26/87,8.8,7.57,7.29,1.23,,,
10/27/87,8.92,7.66,7.29,1.26,,,
10/28/87,9.01,7.65,7.29,1.36,,,
10/29/87,8.89,7.53,7.29,1.36,,,
10/30/87,8.88,7.58,7.29,1.3,,,
11/2/87,8.98,7.72,6.69,1.26,,,
11/3/87,8.91,7.67,6.69,1.24,,,
11/4/87,8.85,7.6,6.69,1.25,,,
11/5/87,8.72,7.5,6.69,1.22,,,
11/6/87,8.76,7.62,6.69,1.14,,,
11/9/87,8.78,7.64,6.69,1.14,,,
11/10/87,8.79,7.61,6.69,1.18,,,
11/11/87,8.79,7.61,6.69,1.18,,,
11/12/87,8.8,7.67,6.69,1.13,,,
11/13/87,8.84,7.75,6.69,1.09,,,
11/16/87,8.82,7.78,6.69,1.04,,,
11/17/87,8.86,7.73,6.69,1.13,,,
11/18/87,8.85,7.74,6.69,1.11,,,
11/19/87,8.83,7.69,6.69,1.14,,,
11/20/87,8.79,7.66,6.69,1.13,,,
11/23/87,8.8,7.67,6.69,1.13,,,
11/24/87,8.89,7.73,6.69,1.16,,,
11/25/87,8.98,7.78,6.69,1.2,,,
11/26/87,8.98,7.78,6.69,1.2,,,
11/27/87,9.11,7.87,6.69,1.24,,,
11/30/87,8.99,7.73,6.69,1.26,,,
12/1/87,9.01,7.77,6.77,1.24,,,
12/2/87,9.01,7.79,6.77,1.22,,,
12/3/87,8.94,7.72,6.77,1.22,,,
12/4/87,8.94,7.72,6.77,1.22,,,
12/7/87,9.07,7.86,6.77,1.21,,,
12/8/87,9.09,7.88,6.77,1.21,,,
12/9/87,9.05,7.88,6.77,1.17,,,
12/10/87,9.23,8,6.77,1.23,,,
12/11/87,9.28,8.02,6.77,1.26,,,
12/14/87,9.23,8.01,6.77,1.22,,,
12/15/87,9.09,7.92,6.77,1.17,,,
12/16/87,9,7.89,6.77,1.11,,,
12/17/87,9.03,7.89,6.77,1.14,,,
12/18/87,8.89,7.82,6.77,1.07,,,
12/21/87,8.88,7.84,6.77,1.04,,,
12/22/87,8.95,7.91,6.77,1.04,,,
12/23/87,8.83,7.83,6.77,1,,,
12/24/87,8.82,7.83,6.77,0.99,,,
12/25/87,8.82,7.83,6.77,0.99,,,
12/28/87,8.93,7.91,6.77,1.02,,,
12/29/87,8.85,7.86,6.77,0.99,,,
12/30/87,8.78,7.75,6.77,1.03,,,
12/31/87,8.83,7.77,6.77,1.06,,,
1/1/88,8.83,7.77,6.83,1.06,,,
1/4/88,8.83,7.77,6.83,1.06,,,
1/5/88,8.76,7.76,6.83,1,,,
1/6/88,8.82,7.79,6.83,1.03,,,
1/7/88,8.83,7.79,6.83,1.04,,,
1/8/88,8.97,7.92,6.83,1.05,,,
1/11/88,8.94,7.8,6.83,1.14,,,
1/12/88,8.93,7.8,6.83,1.13,,,
1/13/88,8.87,7.76,6.83,1.11,,,
1/14/88,8.86,7.76,6.83,1.1,,,
1/15/88,8.6,7.61,6.83,0.99,,,
1/18/88,8.6,7.61,6.83,0.99,,,
1/19/88,8.65,7.66,6.83,0.99,,,
1/20/88,8.61,7.59,6.83,1.02,,,
1/21/88,8.53,7.52,6.83,1.01,,,
1/22/88,8.49,7.51,6.83,0.98,,,
1/25/88,8.45,7.49,6.83,0.96,,,
1/26/88,8.54,7.56,6.83,0.98,,,
1/27/88,8.38,7.37,6.83,1.01,,,
1/28/88,8.33,7.29,6.83,1.04,,,
1/29/88,8.26,7.22,6.83,1.04,,,
2/1/88,8.26,7.22,6.58,1.04,,,
2/2/88,8.18,7.21,6.58,0.97,,,
2/3/88,8.21,7.24,6.58,0.97,,,
2/4/88,8.24,7.24,6.58,1,,,
2/5/88,8.12,7.1,6.58,1.02,,,
2/8/88,8.19,7.16,6.58,1.03,,,
2/9/88,8.16,7.12,6.58,1.04,,,
2/10/88,8.11,7.07,6.58,1.04,,,
2/11/88,8.16,7.12,6.58,1.04,,,
2/12/88,8.28,7.22,6.58,1.06,,,
2/15/88,8.28,7.22,6.58,1.06,,,
2/16/88,8.31,7.26,6.58,1.05,,,
2/17/88,8.32,7.24,6.58,1.08,,,
2/18/88,8.28,7.23,6.58,1.05,,,
2/19/88,8.26,7.21,6.58,1.05,,,
2/22/88,8.24,7.2,6.58,1.04,,,
2/23/88,8.17,7.16,6.58,1.01,,,
2/24/88,8.18,7.15,6.58,1.03,,,
2/25/88,8.23,7.17,6.58,1.06,,,
2/26/88,8.18,7.16,6.58,1.02,,,
2/29/88,8.16,7.13,6.58,1.03,,,
3/1/88,8.15,7.11,6.58,1.04,,,
3/2/88,8.13,7.07,6.58,1.06,,,
3/3/88,8.12,7.08,6.58,1.04,,,
3/4/88,8.28,7.2,6.58,1.08,,,
3/7/88,8.3,7.22,6.58,1.08,,,
3/8/88,8.33,7.25,6.58,1.08,,,
3/9/88,8.32,7.22,6.58,1.1,,,
3/10/88,8.35,7.25,6.58,1.1,,,
3/11/88,8.29,7.2,6.58,1.09,,,
3/14/88,8.29,7.2,6.58,1.09,,,
3/15/88,8.3,7.19,6.58,1.11,,,
3/16/88,8.36,7.24,6.58,1.12,,,
3/17/88,8.3,7.17,6.58,1.13,,,
3/18/88,8.41,7.23,6.58,1.18,,,
3/21/88,8.47,7.32,6.58,1.15,,,
3/22/88,8.46,7.33,6.58,1.13,,,
3/23/88,8.47,7.39,6.58,1.08,,,
3/24/88,8.51,7.46,6.58,1.05,,,
3/25/88,8.47,7.41,6.58,1.06,,,
3/28/88,8.58,7.42,6.58,1.16,,,
3/29/88,8.56,7.42,6.58,1.14,,,
3/30/88,8.57,7.43,6.58,1.14,,,
3/31/88,8.57,7.41,6.58,1.16,,,
4/1/88,8.57,7.41,6.87,1.16,,,
4/4/88,8.68,7.58,6.87,1.1,,,
4/5/88,8.67,7.6,6.87,1.07,,,
4/6/88,8.61,7.57,6.87,1.04,,,
4/7/88,8.6,7.54,6.87,1.06,,,
4/8/88,8.52,7.47,6.87,1.05,,,
4/11/88,8.59,7.5,6.87,1.09,,,
4/12/88,8.57,7.49,6.87,1.08,,,
4/13/88,8.56,7.45,6.87,1.11,,,
4/14/88,8.67,7.56,6.87,1.11,,,
4/15/88,8.74,7.6,6.87,1.14,,,
4/18/88,8.81,7.6,6.87,1.21,,,
4/19/88,8.81,7.57,6.87,1.24,,,
4/20/88,8.83,7.65,6.87,1.18,,,
4/21/88,8.82,7.64,6.87,1.18,,,
4/22/88,8.78,7.64,6.87,1.14,,,
4/25/88,8.78,7.64,6.87,1.14,,,
4/26/88,8.8,7.64,6.87,1.16,,,
4/27/88,8.8,7.63,6.87,1.17,,,
4/28/88,8.86,7.69,6.87,1.17,,,
4/29/88,8.87,7.73,6.87,1.14,,,
5/2/88,8.94,7.78,7.09,1.16,,,
5/3/88,8.89,7.77,7.09,1.12,,,
5/4/88,8.9,7.77,7.09,1.13,,,
5/5/88,8.92,7.79,7.09,1.13,,,
5/6/88,9.01,7.87,7.09,1.14,,,
5/9/88,9.03,7.95,7.09,1.08,,,
5/10/88,9.07,8,7.09,1.07,,,
5/11/88,9.05,7.95,7.09,1.1,,,
5/12/88,9.04,7.95,7.09,1.09,,,
5/13/88,9,7.9,7.09,1.1,,,
5/16/88,9.01,7.93,7.09,1.08,,,
5/17/88,9.12,7.99,7.09,1.13,,,
5/18/88,9.19,8.04,7.09,1.15,,,
5/19/88,9.18,8.04,7.09,1.14,,,
5/20/88,9.22,8.08,7.09,1.14,,,
5/23/88,9.23,8.12,7.09,1.11,,,
5/24/88,9.22,8.14,7.09,1.08,,,
5/25/88,9.2,8.17,7.09,1.03,,,
5/26/88,9.21,8.23,7.09,0.98,,,
5/27/88,9.24,8.23,7.09,1.01,,,
5/30/88,9.24,8.23,7.09,1.01,,,
5/31/88,9.2,8.21,7.09,0.99,,,
6/1/88,9.03,8.09,7.51,0.94,,,
6/2/88,9.07,8.13,7.51,0.94,,,
6/3/88,8.97,8.06,7.51,0.91,,,
6/6/88,8.97,8.04,7.51,0.93,,,
6/7/88,9.02,8.04,7.51,0.98,,,
6/8/88,8.92,7.96,7.51,0.96,,,
6/9/88,8.96,7.97,7.51,0.99,,,
6/10/88,8.92,7.99,7.51,0.93,,,
6/13/88,8.91,7.98,7.51,0.93,,,
6/14/88,8.69,7.8,7.51,0.89,,,
6/15/88,8.71,7.84,7.51,0.87,,,
6/16/88,8.89,7.96,7.51,0.93,,,
6/17/88,9.02,8.1,7.51,0.92,,,
6/20/88,9.02,8.14,7.51,0.88,,,
6/21/88,9.03,8.15,7.51,0.88,,,
6/22/88,8.9,8.04,7.51,0.86,,,
6/23/88,8.88,8.05,7.51,0.83,,,
6/24/88,8.85,8.03,7.51,0.82,,,
6/27/88,8.94,8.1,7.51,0.84,,,
6/28/88,8.87,8.05,7.51,0.82,,,
6/29/88,8.88,8.03,7.51,0.85,,,
6/30/88,8.82,8.02,7.51,0.8,,,
7/1/88,8.77,7.98,7.75,0.79,,,
7/4/88,8.77,7.98,7.75,0.79,,,
7/5/88,8.82,8.04,7.75,0.78,,,
7/6/88,8.91,8.07,7.75,0.84,,,
7/7/88,8.95,8.13,7.75,0.82,,,
7/8/88,9.04,8.25,7.75,0.79,,,
7/11/88,9.02,8.25,7.75,0.77,,,
7/12/88,9.08,8.27,7.75,0.81,,,
7/13/88,9.12,8.27,7.75,0.85,,,
7/14/88,9.12,8.33,7.75,0.79,,,
7/15/88,9.08,8.31,7.75,0.77,,,
7/18/88,9.15,8.35,7.75,0.8,,,
7/19/88,9.1,8.32,7.75,0.78,,,
7/20/88,9.11,8.31,7.75,0.8,,,
7/21/88,9.16,8.39,7.75,0.77,,,
7/22/88,9.11,8.35,7.75,0.76,,,
7/25/88,9.07,8.34,7.75,0.73,,,
7/26/88,9.09,8.35,7.75,0.74,,,
7/27/88,9.14,8.44,7.75,0.7,,,
7/28/88,9.16,8.44,7.75,0.72,,,
7/29/88,9.12,8.39,7.75,0.73,,,
8/1/88,9.07,8.36,8.01,0.71,,,
8/2/88,9,8.32,8.01,0.68,,,
8/3/88,9.04,8.34,8.01,0.7,,,
8/4/88,8.99,8.31,8.01,0.68,,,
8/5/88,9.12,8.47,8.01,0.65,,,
8/8/88,9.12,8.48,8.01,0.64,,,
8/9/88,9.2,8.59,8.01,0.61,,,
8/10/88,9.3,8.64,8.01,0.66,,,
8/11/88,9.35,8.68,8.01,0.67,,,
8/12/88,9.36,8.68,8.01,0.68,,,
8/15/88,9.37,8.7,8.01,0.67,,,
8/16/88,9.35,8.72,8.01,0.63,,,
8/17/88,9.38,8.74,8.01,0.64,,,
8/18/88,9.35,8.74,8.01,0.61,,,
8/19/88,9.35,8.74,8.01,0.61,,,
8/22/88,9.37,8.76,8.01,0.61,,,
8/23/88,9.32,8.71,8.01,0.61,,,
8/24/88,9.34,8.73,8.01,0.61,,,
8/25/88,9.41,8.78,8.01,0.63,,,
8/26/88,9.38,8.78,8.01,0.6,,,
8/29/88,9.3,8.75,8.01,0.55,,,
8/30/88,9.27,8.73,8.01,0.54,,,
8/31/88,9.25,8.71,8.01,0.54,,,
9/1/88,9.25,8.68,8.19,0.57,,,
9/2/88,9,8.45,8.19,0.55,,,
9/5/88,9,8.45,8.19,0.55,,,
9/6/88,8.99,8.47,8.19,0.52,,,
9/7/88,8.99,8.45,8.19,0.54,,,
9/8/88,8.99,8.45,8.19,0.54,,,
9/9/88,8.93,8.42,8.19,0.51,,,
9/12/88,8.97,8.44,8.19,0.53,,,
9/13/88,8.94,8.4,8.19,0.54,,,
9/14/88,8.88,8.36,8.19,0.52,,,
9/15/88,8.91,8.39,8.19,0.52,,,
9/16/88,8.93,8.4,8.19,0.53,,,
9/19/88,8.97,8.44,8.19,0.53,,,
9/20/88,8.97,8.45,8.19,0.52,,,
9/21/88,8.93,8.4,8.19,0.53,,,
9/22/88,8.95,8.44,8.19,0.51,,,
9/23/88,8.97,8.47,8.19,0.5,,,
9/26/88,9,8.52,8.19,0.48,,,
9/27/88,9.04,8.55,8.19,0.49,,,
9/28/88,9.06,8.59,8.19,0.47,,,
9/29/88,8.98,8.53,8.19,0.45,,,
9/30/88,8.87,8.43,8.19,0.44,,,
10/3/88,8.84,8.41,8.3,0.43,,,
10/4/88,8.87,8.43,8.3,0.44,,,
10/5/88,8.87,8.43,8.3,0.44,,,
10/6/88,8.87,8.43,8.3,0.44,,,
10/7/88,8.7,8.26,8.3,0.44,,,
10/10/88,8.7,8.26,8.3,0.44,,,
10/11/88,8.75,8.29,8.3,0.46,,,
10/12/88,8.84,8.35,8.3,0.49,,,
10/13/88,8.84,8.36,8.3,0.48,,,
10/14/88,8.81,8.33,8.3,0.48,,,
10/17/88,8.79,8.33,8.3,0.46,,,
10/18/88,8.78,8.33,8.3,0.45,,,
10/19/88,8.82,8.38,8.3,0.44,,,
10/20/88,8.79,8.38,8.3,0.41,,,
10/21/88,8.83,8.4,8.3,0.43,,,
10/24/88,8.83,8.42,8.3,0.41,,,
10/25/88,8.83,8.42,8.3,0.41,,,
10/26/88,8.79,8.34,8.3,0.45,,,
10/27/88,8.72,8.27,8.3,0.45,,,
10/28/88,8.69,8.27,8.3,0.42,,,
10/31/88,8.65,8.25,8.3,0.4,,,
11/1/88,8.68,8.25,8.35,0.43,,,
11/2/88,8.73,8.29,8.35,0.44,,,
11/3/88,8.69,8.27,8.35,0.42,,,
11/4/88,8.85,8.39,8.35,0.46,,,
11/7/88,8.91,8.5,8.35,0.41,,,
11/8/88,8.91,8.53,8.35,0.38,,,
11/9/88,8.91,8.57,8.35,0.34,,,
11/10/88,8.9,8.6,8.35,0.3,,,
11/11/88,8.9,8.6,8.35,0.3,,,
11/14/88,8.91,8.62,8.35,0.29,,,
11/15/88,8.92,8.69,8.35,0.23,,,
11/16/88,9,8.75,8.35,0.25,,,
11/17/88,9.06,8.75,8.35,0.31,,,
11/18/88,9.05,8.77,8.35,0.28,,,
11/21/88,9.04,8.81,8.35,0.23,,,
11/22/88,9.09,8.88,8.35,0.21,,,
11/23/88,9.08,8.87,8.35,0.21,,,
11/24/88,9.08,8.87,8.35,0.21,,,
11/25/88,9.17,8.98,8.35,0.19,,,
11/28/88,9.16,9,8.35,0.16,,,
11/29/88,9.13,8.96,8.35,0.17,,,
11/30/88,9.06,8.84,8.35,0.22,,,
12/1/88,9.01,8.86,8.76,0.15,,,
12/2/88,9.18,9.12,8.76,0.06,,,
12/5/88,9.13,9.09,8.76,0.04,,,
12/6/88,8.95,8.88,8.76,0.07,,,
12/7/88,9,8.93,8.76,0.07,,,
12/8/88,9.02,9,8.76,0.02,,,
12/9/88,9.07,9.03,8.76,0.04,,,
12/12/88,9.08,9.05,8.76,0.03,,,
12/13/88,9.15,9.16,8.76,-0.01,,,
12/14/88,9.19,9.2,8.76,-0.01,,,
12/15/88,9.19,9.2,8.76,-0.01,,,
12/16/88,9.17,9.18,8.76,-0.01,,,
12/19/88,9.15,9.18,8.76,-0.03,,,
12/20/88,9.08,9.11,8.76,-0.03,,,
12/21/88,9.07,9.09,8.76,-0.02,,,
12/22/88,9.07,9.04,8.76,0.03,,,
12/23/88,9.05,9.04,8.76,0.01,,,
12/26/88,9.05,9.04,8.76,0.01,,,
12/27/88,9.13,9.15,8.76,-0.02,,,
12/28/88,9.21,9.23,8.76,-0.02,,,
12/29/88,9.18,9.18,8.76,0,,,
12/30/88,9.14,9.14,8.76,0,,,
1/2/89,9.14,9.14,9.12,0,,,
1/3/89,9.23,9.21,9.12,0.02,,,
1/4/89,9.22,9.25,9.12,-0.03,,,
1/5/89,9.27,9.32,9.12,-0.05,,,
1/6/89,9.25,9.32,9.12,-0.07,,,
1/9/89,9.23,9.29,9.12,-0.06,,,
1/10/89,9.24,9.25,9.12,-0.01,,,
1/11/89,9.24,9.29,9.12,-0.05,,,
1/12/89,9.14,9.2,9.12,-0.06,,,
1/13/89,9.06,9.14,9.12,-0.08,,,
1/16/89,9.06,9.14,9.12,-0.08,,,
1/17/89,9.06,9.16,9.12,-0.1,,,
1/18/89,8.99,9.13,9.12,-0.14,,,
1/19/89,9,9.09,9.12,-0.09,,,
1/20/89,9.03,9.13,9.12,-0.1,,,
1/23/89,9,9.13,9.12,-0.13,,,
1/24/89,8.93,9.07,9.12,-0.14,,,
1/25/89,8.99,9.1,9.12,-0.11,,,
1/26/89,8.99,9.14,9.12,-0.15,,,
1/27/89,8.95,9.07,9.12,-0.12,,,
1/30/89,9,9.1,9.12,-0.1,,,
1/31/89,9.01,9.12,9.12,-0.11,,,
2/1/89,8.99,9.12,9.36,-0.13,,,
2/2/89,8.98,9.12,9.36,-0.14,,,
2/3/89,9.01,9.23,9.36,-0.22,,,
2/6/89,9.01,9.25,9.36,-0.24,,,
2/7/89,8.96,9.19,9.36,-0.23,,,
2/8/89,8.95,9.21,9.36,-0.26,,,
2/9/89,9.13,9.28,9.36,-0.15,,,
2/10/89,9.19,9.37,9.36,-0.18,,,
2/13/89,9.2,9.39,9.36,-0.19,,,
2/14/89,9.23,9.43,9.36,-0.2,,,
2/15/89,9.22,9.41,9.36,-0.19,,,
2/16/89,9.21,9.37,9.36,-0.16,,,
2/17/89,9.2,9.37,9.36,-0.17,,,
2/20/89,9.2,9.37,9.36,-0.17,,,
2/21/89,9.22,9.41,9.36,-0.19,,,
2/22/89,9.29,9.48,9.36,-0.19,,,
2/23/89,9.36,9.6,9.36,-0.24,,,
2/24/89,9.38,9.66,9.36,-0.28,,,
2/27/89,9.36,9.62,9.36,-0.26,,,
2/28/89,9.32,9.55,9.36,-0.23,,,
3/1/89,9.36,9.55,9.85,-0.19,,,
3/2/89,9.31,9.52,9.85,-0.21,,,
3/3/89,9.31,9.5,9.85,-0.19,,,
3/6/89,9.26,9.46,9.85,-0.2,,,
3/7/89,9.26,9.48,9.85,-0.22,,,
3/8/89,9.23,9.48,9.85,-0.25,,,
3/9/89,9.24,9.48,9.85,-0.24,,,
3/10/89,9.34,9.66,9.85,-0.32,,,
3/13/89,9.35,9.64,9.85,-0.29,,,
3/14/89,9.32,9.64,9.85,-0.32,,,
3/15/89,9.31,9.62,9.85,-0.31,,,
3/16/89,9.3,9.61,9.85,-0.31,,,
3/17/89,9.49,9.84,9.85,-0.35,,,
3/20/89,9.53,9.9,9.85,-0.37,,,
3/21/89,9.53,9.92,9.85,-0.39,,,
3/22/89,9.45,9.81,9.85,-0.36,,,
3/23/89,9.43,9.81,9.85,-0.38,,,
3/24/89,9.43,9.81,9.85,-0.38,,,
3/27/89,9.44,9.85,9.85,-0.41,,,
3/28/89,9.41,9.86,9.85,-0.45,,,
3/29/89,9.36,9.8,9.85,-0.44,,,
3/30/89,9.34,9.79,9.85,-0.45,,,
3/31/89,9.3,9.73,9.85,-0.43,,,
4/3/89,9.21,9.56,9.84,-0.35,,,
4/4/89,9.17,9.47,9.84,-0.3,,,
4/5/89,9.17,9.45,9.84,-0.28,,,
4/6/89,9.2,9.54,9.84,-0.34,,,
4/7/89,9.27,9.57,9.84,-0.3,,,
4/10/89,9.27,9.57,9.84,-0.3,,,
4/11/89,9.27,9.57,9.84,-0.3,,,
4/12/89,9.29,9.59,9.84,-0.3,,,
4/13/89,9.34,9.66,9.84,-0.32,,,
4/14/89,9.18,9.43,9.84,-0.25,,,
4/17/89,9.2,9.48,9.84,-0.28,,,
4/18/89,9.06,9.28,9.84,-0.22,,,
4/19/89,9.08,9.3,9.84,-0.22,,,
4/20/89,9.2,9.46,9.84,-0.26,,,
4/21/89,9.15,9.44,9.84,-0.29,,,
4/24/89,9.15,9.46,9.84,-0.31,,,
4/25/89,9.12,9.41,9.84,-0.29,,,
4/26/89,9.11,9.34,9.84,-0.23,,,
4/27/89,9.05,9.23,9.84,-0.18,,,
4/28/89,9.02,9.22,9.84,-0.2,,,
5/1/89,9.14,9.36,9.81,-0.22,,,
5/2/89,9.08,9.27,9.81,-0.19,,,
5/3/89,9.06,9.21,9.81,-0.15,,,
5/4/89,9.06,9.21,9.81,-0.15,,,
5/5/89,8.99,9.04,9.81,-0.05,,,
5/8/89,9.04,9.09,9.81,-0.05,,,
5/9/89,9.15,9.23,9.81,-0.08,,,
5/10/89,9.16,9.27,9.81,-0.11,,,
5/11/89,9.1,9.14,9.81,-0.04,,,
5/12/89,8.81,8.82,9.81,-0.01,,,
5/15/89,8.82,8.91,9.81,-0.09,,,
5/16/89,8.82,8.95,9.81,-0.13,,,
5/17/89,8.8,8.96,9.81,-0.16,,,
5/18/89,8.78,9,9.81,-0.22,,,
5/19/89,8.71,8.94,9.81,-0.23,,,
5/22/89,8.58,8.84,9.81,-0.26,,,
5/23/89,8.6,8.83,9.81,-0.23,,,
5/24/89,8.63,8.82,9.81,-0.19,,,
5/25/89,8.67,8.92,9.81,-0.25,,,
5/26/89,8.66,8.89,9.81,-0.23,,,
5/29/89,8.66,8.89,9.81,-0.23,,,
5/30/89,8.64,8.87,9.81,-0.23,,,
5/31/89,8.6,8.82,9.81,-0.22,,,
6/1/89,8.61,8.82,9.53,-0.21,,,
6/2/89,8.43,8.52,9.53,-0.09,,,
6/5/89,8.36,8.44,9.53,-0.08,,,
6/6/89,8.36,8.45,9.53,-0.09,,,
6/7/89,8.27,8.38,9.53,-0.11,,,
6/8/89,8.27,8.33,9.53,-0.06,,,
6/9/89,8.15,8.28,9.53,-0.13,,,
6/12/89,8.16,8.29,9.53,-0.13,,,
6/13/89,8.25,8.41,9.53,-0.16,,,
6/14/89,8.2,8.36,9.53,-0.16,,,
6/15/89,8.33,8.48,9.53,-0.15,,,
6/16/89,8.35,8.53,9.53,-0.18,,,
6/19/89,8.37,8.55,9.53,-0.18,,,
6/20/89,8.31,8.5,9.53,-0.19,,,
6/21/89,8.37,8.53,9.53,-0.16,,,
6/22/89,8.38,8.55,9.53,-0.17,,,
6/23/89,8.25,8.39,9.53,-0.14,,,
6/26/89,8.18,8.35,9.53,-0.17,,,
6/27/89,8.11,8.27,9.53,-0.16,,,
6/28/89,8.17,8.27,9.53,-0.1,,,
6/29/89,8.12,8.16,9.53,-0.04,,,
6/30/89,8.1,8.08,9.53,0.02,,,
7/3/89,8.09,8.02,9.24,0.07,,,
7/4/89,8.09,8.02,9.24,0.07,,,
7/5/89,8.11,7.99,9.24,0.12,,,
7/6/89,8.08,7.94,9.24,0.14,,,
7/7/89,8.02,7.83,9.24,0.19,,,
7/10/89,7.99,7.81,9.24,0.18,,,
7/11/89,8,7.81,9.24,0.19,,,
7/12/89,8,7.74,9.24,0.26,,,
7/13/89,8,7.74,9.24,0.26,,,
7/14/89,8.04,7.83,9.24,0.21,,,
7/17/89,8.05,7.85,9.24,0.2,,,
7/18/89,8.13,7.95,9.24,0.18,,,
7/19/89,8.09,7.9,9.24,0.19,,,
7/20/89,8.01,7.81,9.24,0.2,,,
7/21/89,8.07,7.91,9.24,0.16,,,
7/24/89,8.05,7.93,9.24,0.12,,,
7/25/89,8.01,7.84,9.24,0.17,,,
7/26/89,8.02,7.75,9.24,0.27,,,
7/27/89,7.92,7.65,9.24,0.27,,,
7/28/89,7.87,7.56,9.24,0.31,,,
7/31/89,7.82,7.53,9.24,0.29,,,
8/1/89,7.74,7.46,8.99,0.28,,,
8/2/89,7.76,7.53,8.99,0.23,,,
8/3/89,7.8,7.6,8.99,0.2,,,
8/4/89,8,7.92,8.99,0.08,,,
8/7/89,8.03,8.01,8.99,0.02,,,
8/8/89,8,7.96,8.99,0.04,,,
8/9/89,8.05,7.99,8.99,0.06,,,
8/10/89,8.02,7.99,8.99,0.03,,,
8/11/89,8.09,8.12,8.99,-0.03,,,
8/14/89,8.24,8.31,8.99,-0.07,,,
8/15/89,8.21,8.29,8.99,-0.08,,,
8/16/89,8.12,8.17,8.99,-0.05,,,
8/17/89,8.18,8.26,8.99,-0.08,,,
8/18/89,8.15,8.26,8.99,-0.11,,,
8/21/89,8.2,8.32,8.99,-0.12,,,
8/22/89,8.29,8.43,8.99,-0.14,,,
8/23/89,8.25,8.37,8.99,-0.12,,,
8/24/89,8.2,8.32,8.99,-0.12,,,
8/25/89,8.21,8.34,8.99,-0.13,,,
8/28/89,8.27,8.41,8.99,-0.14,,,
8/29/89,8.27,8.44,8.99,-0.17,,,
8/30/89,8.25,8.41,8.99,-0.16,,,
8/31/89,8.26,8.42,8.99,-0.16,,,
9/1/89,8.19,8.37,9.02,-0.18,,,
9/4/89,8.19,8.37,9.02,-0.18,,,
9/5/89,8.19,8.37,9.02,-0.18,,,
9/6/89,8.17,8.35,9.02,-0.18,,,
9/7/89,8.17,8.35,9.02,-0.18,,,
9/8/89,8.14,8.27,9.02,-0.13,,,
9/11/89,8.13,8.2,9.02,-0.07,,,
9/12/89,8.13,8.18,9.02,-0.05,,,
9/13/89,8.18,8.2,9.02,-0.02,,,
9/14/89,8.13,8.09,9.02,0.04,,,
9/15/89,8.09,8.06,9.02,0.03,,,
9/18/89,8.1,8.13,9.02,-0.03,,,
9/19/89,8.09,8.14,9.02,-0.05,,,
9/20/89,8.15,8.27,9.02,-0.12,,,
9/21/89,8.2,8.32,9.02,-0.12,,,
9/22/89,8.22,8.34,9.02,-0.12,,,
9/25/89,8.32,8.43,9.02,-0.11,,,
9/26/89,8.3,8.36,9.02,-0.06,,,
9/27/89,8.3,8.39,9.02,-0.09,,,
9/28/89,8.3,8.41,9.02,-0.11,,,
9/29/89,8.31,8.46,9.02,-0.15,,,
10/2/89,8.28,8.48,8.84,-0.2,,,
10/3/89,8.23,8.39,8.84,-0.16,,,
10/4/89,8.22,8.37,8.84,-0.15,,,
10/5/89,8.15,8.31,8.84,-0.16,,,
10/6/89,8.03,8.1,8.84,-0.07,,,
10/9/89,8.03,8.1,8.84,-0.07,,,
10/10/89,8.03,8.06,8.84,-0.03,,,
10/11/89,8.07,8.08,8.84,-0.01,,,
10/12/89,8.04,8.01,8.84,0.03,,,
10/13/89,7.87,7.69,8.84,0.18,,,
10/16/89,7.98,7.85,8.84,0.13,,,
10/17/89,8,7.83,8.84,0.17,,,
10/18/89,8.01,7.83,8.84,0.18,,,
10/19/89,7.96,7.87,8.84,0.09,,,
10/20/89,7.98,7.92,8.84,0.06,,,
10/23/89,7.92,7.88,8.84,0.04,,,
10/24/89,7.87,7.78,8.84,0.09,,,
10/25/89,7.86,7.76,8.84,0.1,,,
10/26/89,7.88,7.78,8.84,0.1,,,
10/27/89,7.94,7.87,8.84,0.07,,,
10/30/89,7.92,7.85,8.84,0.07,,,
10/31/89,7.92,7.85,8.84,0.07,,,
11/1/89,7.91,7.87,8.55,0.04,,,
11/2/89,7.87,7.81,8.55,0.06,,,
11/3/89,7.96,8.01,8.55,-0.05,,,
11/6/89,8,8.04,8.55,-0.04,,,
11/7/89,7.9,7.87,8.55,0.03,,,
11/8/89,7.87,7.78,8.55,0.09,,,
11/9/89,7.9,7.8,8.55,0.1,,,
11/10/89,7.92,7.83,8.55,0.09,,,
11/13/89,7.89,7.82,8.55,0.07,,,
11/14/89,7.87,7.75,8.55,0.12,,,
11/15/89,7.82,7.69,8.55,0.13,,,
11/16/89,7.82,7.71,8.55,0.11,,,
11/17/89,7.88,7.77,8.55,0.11,,,
11/20/89,7.86,7.77,8.55,0.09,,,
11/21/89,7.85,7.77,8.55,0.08,,,
11/22/89,7.81,7.66,8.55,0.15,,,
11/23/89,7.81,7.66,8.55,0.15,,,
11/24/89,7.8,7.64,8.55,0.16,,,
11/27/89,7.85,7.79,8.55,0.06,,,
11/28/89,7.86,7.78,8.55,0.08,,,
11/29/89,7.88,7.8,8.55,0.08,,,
11/30/89,7.84,7.75,8.55,0.09,,,
12/1/89,7.81,7.7,8.45,0.11,,,
12/4/89,7.82,7.72,8.45,0.1,,,
12/5/89,7.82,7.72,8.45,0.1,,,
12/6/89,7.85,7.8,8.45,0.05,,,
12/7/89,7.88,7.85,8.45,0.03,,,
12/8/89,7.82,7.78,8.45,0.04,,,
12/11/89,7.83,7.78,8.45,0.05,,,
12/12/89,7.84,7.8,8.45,0.04,,,
12/13/89,7.82,7.82,8.45,0,,,
12/14/89,7.79,7.75,8.45,0.04,,,
12/15/89,7.8,7.75,8.45,0.05,,,
12/18/89,7.77,7.75,8.45,0.02,,,
12/19/89,7.78,7.72,8.45,0.06,,,
12/20/89,7.77,7.64,8.45,0.13,,,
12/21/89,7.77,7.68,8.45,0.09,,,
12/22/89,7.82,7.74,8.45,0.08,,,
12/25/89,7.82,7.74,8.45,0.08,,,
12/26/89,7.95,7.9,8.45,0.05,,,
12/27/89,7.94,7.9,8.45,0.04,,,
12/28/89,7.91,7.87,8.45,0.04,,,
12/29/89,7.93,7.87,8.45,0.06,,,
1/1/90,7.93,7.87,8.23,0.06,,,
1/2/90,7.94,7.87,8.23,0.07,,,
1/3/90,7.99,7.94,8.23,0.05,,,
1/4/90,7.98,7.92,8.23,0.06,,,
1/5/90,7.99,7.9,8.23,0.09,,,
1/8/90,8.02,7.9,8.23,0.12,,,
1/9/90,8.02,7.91,8.23,0.11,,,
1/10/90,8.03,7.91,8.23,0.12,,,
1/11/90,8.04,7.91,8.23,0.13,,,
1/12/90,8.1,7.93,8.23,0.17,,,
1/15/90,8.1,7.93,8.23,0.17,,,
1/16/90,8.2,8.1,8.23,0.1,,,
1/17/90,8.19,8.09,8.23,0.1,,,
1/18/90,8.32,8.25,8.23,0.07,,,
1/19/90,8.26,8.2,8.23,0.06,,,
1/22/90,8.27,8.18,8.23,0.09,,,
1/23/90,8.26,8.18,8.23,0.08,,,
1/24/90,8.38,8.2,8.23,0.18,,,
1/25/90,8.42,8.24,8.23,0.18,,,
1/26/90,8.49,8.28,8.23,0.21,,,
1/29/90,8.5,8.3,8.23,0.2,,,
1/30/90,8.51,8.3,8.23,0.21,,,
1/31/90,8.43,8.28,8.23,0.15,,,
2/1/90,8.42,8.28,8.24,0.14,,,
2/2/90,8.5,8.37,8.24,0.13,,,
2/5/90,8.53,8.37,8.24,0.16,,,
2/6/90,8.57,8.42,8.24,0.15,,,
2/7/90,8.52,8.42,8.24,0.1,,,
2/8/90,8.49,8.37,8.24,0.12,,,
2/9/90,8.31,8.25,8.24,0.06,,,
2/12/90,8.4,8.32,8.24,0.08,,,
2/13/90,8.35,8.21,8.24,0.14,,,
2/14/90,8.36,8.27,8.24,0.09,,,
2/15/90,8.43,8.35,8.24,0.08,,,
2/16/90,8.42,8.36,8.24,0.06,,,
2/19/90,8.42,8.36,8.24,0.06,,,
2/20/90,8.62,8.52,8.24,0.1,,,
2/21/90,8.62,8.5,8.24,0.12,,,
2/22/90,8.54,8.45,8.24,0.09,,,
2/23/90,8.53,8.43,8.24,0.1,,,
2/26/90,8.46,8.38,8.24,0.08,,,
2/27/90,8.41,8.34,8.24,0.07,,,
2/28/90,8.51,8.43,8.24,0.08,,,
3/1/90,8.59,8.53,8.28,0.06,,,
3/2/90,8.54,8.48,8.28,0.06,,,
3/5/90,8.65,8.55,8.28,0.1,,,
3/6/90,8.59,8.54,8.28,0.05,,,
3/7/90,8.58,8.54,8.28,0.04,,,
3/8/90,8.57,8.59,8.28,-0.02,,,
3/9/90,8.65,8.73,8.28,-0.08,,,
3/12/90,8.63,8.71,8.28,-0.08,,,
3/13/90,8.73,8.77,8.28,-0.04,,,
3/14/90,8.65,8.69,8.28,-0.04,,,
3/15/90,8.66,8.71,8.28,-0.05,,,
3/16/90,8.59,8.64,8.28,-0.05,,,
3/19/90,8.59,8.68,8.28,-0.09,,,
3/20/90,8.54,8.68,8.28,-0.14,,,
3/21/90,8.55,8.69,8.28,-0.14,,,
3/22/90,8.53,8.62,8.28,-0.09,,,
3/23/90,8.52,8.61,8.28,-0.09,,,
3/26/90,8.51,8.61,8.28,-0.1,,,
3/27/90,8.52,8.59,8.28,-0.07,,,
3/28/90,8.51,8.57,8.28,-0.06,,,
3/29/90,8.6,8.62,8.28,-0.02,,,
3/30/90,8.65,8.64,8.28,0.01,,,
4/2/90,8.65,8.62,8.26,0.03,,,
4/3/90,8.63,8.61,8.26,0.02,,,
4/4/90,8.55,8.54,8.26,0.01,,,
4/5/90,8.57,8.54,8.26,0.03,,,
4/6/90,8.56,8.52,8.26,0.04,,,
4/9/90,8.59,8.54,8.26,0.05,,,
4/10/90,8.6,8.54,8.26,0.06,,,
4/11/90,8.63,8.56,8.26,0.07,,,
4/12/90,8.64,8.57,8.26,0.07,,,
4/13/90,8.64,8.57,8.26,0.07,,,
4/16/90,8.68,8.61,8.26,0.07,,,
4/17/90,8.77,8.7,8.26,0.07,,,
4/18/90,8.86,8.79,8.26,0.07,,,
4/19/90,8.87,8.81,8.26,0.06,,,
4/20/90,8.95,8.82,8.26,0.13,,,
4/23/90,8.98,8.87,8.26,0.11,,,
4/24/90,9,8.92,8.26,0.08,,,
4/25/90,9.01,8.95,8.26,0.06,,,
4/26/90,9.07,9.03,8.26,0.04,,,
4/27/90,9.06,8.98,8.26,0.08,,,
4/30/90,9.04,8.96,8.26,0.08,,,
5/1/90,9.08,9.02,8.18,0.06,,,
5/2/90,9.09,9.05,8.18,0.04,,,
5/3/90,9.04,8.98,8.18,0.06,,,
5/4/90,8.84,8.7,8.18,0.14,,,
5/7/90,8.87,8.74,8.18,0.13,,,
5/8/90,8.84,8.68,8.18,0.16,,,
5/9/90,8.88,8.75,8.18,0.13,,,
5/10/90,8.82,8.69,8.18,0.13,,,
5/11/90,8.64,8.55,8.18,0.09,,,
5/14/90,8.61,8.51,8.18,0.1,,,
5/15/90,8.65,8.54,8.18,0.11,,,
5/16/90,8.68,8.54,8.18,0.14,,,
5/17/90,8.69,8.56,8.18,0.13,,,
5/18/90,8.75,8.63,8.18,0.12,,,
5/21/90,8.74,8.61,8.18,0.13,,,
5/22/90,8.65,8.54,8.18,0.11,,,
5/23/90,8.61,8.51,8.18,0.1,,,
5/24/90,8.63,8.5,8.18,0.13,,,
5/25/90,8.69,8.53,8.18,0.16,,,
5/28/90,8.69,8.53,8.18,0.16,,,
5/29/90,8.66,8.52,8.18,0.14,,,
5/30/90,8.62,8.48,8.18,0.14,,,
5/31/90,8.6,8.5,8.18,0.1,,,
6/1/90,8.44,8.33,8.29,0.11,,,
6/4/90,8.44,8.31,8.29,0.13,,,
6/5/90,8.47,8.34,8.29,0.13,,,
6/6/90,8.46,8.34,8.29,0.12,,,
6/7/90,8.46,8.34,8.29,0.12,,,
6/8/90,8.46,8.33,8.29,0.13,,,
6/11/90,8.48,8.36,8.29,0.12,,,
6/12/90,8.48,8.36,8.29,0.12,,,
6/13/90,8.4,8.27,8.29,0.13,,,
6/14/90,8.38,8.24,8.29,0.14,,,
6/15/90,8.46,8.33,8.29,0.13,,,
6/18/90,8.5,8.39,8.29,0.11,,,
6/19/90,8.51,8.41,8.29,0.1,,,
6/20/90,8.55,8.43,8.29,0.12,,,
6/21/90,8.52,8.41,8.29,0.11,,,
6/22/90,8.51,8.4,8.29,0.11,,,
6/25/90,8.58,8.45,8.29,0.13,,,
6/26/90,8.56,8.41,8.29,0.15,,,
6/27/90,8.52,8.37,8.29,0.15,,,
6/28/90,8.47,8.31,8.29,0.16,,,
6/29/90,8.43,8.24,8.29,0.19,,,
7/2/90,8.43,8.25,8.15,0.18,,,
7/3/90,8.4,8.2,8.15,0.2,,,
7/4/90,8.4,8.2,8.15,0.2,,,
7/5/90,8.42,8.22,8.15,0.2,,,
7/6/90,8.51,8.32,8.15,0.19,,,
7/9/90,8.57,8.39,8.15,0.18,,,
7/10/90,8.57,8.4,8.15,0.17,,,
7/11/90,8.57,8.4,8.15,0.17,,,
7/12/90,8.5,8.2,8.15,0.3,,,
7/13/90,8.45,8.13,8.15,0.32,,,
7/16/90,8.44,8.15,8.15,0.29,,,
7/17/90,8.44,8.13,8.15,0.31,,,
7/18/90,8.5,8.13,8.15,0.37,,,
7/19/90,8.51,8.13,8.15,0.38,,,
7/20/90,8.48,8.08,8.15,0.4,,,
7/23/90,8.48,8.05,8.15,0.43,,,
7/24/90,8.53,8.12,8.15,0.41,,,
7/25/90,8.49,8.08,8.15,0.41,,,
7/26/90,8.49,8.08,8.15,0.41,,,
7/27/90,8.42,8,8.15,0.42,,,
7/30/90,8.34,7.93,8.15,0.41,,,
7/31/90,8.36,7.91,8.15,0.45,,,
8/1/90,8.29,7.85,8.13,0.44,,,
8/2/90,8.41,7.9,8.13,0.51,,,
8/3/90,8.43,7.79,8.13,0.64,,,
8/6/90,8.71,7.9,8.13,0.81,,,
8/7/90,8.78,8.04,8.13,0.74,,,
8/8/90,8.77,8.02,8.13,0.75,,,
8/9/90,8.66,7.99,8.13,0.67,,,
8/10/90,8.68,7.95,8.13,0.73,,,
8/13/90,8.71,7.94,8.13,0.77,,,
8/14/90,8.66,7.94,8.13,0.72,,,
8/15/90,8.64,7.94,8.13,0.7,,,
8/16/90,8.76,8.09,8.13,0.67,,,
8/17/90,8.8,8.11,8.13,0.69,,,
8/20/90,8.81,8.13,8.13,0.68,,,
8/21/90,8.84,8.19,8.13,0.65,,,
8/22/90,8.91,8.26,8.13,0.65,,,
8/23/90,9,8.26,8.13,0.74,,,
8/24/90,9.05,8.32,8.13,0.73,,,
8/27/90,8.9,8.21,8.13,0.69,,,
8/28/90,8.94,8.23,8.13,0.71,,,
8/29/90,8.84,8.16,8.13,0.68,,,
8/30/90,8.86,8.12,8.13,0.74,,,
8/31/90,8.86,8.07,8.13,0.79,,,
9/3/90,8.86,8.07,8.2,0.79,,,
9/4/90,8.9,8.09,8.2,0.81,,,
9/5/90,8.86,8.04,8.2,0.82,,,
9/6/90,8.84,8.06,8.2,0.78,,,
9/7/90,8.81,8.04,8.2,0.77,,,
9/10/90,8.85,8.09,8.2,0.76,,,
9/11/90,8.83,8.1,8.2,0.73,,,
9/12/90,8.82,8.05,8.2,0.77,,,
9/13/90,8.82,8.01,8.2,0.81,,,
9/14/90,8.87,8.03,8.2,0.84,,,
9/17/90,8.9,8.05,8.2,0.85,,,
9/18/90,8.9,8.03,8.2,0.87,,,
9/19/90,8.88,8.08,8.2,0.8,,,
9/20/90,8.91,8.1,8.2,0.81,,,
9/21/90,8.99,8.12,8.2,0.87,,,
9/24/90,9.04,8.21,8.2,0.83,,,
9/25/90,9.02,8.18,8.2,0.84,,,
9/26/90,9,8.16,8.2,0.84,,,
9/27/90,8.91,8.05,8.2,0.86,,,
9/28/90,8.82,8.02,8.2,0.8,,,
10/1/90,8.71,7.94,8.11,0.77,,,
10/2/90,8.69,7.92,8.11,0.77,,,
10/3/90,8.71,7.88,8.11,0.83,,,
10/4/90,8.67,7.87,8.11,0.8,,,
10/5/90,8.65,7.81,8.11,0.84,,,
10/8/90,8.65,7.81,8.11,0.84,,,
10/9/90,8.83,7.94,8.11,0.89,,,
10/10/90,8.89,7.99,8.11,0.9,,,
10/11/90,8.92,7.99,8.11,0.93,,,
10/12/90,8.84,7.94,8.11,0.9,,,
10/15/90,8.8,7.92,8.11,0.88,,,
10/16/90,8.79,7.92,8.11,0.87,,,
10/17/90,8.76,7.92,8.11,0.84,,,
10/18/90,8.71,7.91,8.11,0.8,,,
10/19/90,8.62,7.85,8.11,0.77,,,
10/22/90,8.63,7.85,8.11,0.78,,,
10/23/90,8.65,7.84,8.11,0.81,,,
10/24/90,8.66,7.84,8.11,0.82,,,
10/25/90,8.62,7.8,8.11,0.82,,,
10/26/90,8.63,7.8,8.11,0.83,,,
10/29/90,8.7,7.82,8.11,0.88,,,
10/30/90,8.7,7.79,8.11,0.91,,,
10/31/90,8.65,7.77,8.11,0.88,,,
11/1/90,8.57,7.68,7.81,0.89,,,
11/2/90,8.57,7.68,7.81,0.89,,,
11/5/90,8.5,7.63,7.81,0.87,,,
11/6/90,8.52,7.65,7.81,0.87,,,
11/7/90,8.57,7.67,7.81,0.9,,,
11/8/90,8.58,7.67,7.81,0.91,,,
11/9/90,8.49,7.61,7.81,0.88,,,
11/12/90,8.49,7.61,7.81,0.88,,,
11/13/90,8.37,7.6,7.81,0.77,,,
11/14/90,8.36,7.58,7.81,0.78,,,
11/15/90,8.37,7.6,7.81,0.77,,,
11/16/90,8.3,7.58,7.81,0.72,,,
11/19/90,8.35,7.62,7.81,0.73,,,
11/20/90,8.31,7.62,7.81,0.69,,,
11/21/90,8.27,7.55,7.81,0.72,,,
11/22/90,8.27,7.55,7.81,0.72,,,
11/23/90,8.28,7.53,7.81,0.75,,,
11/26/90,8.27,7.55,7.81,0.72,,,
11/27/90,8.28,7.5,7.81,0.78,,,
11/28/90,8.3,7.56,7.81,0.74,,,
11/29/90,8.32,7.58,7.81,0.74,,,
11/30/90,8.26,7.53,7.81,0.73,,,
12/3/90,8.22,7.51,7.31,0.71,,,
12/4/90,8.2,7.46,7.31,0.74,,,
12/5/90,8.16,7.46,7.31,0.7,,,
12/6/90,8.18,7.48,7.31,0.7,,,
12/7/90,8.03,7.33,7.31,0.7,,,
12/10/90,7.98,7.28,7.31,0.7,,,
12/11/90,7.94,7.26,7.31,0.68,,,
12/12/90,7.91,7.22,7.31,0.69,,,
12/13/90,7.98,7.31,7.31,0.67,,,
12/14/90,8.05,7.35,7.31,0.7,,,
12/17/90,8.02,7.31,7.31,0.71,,,
12/18/90,7.99,7.28,7.31,0.71,,,
12/19/90,8,7.21,7.31,0.79,,,
12/20/90,8.05,7.25,7.31,0.8,,,
12/21/90,8.11,7.3,7.31,0.81,,,
12/24/90,8.2,7.35,7.31,0.85,,,
12/25/90,8.2,7.35,7.31,0.85,,,
12/26/90,8.15,7.27,7.31,0.88,,,
12/27/90,8.11,7.25,7.31,0.86,,,
12/28/90,8.14,7.25,7.31,0.89,,,
12/31/90,8.08,7.15,7.31,0.93,,,
1/1/91,8.08,7.15,6.91,0.93,,,
1/2/91,7.97,7.08,6.91,0.89,,,
1/3/91,7.93,7.08,6.91,0.85,,,
1/4/91,8.02,7.17,6.91,0.85,,,
1/7/91,8.13,7.2,6.91,0.93,,,
1/8/91,8.16,7.15,6.91,1.01,,,
1/9/91,8.25,7.1,6.91,1.15,,,
1/10/91,8.16,7.14,6.91,1.02,,,
1/11/91,8.2,7.14,6.91,1.06,,,
1/14/91,8.23,7.18,6.91,1.05,,,
1/15/91,8.22,7.16,6.91,1.06,,,
1/16/91,8.24,7.21,6.91,1.03,,,
1/17/91,8.05,7.19,6.91,0.86,,,
1/18/91,8.03,7.14,6.91,0.89,,,
1/21/91,8.03,7.14,6.91,0.89,,,
1/22/91,8.07,7.13,6.91,0.94,,,
1/23/91,8.04,7.08,6.91,0.96,,,
1/24/91,8,7.04,6.91,0.96,,,
1/25/91,8.06,7.1,6.91,0.96,,,
1/28/91,8.06,7.12,6.91,0.94,,,
1/29/91,8.03,7.1,6.91,0.93,,,
1/30/91,8.05,7.07,6.91,0.98,,,
1/31/91,8.03,7.05,6.91,0.98,,,
2/1/91,7.91,6.83,6.25,1.08,,,
2/4/91,7.88,6.82,6.25,1.06,,,
2/5/91,7.85,6.8,6.25,1.05,,,
2/6/91,7.79,6.82,6.25,0.97,,,
2/7/91,7.82,6.8,6.25,1.02,,,
2/8/91,7.77,6.8,6.25,0.97,,,
2/11/91,7.78,6.78,6.25,1,,,
2/12/91,7.78,6.78,6.25,1,,,
2/13/91,7.78,6.78,6.25,1,,,
2/14/91,7.8,6.77,6.25,1.03,,,
2/15/91,7.78,6.82,6.25,0.96,,,
2/18/91,7.78,6.82,6.25,0.96,,,
2/19/91,7.8,6.87,6.25,0.93,,,
2/20/91,7.84,6.87,6.25,0.97,,,
2/21/91,7.88,6.9,6.25,0.98,,,
2/22/91,7.91,6.98,6.25,0.93,,,
2/25/91,7.91,6.99,6.25,0.92,,,
2/26/91,7.96,7,6.25,0.96,,,
2/27/91,7.98,7.02,6.25,0.96,,,
2/28/91,8.02,7.04,6.25,0.98,,,
3/1/91,8.12,7.18,6.12,0.94,,,
3/4/91,8.12,7.16,6.12,0.96,,,
3/5/91,8.08,7.13,6.12,0.95,,,
3/6/91,8.11,7.15,6.12,0.96,,,
3/7/91,8.07,7.12,6.12,0.95,,,
3/8/91,8.13,7.08,6.12,1.05,,,
3/11/91,8.06,7.05,6.12,1.01,,,
3/12/91,8.09,7.07,6.12,1.02,,,
3/13/91,8.02,7,6.12,1.02,,,
3/14/91,8.02,6.95,6.12,1.07,,,
3/15/91,8.1,7.01,6.12,1.09,,,
3/18/91,8.15,7.09,6.12,1.06,,,
3/19/91,8.25,7.22,6.12,1.03,,,
3/20/91,8.2,7.2,6.12,1,,,
3/21/91,8.16,7.13,6.12,1.03,,,
3/22/91,8.13,7.13,6.12,1,,,
3/25/91,8.13,7.14,6.12,0.99,,,
3/26/91,8.13,7.16,6.12,0.97,,,
3/27/91,8.08,7.07,6.12,1.01,,,
3/28/91,8.05,7.02,6.12,1.03,,,
3/29/91,8.05,7.02,6.12,1.03,,,
4/1/91,8.07,7.01,5.91,1.06,,,
4/2/91,8.03,6.97,5.91,1.06,,,
4/3/91,8.05,6.99,5.91,1.06,,,
4/4/91,8,6.94,5.91,1.06,,,
4/5/91,7.99,6.92,5.91,1.07,,,
4/8/91,7.98,6.91,5.91,1.07,,,
4/9/91,8.03,6.94,5.91,1.09,,,
4/10/91,8.1,7.02,5.91,1.08,,,
4/11/91,8.09,6.95,5.91,1.14,,,
4/12/91,7.98,6.88,5.91,1.1,,,
4/15/91,7.95,6.9,5.91,1.05,,,
4/16/91,7.97,6.92,5.91,1.05,,,
4/17/91,7.95,6.9,5.91,1.05,,,
4/18/91,8.02,6.99,5.91,1.03,,,
4/19/91,8.1,7.03,5.91,1.07,,,
4/22/91,8.15,7.07,5.91,1.08,,,
4/23/91,8.12,7.05,5.91,1.07,,,
4/24/91,8.06,6.95,5.91,1.11,,,
4/25/91,8.07,6.93,5.91,1.14,,,
4/26/91,8.06,6.89,5.91,1.17,,,
4/29/91,8.07,6.9,5.91,1.17,,,
4/30/91,8.02,6.8,5.91,1.22,,,
5/1/91,8.01,6.8,5.78,1.21,,,
5/2/91,7.97,6.76,5.78,1.21,,,
5/3/91,8.04,6.8,5.78,1.24,,,
5/6/91,8.05,6.82,5.78,1.23,,,
5/7/91,8.06,6.82,5.78,1.24,,,
5/8/91,8.04,6.84,5.78,1.2,,,
5/9/91,8.02,6.84,5.78,1.18,,,
5/10/91,8.12,6.87,5.78,1.25,,,
5/13/91,8.07,6.84,5.78,1.23,,,
5/14/91,8.14,6.86,5.78,1.28,,,
5/15/91,8.13,6.84,5.78,1.29,,,
5/16/91,8.12,6.84,5.78,1.28,,,
5/17/91,8.08,6.86,5.78,1.22,,,
5/20/91,8.1,6.86,5.78,1.24,,,
5/21/91,8.06,6.84,5.78,1.22,,,
5/22/91,8.06,6.77,5.78,1.29,,,
5/23/91,8.1,6.74,5.78,1.36,,,
5/24/91,8.1,6.69,5.78,1.41,,,
5/27/91,8.1,6.69,5.78,1.41,,,
5/28/91,8.07,6.66,5.78,1.41,,,
5/29/91,8.07,6.61,5.78,1.46,,,
5/30/91,8.02,6.6,5.78,1.42,,,
5/31/91,8.06,6.68,5.78,1.38,,,
6/3/91,8.14,6.79,5.9,1.35,,,
6/4/91,8.14,6.79,5.9,1.35,,,
6/5/91,8.19,6.83,5.9,1.36,,,
6/6/91,8.23,6.86,5.9,1.37,,,
6/7/91,8.29,6.98,5.9,1.31,,,
6/10/91,8.29,7.01,5.9,1.28,,,
6/11/91,8.29,6.99,5.9,1.3,,,
6/12/91,8.36,7.08,5.9,1.28,,,
6/13/91,8.34,7.08,5.9,1.26,,,
6/14/91,8.29,7.02,5.9,1.27,,,
6/17/91,8.3,7.02,5.9,1.28,,,
6/18/91,8.32,7,5.9,1.32,,,
6/19/91,8.33,6.95,5.9,1.38,,,
6/20/91,8.3,6.87,5.9,1.43,,,
6/21/91,8.32,6.94,5.9,1.38,,,
6/24/91,8.33,6.96,5.9,1.37,,,
6/25/91,8.33,7.04,5.9,1.29,,,
6/26/91,8.33,7.01,5.9,1.32,,,
6/27/91,8.32,7,5.9,1.32,,,
6/28/91,8.24,6.9,5.9,1.34,,,
7/1/91,8.26,6.97,5.82,1.29,,,
7/2/91,8.27,7,5.82,1.27,,,
7/3/91,8.26,6.97,5.82,1.29,,,
7/4/91,8.26,6.97,5.82,1.29,,,
7/5/91,8.34,7.04,5.82,1.3,,,
7/8/91,8.34,7,5.82,1.34,,,
7/9/91,8.36,7,5.82,1.36,,,
7/10/91,8.35,6.97,5.82,1.38,,,
7/11/91,8.3,6.92,5.82,1.38,,,
7/12/91,8.26,6.88,5.82,1.38,,,
7/15/91,8.26,6.88,5.82,1.38,,,
7/16/91,8.27,6.9,5.82,1.37,,,
7/17/91,8.3,6.94,5.82,1.36,,,
7/18/91,8.31,6.91,5.82,1.4,,,
7/19/91,8.28,6.89,5.82,1.39,,,
7/22/91,8.28,6.91,5.82,1.37,,,
7/23/91,8.31,6.94,5.82,1.37,,,
7/24/91,8.24,6.88,5.82,1.36,,,
7/25/91,8.2,6.87,5.82,1.33,,,
7/26/91,8.2,6.85,5.82,1.35,,,
7/29/91,8.2,6.82,5.82,1.38,,,
7/30/91,8.21,6.84,5.82,1.37,,,
7/31/91,8.2,6.81,5.82,1.39,,,
8/1/91,8.2,6.84,5.66,1.36,,,
8/2/91,8.06,6.69,5.66,1.37,,,
8/5/91,8.04,6.69,5.66,1.35,,,
8/6/91,7.97,6.57,5.66,1.4,,,
8/7/91,7.93,6.54,5.66,1.39,,,
8/8/91,7.98,6.52,5.66,1.46,,,
8/9/91,7.98,6.49,5.66,1.49,,,
8/12/91,7.95,6.49,5.66,1.46,,,
8/13/91,7.91,6.48,5.66,1.43,,,
8/14/91,7.82,6.37,5.66,1.45,,,
8/15/91,7.84,6.33,5.66,1.51,,,
8/16/91,7.84,6.31,5.66,1.53,,,
8/19/91,7.83,6.24,5.66,1.59,,,
8/20/91,7.81,6.17,5.66,1.64,,,
8/21/91,7.8,6.27,5.66,1.53,,,
8/22/91,7.78,6.27,5.66,1.51,,,
8/23/91,7.88,6.46,5.66,1.42,,,
8/26/91,7.91,6.48,5.66,1.43,,,
8/27/91,7.89,6.41,5.66,1.48,,,
8/28/91,7.82,6.3,5.66,1.52,,,
8/29/91,7.74,6.25,5.66,1.49,,,
8/30/91,7.82,6.36,5.66,1.46,,,
9/2/91,7.82,6.36,5.45,1.46,,,
9/3/91,7.81,6.33,5.45,1.48,,,
9/4/91,7.81,6.31,5.45,1.5,,,
9/5/91,7.83,6.31,5.45,1.52,,,
9/6/91,7.76,6.26,5.45,1.5,,,
9/9/91,7.73,6.23,5.45,1.5,,,
9/10/91,7.73,6.21,5.45,1.52,,,
9/11/91,7.74,6.23,5.45,1.51,,,
9/12/91,7.67,6.2,5.45,1.47,,,
9/13/91,7.66,6.18,5.45,1.48,,,
9/16/91,7.63,6.17,5.45,1.46,,,
9/17/91,7.62,6.18,5.45,1.44,,,
9/18/91,7.62,6.18,5.45,1.44,,,
9/19/91,7.61,6.2,5.45,1.41,,,
9/20/91,7.57,6.18,5.45,1.39,,,
9/23/91,7.55,6.17,5.45,1.38,,,
9/24/91,7.56,6.11,5.45,1.45,,,
9/25/91,7.58,6.12,5.45,1.46,,,
9/26/91,7.56,6.05,5.45,1.51,,,
9/27/91,7.49,6.02,5.45,1.47,,,
9/30/91,7.47,5.99,5.45,1.48,,,
10/1/91,7.45,5.99,5.21,1.46,,,
10/2/91,7.47,5.99,5.21,1.48,,,
10/3/91,7.47,5.98,5.21,1.49,,,
10/4/91,7.39,5.91,5.21,1.48,,,
10/7/91,7.4,5.93,5.21,1.47,,,
10/8/91,7.43,5.89,5.21,1.54,,,
10/9/91,7.51,5.93,5.21,1.58,,,
10/10/91,7.58,5.98,5.21,1.6,,,
10/11/91,7.49,5.91,5.21,1.58,,,
10/14/91,7.49,5.91,5.21,1.58,,,
10/15/91,7.46,5.85,5.21,1.61,,,
10/16/91,7.45,5.86,5.21,1.59,,,
10/17/91,7.55,5.93,5.21,1.62,,,
10/18/91,7.53,5.95,5.21,1.58,,,
10/21/91,7.62,5.99,5.21,1.63,,,
10/22/91,7.67,6.02,5.21,1.65,,,
10/23/91,7.69,6.01,5.21,1.68,,,
10/24/91,7.65,5.93,5.21,1.72,,,
10/25/91,7.68,5.93,5.21,1.75,,,
10/28/91,7.65,5.88,5.21,1.77,,,
10/29/91,7.51,5.78,5.21,1.73,,,
10/30/91,7.48,5.73,5.21,1.75,,,
10/31/91,7.47,5.7,5.21,1.77,,,
11/1/91,7.48,5.65,4.81,1.83,,,
11/4/91,7.5,5.63,4.81,1.87,,,
11/5/91,7.56,5.7,4.81,1.86,,,
11/6/91,7.51,5.63,4.81,1.88,,,
11/7/91,7.43,5.62,4.81,1.81,,,
11/8/91,7.41,5.63,4.81,1.78,,,
11/11/91,7.41,5.63,4.81,1.78,,,
11/12/91,7.37,5.65,4.81,1.72,,,
11/13/91,7.41,5.65,4.81,1.76,,,
11/14/91,7.35,5.6,4.81,1.75,,,
11/15/91,7.33,5.54,4.81,1.79,,,
11/18/91,7.33,5.55,4.81,1.78,,,
11/19/91,7.37,5.5,4.81,1.87,,,
11/20/91,7.38,5.52,4.81,1.86,,,
11/21/91,7.39,5.5,4.81,1.89,,,
11/22/91,7.44,5.49,4.81,1.95,,,
11/25/91,7.45,5.5,4.81,1.95,,,
11/26/91,7.42,5.45,4.81,1.97,,,
11/27/91,7.42,5.43,4.81,1.99,,,
11/28/91,7.42,5.43,4.81,1.99,,,
11/29/91,7.38,5.38,4.81,2,,,
12/2/91,7.32,5.33,4.43,1.99,,,
12/3/91,7.28,5.29,4.43,1.99,,,
12/4/91,7.17,5.22,4.43,1.95,,,
12/5/91,7.21,5.22,4.43,1.99,,,
12/6/91,7.26,5.19,4.43,2.07,,,
12/9/91,7.22,5.09,4.43,2.13,,,
12/10/91,7.21,5.07,4.43,2.14,,,
12/11/91,7.22,5.04,4.43,2.18,,,
12/12/91,7.19,5.06,4.43,2.13,,,
12/13/91,7.22,5.09,4.43,2.13,,,
12/16/91,7.21,5.06,4.43,2.15,,,
12/17/91,7.18,5.02,4.43,2.16,,,
12/18/91,7.19,5.11,4.43,2.08,,,
12/19/91,7.11,5.05,4.43,2.06,,,
12/20/91,6.97,4.8,4.43,2.17,,,
12/23/91,6.88,4.79,4.43,2.09,,,
12/24/91,6.88,4.84,4.43,2.04,,,
12/25/91,6.88,4.84,4.43,2.04,,,
12/26/91,6.85,4.85,4.43,2,,,
12/27/91,6.82,4.85,4.43,1.97,,,
12/30/91,6.76,4.8,4.43,1.96,,,
12/31/91,6.71,4.77,4.43,1.94,,,
1/1/92,6.71,4.77,4.03,1.94,,,
1/2/92,6.78,4.77,4.03,2.01,,,
1/3/92,6.85,4.8,4.03,2.05,,,
1/6/92,6.82,4.76,4.03,2.06,,,
1/7/92,6.76,4.67,4.03,2.09,,,
1/8/92,6.77,4.66,4.03,2.11,,,
1/9/92,6.79,4.77,4.03,2.02,,,
1/10/92,6.85,4.85,4.03,2,,,
1/13/92,6.92,4.93,4.03,1.99,,,
1/14/92,7.03,5,4.03,2.03,,,
1/15/92,7.05,5.07,4.03,1.98,,,
1/16/92,7.13,5.07,4.03,2.06,,,
1/17/92,7.09,5.02,4.03,2.07,,,
1/20/92,7.09,5.02,4.03,2.07,,,
1/21/92,7.03,4.97,4.03,2.06,,,
1/22/92,7.09,4.95,4.03,2.14,,,
1/23/92,7.2,5.02,4.03,2.18,,,
1/24/92,7.25,5.13,4.03,2.12,,,
1/27/92,7.24,5.15,4.03,2.09,,,
1/28/92,7.16,5.1,4.03,2.06,,,
1/29/92,7.25,5.15,4.03,2.1,,,
1/30/92,7.31,5.17,4.03,2.14,,,
1/31/92,7.31,5.11,4.03,2.2,,,
2/3/92,7.36,5.15,4.06,2.21,,,
2/4/92,7.29,5.12,4.06,2.17,,,
2/5/92,7.21,5.07,4.06,2.14,,,
2/6/92,7.2,5.05,4.06,2.15,,,
2/7/92,7.2,4.97,4.06,2.23,,,
2/10/92,7.21,4.94,4.06,2.27,,,
2/11/92,7.23,5.01,4.06,2.22,,,
2/12/92,7.3,5.08,4.06,2.22,,,
2/13/92,7.4,5.22,4.06,2.18,,,
2/14/92,7.41,5.27,4.06,2.14,,,
2/17/92,7.41,5.27,4.06,2.14,,,
2/18/92,7.47,5.24,4.06,2.23,,,
2/19/92,7.42,5.28,4.06,2.14,,,
2/20/92,7.41,5.3,4.06,2.11,,,
2/21/92,7.45,5.46,4.06,1.99,,,
2/24/92,7.47,5.46,4.06,2.01,,,
2/25/92,7.44,5.43,4.06,2.01,,,
2/26/92,7.33,5.37,4.06,1.96,,,
2/27/92,7.35,5.34,4.06,2.01,,,
2/28/92,7.27,5.27,4.06,2,,,
3/2/92,7.38,5.45,3.98,1.93,,,
3/3/92,7.43,5.48,3.98,1.95,,,
3/4/92,7.43,5.5,3.98,1.93,,,
3/5/92,7.51,5.62,3.98,1.89,,,
3/6/92,7.48,5.6,3.98,1.88,,,
3/9/92,7.42,5.54,3.98,1.88,,,
3/10/92,7.43,5.56,3.98,1.87,,,
3/11/92,7.51,5.58,3.98,1.93,,,
3/12/92,7.62,5.74,3.98,1.88,,,
3/13/92,7.71,5.86,3.98,1.85,,,
3/16/92,7.69,5.87,3.98,1.82,,,
3/17/92,7.62,5.83,3.98,1.79,,,
3/18/92,7.62,5.84,3.98,1.78,,,
3/19/92,7.57,5.79,3.98,1.78,,,
3/20/92,7.64,5.86,3.98,1.78,,,
3/23/92,7.62,5.87,3.98,1.75,,,
3/24/92,7.53,5.78,3.98,1.75,,,
3/25/92,7.53,5.72,3.98,1.81,,,
3/26/92,7.57,5.69,3.98,1.88,,,
3/27/92,7.54,5.68,3.98,1.86,,,
3/30/92,7.54,5.61,3.98,1.93,,,
3/31/92,7.54,5.6,3.98,1.94,,,
4/1/92,7.46,5.53,3.73,1.93,,,
4/2/92,7.47,5.55,3.73,1.92,,,
4/3/92,7.42,5.37,3.73,2.05,,,
4/6/92,7.41,5.36,3.73,2.05,,,
4/7/92,7.41,5.34,3.73,2.07,,,
4/8/92,7.44,5.33,3.73,2.11,,,
4/9/92,7.35,5.09,3.73,2.26,,,
4/10/92,7.37,5.16,3.73,2.21,,,
4/13/92,7.33,5.11,3.73,2.22,,,
4/14/92,7.35,5.15,3.73,2.2,,,
4/15/92,7.37,5.22,3.73,2.15,,,
4/16/92,7.45,5.34,3.73,2.11,,,
4/17/92,7.45,5.34,3.73,2.11,,,
4/20/92,7.59,5.45,3.73,2.14,,,
4/21/92,7.58,5.41,3.73,2.17,,,
4/22/92,7.57,5.41,3.73,2.16,,,
4/23/92,7.59,5.41,3.73,2.18,,,
4/24/92,7.55,5.33,3.73,2.22,,,
4/27/92,7.6,5.42,3.73,2.18,,,
4/28/92,7.57,5.4,3.73,2.17,,,
4/29/92,7.6,5.39,3.73,2.21,,,
4/30/92,7.61,5.46,3.73,2.15,,,
5/1/92,7.56,5.33,3.82,2.23,,,
5/4/92,7.58,5.32,3.82,2.26,,,
5/5/92,7.56,5.3,3.82,2.26,,,
5/6/92,7.46,5.25,3.82,2.21,,,
5/7/92,7.49,5.34,3.82,2.15,,,
5/8/92,7.41,5.29,3.82,2.12,,,
5/11/92,7.4,5.24,3.82,2.16,,,
5/12/92,7.36,5.19,3.82,2.17,,,
5/13/92,7.34,5.14,3.82,2.2,,,
5/14/92,7.34,5.13,3.82,2.21,,,
5/15/92,7.28,5.11,3.82,2.17,,,
5/18/92,7.28,5.12,3.82,2.16,,,
5/19/92,7.2,5,3.82,2.2,,,
5/20/92,7.25,5.13,3.82,2.12,,,
5/21/92,7.39,5.34,3.82,2.05,,,
5/22/92,7.35,5.24,3.82,2.11,,,
5/25/92,7.35,5.24,3.82,2.11,,,
5/26/92,7.46,5.35,3.82,2.11,,,
5/27/92,7.44,5.28,3.82,2.16,,,
5/28/92,7.36,5.22,3.82,2.14,,,
5/29/92,7.33,5.19,3.82,2.14,,,
6/1/92,7.39,5.29,3.76,2.1,,,
6/2/92,7.35,5.23,3.76,2.12,,,
6/3/92,7.34,5.2,3.76,2.14,,,
6/4/92,7.34,5.22,3.76,2.12,,,
6/5/92,7.31,5.13,3.76,2.18,,,
6/8/92,7.31,5.11,3.76,2.2,,,
6/9/92,7.33,5.11,3.76,2.22,,,
6/10/92,7.35,5.13,3.76,2.22,,,
6/11/92,7.33,5.09,3.76,2.24,,,
6/12/92,7.29,5.06,3.76,2.23,,,
6/15/92,7.28,5.05,3.76,2.23,,,
6/16/92,7.24,5.02,3.76,2.22,,,
6/17/92,7.23,5,3.76,2.23,,,
6/18/92,7.19,4.94,3.76,2.25,,,
6/19/92,7.24,5,3.76,2.24,,,
6/22/92,7.24,4.99,3.76,2.25,,,
6/23/92,7.25,5.1,3.76,2.15,,,
6/24/92,7.2,4.96,3.76,2.24,,,
6/25/92,7.14,4.89,3.76,2.25,,,
6/26/92,7.15,4.88,3.76,2.27,,,
6/29/92,7.12,4.83,3.76,2.29,,,
6/30/92,7.14,4.83,3.76,2.31,,,
7/1/92,7.1,4.82,3.25,2.28,,,
7/2/92,6.93,4.55,3.25,2.38,,,
7/3/92,6.93,4.55,3.25,2.38,,,
7/6/92,6.9,4.46,3.25,2.44,,,
7/7/92,6.87,4.4,3.25,2.47,,,
7/8/92,6.91,4.4,3.25,2.51,,,
7/9/92,6.91,4.4,3.25,2.51,,,
7/10/92,6.93,4.38,3.25,2.55,,,
7/13/92,6.97,4.4,3.25,2.57,,,
7/14/92,6.97,4.32,3.25,2.65,,,
7/15/92,6.9,4.25,3.25,2.65,,,
7/16/92,6.87,4.25,3.25,2.62,,,
7/17/92,6.9,4.27,3.25,2.63,,,
7/20/92,6.9,4.3,3.25,2.6,,,
7/21/92,6.89,4.34,3.25,2.55,,,
7/22/92,6.85,4.29,3.25,2.56,,,
7/23/92,6.72,4.2,3.25,2.52,,,
7/24/92,6.73,4.25,3.25,2.48,,,
7/27/92,6.69,4.27,3.25,2.42,,,
7/28/92,6.63,4.27,3.25,2.36,,,
7/29/92,6.6,4.25,3.25,2.35,,,
7/30/92,6.69,4.33,3.25,2.36,,,
7/31/92,6.72,4.42,3.25,2.3,,,
8/3/92,6.72,4.4,3.3,2.32,,,
8/4/92,6.66,4.31,3.3,2.35,,,
8/5/92,6.64,4.29,3.3,2.35,,,
8/6/92,6.65,4.29,3.3,2.36,,,
8/7/92,6.57,4.18,3.3,2.39,,,
8/10/92,6.52,4.12,3.3,2.4,,,
8/11/92,6.5,4.15,3.3,2.35,,,
8/12/92,6.48,4.19,3.3,2.29,,,
8/13/92,6.55,4.19,3.3,2.36,,,
8/14/92,6.53,4.14,3.3,2.39,,,
8/17/92,6.56,4.13,3.3,2.43,,,
8/18/92,6.48,4.04,3.3,2.44,,,
8/19/92,6.47,4.06,3.3,2.41,,,
8/20/92,6.46,4.04,3.3,2.42,,,
8/21/92,6.53,4.13,3.3,2.4,,,
8/24/92,6.68,4.27,3.3,2.41,,,
8/25/92,6.73,4.32,3.3,2.41,,,
8/26/92,6.68,4.26,3.3,2.42,,,
8/27/92,6.64,4.23,3.3,2.41,,,
8/28/92,6.63,4.16,3.3,2.47,,,
8/31/92,6.62,4.15,3.3,2.47,,,
9/1/92,6.56,4.12,3.22,2.44,,,
9/2/92,6.54,4.1,3.22,2.44,,,
9/3/92,6.54,4.09,3.22,2.45,,,
9/4/92,6.4,3.89,3.22,2.51,,,
9/7/92,6.4,3.89,3.22,2.51,,,
9/8/92,6.29,3.83,3.22,2.46,,,
9/9/92,6.31,3.85,3.22,2.46,,,
9/10/92,6.31,3.83,3.22,2.48,,,
9/11/92,6.37,3.87,3.22,2.5,,,
9/14/92,6.32,3.8,3.22,2.52,,,
9/15/92,6.4,3.89,3.22,2.51,,,
9/16/92,6.41,3.87,3.22,2.54,,,
9/17/92,6.4,3.86,3.22,2.54,,,
9/18/92,6.41,3.86,3.22,2.55,,,
9/21/92,6.42,3.91,3.22,2.51,,,
9/22/92,6.5,3.98,3.22,2.52,,,
9/23/92,6.54,3.97,3.22,2.57,,,
9/24/92,6.48,3.91,3.22,2.57,,,
9/25/92,6.41,3.78,3.22,2.63,,,
9/28/92,6.37,3.77,3.22,2.6,,,
9/29/92,6.37,3.8,3.22,2.57,,,
9/30/92,6.37,3.8,3.22,2.57,,,
10/1/92,6.23,3.67,3.1,2.56,,,
10/2/92,6.26,3.71,3.1,2.55,,,
10/5/92,6.24,3.68,3.1,2.56,,,
10/6/92,6.3,3.74,3.1,2.56,,,
10/7/92,6.46,3.88,3.1,2.58,,,
10/8/92,6.41,3.83,3.1,2.58,,,
10/9/92,6.52,4,3.1,2.52,,,
10/12/92,6.52,4,3.1,2.52,,,
10/13/92,6.51,3.99,3.1,2.52,,,
10/14/92,6.51,4.02,3.1,2.49,,,
10/15/92,6.53,4.02,3.1,2.51,,,
10/16/92,6.6,4.04,3.1,2.56,,,
10/19/92,6.69,4.15,3.1,2.54,,,
10/20/92,6.86,4.34,3.1,2.52,,,
10/21/92,6.8,4.29,3.1,2.51,,,
10/22/92,6.74,4.24,3.1,2.5,,,
10/23/92,6.83,4.37,3.1,2.46,,,
10/26/92,6.83,4.39,3.1,2.44,,,
10/27/92,6.78,4.32,3.1,2.46,,,
10/28/92,6.76,4.33,3.1,2.43,,,
10/29/92,6.71,4.33,3.1,2.38,,,
10/30/92,6.8,4.4,3.1,2.4,,,
11/2/92,6.88,4.47,3.09,2.41,,,
11/3/92,6.87,4.44,3.09,2.43,,,
11/4/92,6.89,4.44,3.09,2.45,,,
11/5/92,6.87,4.39,3.09,2.48,,,
11/6/92,6.97,4.48,3.09,2.49,,,
11/9/92,7,4.57,3.09,2.43,,,
11/10/92,6.91,4.5,3.09,2.41,,,
11/11/92,6.91,4.5,3.09,2.41,,,
11/12/92,6.79,4.44,3.09,2.35,,,
11/13/92,6.82,4.54,3.09,2.28,,,
11/16/92,6.9,4.68,3.09,2.22,,,
11/17/92,6.86,4.67,3.09,2.19,,,
11/18/92,6.78,4.58,3.09,2.2,,,
11/19/92,6.81,4.59,3.09,2.22,,,
11/20/92,6.84,4.66,3.09,2.18,,,
11/23/92,6.86,4.69,3.09,2.17,,,
11/24/92,6.82,4.61,3.09,2.21,,,
11/25/92,6.84,4.7,3.09,2.14,,,
11/26/92,6.84,4.7,3.09,2.14,,,
11/27/92,6.93,4.77,3.09,2.16,,,
11/30/92,6.95,4.79,3.09,2.16,,,
12/1/92,6.94,4.81,2.92,2.13,,,
12/2/92,6.93,4.81,2.92,2.12,,,
12/3/92,6.91,4.78,2.92,2.13,,,
12/4/92,6.84,4.7,2.92,2.14,,,
12/7/92,6.78,4.62,2.92,2.16,,,
12/8/92,6.73,4.59,2.92,2.14,,,
12/9/92,6.76,4.61,2.92,2.15,,,
12/10/92,6.77,4.67,2.92,2.1,,,
12/11/92,6.8,4.78,2.92,2.02,,,
12/14/92,6.83,4.8,2.92,2.03,,,
12/15/92,6.83,4.77,2.92,2.06,,,
12/16/92,6.77,4.67,2.92,2.1,,,
12/17/92,6.77,4.69,2.92,2.08,,,
12/18/92,6.76,4.66,2.92,2.1,,,
12/21/92,6.71,4.64,2.92,2.07,,,
12/22/92,6.65,4.64,2.92,2.01,,,
12/23/92,6.68,4.63,2.92,2.05,,,
12/24/92,6.69,4.6,2.92,2.09,,,
12/25/92,6.69,4.6,2.92,2.09,,,
12/28/92,6.72,4.64,2.92,2.08,,,
12/29/92,6.69,4.61,2.92,2.08,,,
12/30/92,6.68,4.54,2.92,2.14,,,
12/31/92,6.7,4.56,2.92,2.14,,,
1/1/93,6.7,4.56,3.02,2.14,,,
1/4/93,6.6,4.48,3.02,2.12,,,
1/5/93,6.61,4.48,3.02,2.13,,,
1/6/93,6.63,4.52,3.02,2.11,,,
1/7/93,6.76,4.64,3.02,2.12,,,
1/8/93,6.75,4.5,3.02,2.25,,,
1/11/93,6.71,4.48,3.02,2.23,,,
1/12/93,6.72,4.48,3.02,2.24,,,
1/13/93,6.71,4.46,3.02,2.25,,,
1/14/93,6.65,4.4,3.02,2.25,,,
1/15/93,6.6,4.31,3.02,2.29,,,
1/18/93,6.6,4.31,3.02,2.29,,,
1/19/93,6.59,4.39,3.02,2.2,,,
1/20/93,6.61,4.41,3.02,2.2,,,
1/21/93,6.6,4.36,3.02,2.24,,,
1/22/93,6.57,4.3,3.02,2.27,,,
1/25/93,6.48,4.26,3.02,2.22,,,
1/26/93,6.5,4.3,3.02,2.2,,,
1/27/93,6.48,4.24,3.02,2.24,,,
1/28/93,6.44,4.2,3.02,2.24,,,
1/29/93,6.39,4.2,3.02,2.19,,,
2/1/93,6.38,4.19,3.03,2.19,,,
2/2/93,6.46,4.25,3.03,2.21,,,
2/3/93,6.45,4.27,3.03,2.18,,,
2/4/93,6.39,4.19,3.03,2.2,,,
2/5/93,6.32,4.07,3.03,2.25,,,
2/8/93,6.37,4.16,3.03,2.21,,,
2/9/93,6.41,4.2,3.03,2.21,,,
2/10/93,6.4,4.27,3.03,2.13,,,
2/11/93,6.37,4.2,3.03,2.17,,,
2/12/93,6.35,4.2,3.03,2.15,,,
2/15/93,6.35,4.2,3.03,2.15,,,
2/16/93,6.34,4.14,3.03,2.2,,,
2/17/93,6.28,4.06,3.03,2.22,,,
2/18/93,6.17,3.95,3.03,2.22,,,
2/19/93,6.15,3.99,3.03,2.16,,,
2/22/93,6.09,3.99,3.03,2.1,,,
2/23/93,5.92,3.9,3.03,2.02,,,
2/24/93,6.01,3.97,3.03,2.04,,,
2/25/93,6.03,3.95,3.03,2.08,,,
2/26/93,6.03,3.92,3.03,2.11,,,
3/1/93,5.94,3.88,3.07,2.06,,,
3/2/93,5.95,3.88,3.07,2.07,,,
3/3/93,5.88,3.81,3.07,2.07,,,
3/4/93,5.83,3.75,3.07,2.08,,,
3/5/93,5.9,3.91,3.07,1.99,,,
3/8/93,5.85,3.97,3.07,1.88,,,
3/9/93,5.91,4.02,3.07,1.89,,,
3/10/93,5.97,4.05,3.07,1.92,,,
3/11/93,5.96,4.01,3.07,1.95,,,
3/12/93,6.11,4.11,3.07,2,,,
3/15/93,6.17,4.1,3.07,2.07,,,
3/16/93,6.06,4.02,3.07,2.04,,,
3/17/93,6.02,3.98,3.07,2.04,,,
3/18/93,5.93,3.91,3.07,2.02,,,
3/19/93,5.95,3.95,3.07,2,,,
3/22/93,5.96,3.92,3.07,2.04,,,
3/23/93,5.91,3.88,3.07,2.03,,,
3/24/93,5.95,3.93,3.07,2.02,,,
3/25/93,5.98,3.92,3.07,2.06,,,
3/26/93,6.09,4.02,3.07,2.07,,,
3/29/93,6.06,3.95,3.07,2.11,,,
3/30/93,6.02,3.91,3.07,2.11,,,
3/31/93,6.03,3.96,3.07,2.07,,,
4/1/93,6.06,3.94,2.96,2.12,,,
4/2/93,6.16,3.99,2.96,2.17,,,
4/5/93,6.13,3.96,2.96,2.17,,,
4/6/93,6.08,3.93,2.96,2.15,,,
4/7/93,6.07,3.93,2.96,2.14,,,
4/8/93,5.97,3.85,2.96,2.12,,,
4/9/93,5.97,3.85,2.96,2.12,,,
4/12/93,5.92,3.82,2.96,2.1,,,
4/13/93,5.93,3.82,2.96,2.11,,,
4/14/93,5.9,3.78,2.96,2.12,,,
4/15/93,5.88,3.79,2.96,2.09,,,
4/16/93,5.89,3.8,2.96,2.09,,,
4/19/93,5.87,3.78,2.96,2.09,,,
4/20/93,5.87,3.78,2.96,2.09,,,
4/21/93,5.86,3.77,2.96,2.09,,,
4/22/93,5.85,3.75,2.96,2.1,,,
4/23/93,5.89,3.75,2.96,2.14,,,
4/26/93,5.94,3.79,2.96,2.15,,,
4/27/93,6.02,3.88,2.96,2.14,,,
4/28/93,6.03,3.86,2.96,2.17,,,
4/29/93,5.99,3.79,2.96,2.2,,,
4/30/93,6.05,3.83,2.96,2.22,,,
5/3/93,5.96,3.75,3,2.21,,,
5/4/93,5.92,3.75,3,2.17,,,
5/5/93,5.93,3.8,3,2.13,,,
5/6/93,5.89,3.8,3,2.09,,,
5/7/93,5.92,3.79,3,2.13,,,
5/10/93,5.89,3.79,3,2.1,,,
5/11/93,5.89,3.79,3,2.1,,,
5/12/93,5.96,3.82,3,2.14,,,
5/13/93,6.02,3.91,3,2.11,,,
5/14/93,6.03,3.97,3,2.06,,,
5/17/93,6.07,4.05,3,2.02,,,
5/18/93,6.15,4.08,3,2.07,,,
5/19/93,6.11,4.03,3,2.08,,,
5/20/93,6.09,4.03,3,2.06,,,
5/21/93,6.16,4.14,3,2.02,,,
5/24/93,6.16,4.19,3,1.97,,,
5/25/93,6.17,4.19,3,1.98,,,
5/26/93,6.12,4.2,3,1.92,,,
5/27/93,6.11,4.22,3,1.89,,,
5/28/93,6.16,4.24,3,1.92,,,
5/31/93,6.16,4.24,3,1.92,,,
6/1/93,6.07,4.16,3.04,1.91,,,
6/2/93,6.06,4.18,3.04,1.88,,,
6/3/93,6.02,4.14,3.04,1.88,,,
6/4/93,6.11,4.31,3.04,1.8,,,
6/7/93,6.08,4.3,3.04,1.78,,,
6/8/93,6.09,4.33,3.04,1.76,,,
6/9/93,6.07,4.29,3.04,1.78,,,
6/10/93,6.07,4.29,3.04,1.78,,,
6/11/93,5.97,4.15,3.04,1.82,,,
6/14/93,5.97,4.13,3.04,1.84,,,
6/15/93,5.96,4.11,3.04,1.85,,,
6/16/93,5.96,4.09,3.04,1.87,,,
6/17/93,5.93,4.08,3.04,1.85,,,
6/18/93,5.97,4.16,3.04,1.81,,,
6/21/93,5.92,4.16,3.04,1.76,,,
6/22/93,5.91,4.15,3.04,1.76,,,
6/23/93,5.91,4.2,3.04,1.71,,,
6/24/93,5.88,4.15,3.04,1.73,,,
6/25/93,5.84,4.1,3.04,1.74,,,
6/28/93,5.8,4.06,3.04,1.74,,,
6/29/93,5.79,4.03,3.04,1.76,,,
6/30/93,5.8,4.03,3.04,1.77,,,
7/1/93,5.8,3.99,3.06,1.81,,,
7/2/93,5.76,3.93,3.06,1.83,,,
7/5/93,5.76,3.93,3.06,1.83,,,
7/6/93,5.8,4,3.06,1.8,,,
7/7/93,5.8,4,3.06,1.8,,,
7/8/93,5.78,4,3.06,1.78,,,
7/9/93,5.76,3.98,3.06,1.78,,,
7/12/93,5.75,3.99,3.06,1.76,,,
7/13/93,5.78,4.04,3.06,1.74,,,
7/14/93,5.72,3.97,3.06,1.75,,,
7/15/93,5.72,3.99,3.06,1.73,,,
7/16/93,5.71,3.99,3.06,1.72,,,
7/19/93,5.71,3.99,3.06,1.72,,,
7/20/93,5.75,4.09,3.06,1.66,,,
7/21/93,5.83,4.15,3.06,1.68,,,
7/22/93,5.9,4.22,3.06,1.68,,,
7/23/93,5.95,4.25,3.06,1.7,,,
7/26/93,5.93,4.22,3.06,1.71,,,
7/27/93,5.92,4.25,3.06,1.67,,,
7/28/93,5.9,4.21,3.06,1.69,,,
7/29/93,5.81,4.12,3.06,1.69,,,
7/30/93,5.83,4.13,3.06,1.7,,,
8/2/93,5.85,4.19,3.03,1.66,,,
8/3/93,5.83,4.17,3.03,1.66,,,
8/4/93,5.87,4.16,3.03,1.71,,,
8/5/93,5.86,4.12,3.03,1.74,,,
8/6/93,5.86,4.09,3.03,1.77,,,
8/9/93,5.82,4.06,3.03,1.76,,,
8/10/93,5.82,4.1,3.03,1.72,,,
8/11/93,5.75,4.1,3.03,1.65,,,
8/12/93,5.77,4.06,3.03,1.71,,,
8/13/93,5.72,4,3.03,1.72,,,
8/16/93,5.68,3.98,3.03,1.7,,,
8/17/93,5.7,4.02,3.03,1.68,,,
8/18/93,5.69,3.98,3.03,1.71,,,
8/19/93,5.64,3.93,3.03,1.71,,,
8/20/93,5.61,3.93,3.03,1.68,,,
8/23/93,5.6,3.97,3.03,1.63,,,
8/24/93,5.54,3.89,3.03,1.65,,,
8/25/93,5.51,3.85,3.03,1.66,,,
8/26/93,5.42,3.82,3.03,1.6,,,
8/27/93,5.48,3.87,3.03,1.61,,,
8/30/93,5.44,3.86,3.03,1.58,,,
8/31/93,5.45,3.88,3.03,1.57,,,
9/1/93,5.46,3.88,3.09,1.58,,,
9/2/93,5.41,3.83,3.09,1.58,,,
9/3/93,5.31,3.71,3.09,1.6,,,
9/6/93,5.31,3.71,3.09,1.6,,,
9/7/93,5.23,3.7,3.09,1.53,,,
9/8/93,5.23,3.78,3.09,1.45,,,
9/9/93,5.35,3.88,3.09,1.47,,,
9/10/93,5.29,3.8,3.09,1.49,,,
9/13/93,5.26,3.82,3.09,1.44,,,
9/14/93,5.37,3.91,3.09,1.46,,,
9/15/93,5.39,3.89,3.09,1.5,,,
9/16/93,5.37,3.88,3.09,1.49,,,
9/17/93,5.38,3.89,3.09,1.49,,,
9/20/93,5.42,3.92,3.09,1.5,,,
9/21/93,5.47,3.9,3.09,1.57,,,
9/22/93,5.45,3.9,3.09,1.55,,,
9/23/93,5.42,3.87,3.09,1.55,,,
9/24/93,5.42,3.9,3.09,1.52,,,
9/27/93,5.3,3.81,3.09,1.49,,,
9/28/93,5.28,3.79,3.09,1.49,,,
9/29/93,5.35,3.84,3.09,1.51,,,
9/30/93,5.4,3.89,3.09,1.51,,,
10/1/93,5.34,3.84,2.99,1.5,,,
10/4/93,5.34,3.85,2.99,1.49,,,
10/5/93,5.35,3.86,2.99,1.49,,,
10/6/93,5.35,3.85,2.99,1.5,,,
10/7/93,5.33,3.83,2.99,1.5,,,
10/8/93,5.26,3.78,2.99,1.48,,,
10/11/93,5.26,3.78,2.99,1.48,,,
10/12/93,5.27,3.82,2.99,1.45,,,
10/13/93,5.27,3.84,2.99,1.43,,,
10/14/93,5.23,3.82,2.99,1.41,,,
10/15/93,5.19,3.81,2.99,1.38,,,
10/18/93,5.27,3.84,2.99,1.43,,,
10/19/93,5.27,3.86,2.99,1.41,,,
10/20/93,5.26,3.86,2.99,1.4,,,
10/21/93,5.35,3.89,2.99,1.46,,,
10/22/93,5.42,3.91,2.99,1.51,,,
10/25/93,5.47,3.95,2.99,1.52,,,
10/26/93,5.43,3.93,2.99,1.5,,,
10/27/93,5.44,3.99,2.99,1.45,,,
10/28/93,5.41,3.97,2.99,1.44,,,
10/29/93,5.43,3.99,2.99,1.44,,,
11/1/93,5.56,4.11,3.02,1.45,,,
11/2/93,5.63,4.16,3.02,1.47,,,
11/3/93,5.67,4.13,3.02,1.54,,,
11/4/93,5.67,4.13,3.02,1.54,,,
11/5/93,5.75,4.2,3.02,1.55,,,
11/8/93,5.7,4.13,3.02,1.57,,,
11/9/93,5.64,4.12,3.02,1.52,,,
11/10/93,5.72,4.17,3.02,1.55,,,
11/11/93,5.72,4.17,3.02,1.55,,,
11/12/93,5.66,4.11,3.02,1.55,,,
11/15/93,5.69,4.11,3.02,1.58,,,
11/16/93,5.66,4.1,3.02,1.56,,,
11/17/93,5.65,4.09,3.02,1.56,,,
11/18/93,5.72,4.15,3.02,1.57,,,
11/19/93,5.84,4.22,3.02,1.62,,,
11/22/93,5.89,4.26,3.02,1.63,,,
11/23/93,5.82,4.19,3.02,1.63,,,
11/24/93,5.84,4.18,3.02,1.66,,,
11/25/93,5.84,4.18,3.02,1.66,,,
11/26/93,5.78,4.16,3.02,1.62,,,
11/29/93,5.76,4.17,3.02,1.59,,,
11/30/93,5.83,4.22,3.02,1.61,,,
12/1/93,5.82,4.2,2.96,1.62,,,
12/2/93,5.81,4.22,2.96,1.59,,,
12/3/93,5.8,4.24,2.96,1.56,,,
12/6/93,5.72,4.19,2.96,1.53,,,
12/7/93,5.71,4.17,2.96,1.54,,,
12/8/93,5.71,4.18,2.96,1.53,,,
12/9/93,5.68,4.18,2.96,1.5,,,
12/10/93,5.73,4.21,2.96,1.52,,,
12/13/93,5.78,4.23,2.96,1.55,,,
12/14/93,5.82,4.25,2.96,1.57,,,
12/15/93,5.83,4.22,2.96,1.61,,,
12/16/93,5.84,4.23,2.96,1.61,,,
12/17/93,5.81,4.2,2.96,1.61,,,
12/20/93,5.83,4.22,2.96,1.61,,,
12/21/93,5.85,4.26,2.96,1.59,,,
12/22/93,5.74,4.19,2.96,1.55,,,
12/23/93,5.72,4.18,2.96,1.54,,,
12/24/93,5.72,4.18,2.96,1.54,,,
12/27/93,5.72,4.2,2.96,1.52,,,
12/28/93,5.72,4.2,2.96,1.52,,,
12/29/93,5.74,4.2,2.96,1.54,,,
12/30/93,5.82,4.25,2.96,1.57,,,
12/31/93,5.83,4.25,2.96,1.58,,,
1/3/94,5.92,4.3,3.05,1.62,,,
1/4/94,5.88,4.29,3.05,1.59,,,
1/5/94,5.9,4.31,3.05,1.59,,,
1/6/94,5.84,4.24,3.05,1.6,,,
1/7/94,5.7,4.09,3.05,1.61,,,
1/10/94,5.67,4.08,3.05,1.59,,,
1/11/94,5.67,4.08,3.05,1.59,,,
1/12/94,5.6,4.05,3.05,1.55,,,
1/13/94,5.71,4.13,3.05,1.58,,,
1/14/94,5.78,4.17,3.05,1.61,,,
1/17/94,5.78,4.17,3.05,1.61,,,
1/18/94,5.74,4.14,3.05,1.6,,,
1/19/94,5.76,4.12,3.05,1.64,,,
1/20/94,5.71,4.07,3.05,1.64,,,
1/21/94,5.73,4.09,3.05,1.64,,,
1/24/94,5.74,4.09,3.05,1.65,,,
1/25/94,5.78,4.11,3.05,1.67,,,
1/26/94,5.77,4.13,3.05,1.64,,,
1/27/94,5.73,4.11,3.05,1.62,,,
1/28/94,5.68,4.08,3.05,1.6,,,
1/31/94,5.7,4.12,3.05,1.58,,,
2/1/94,5.77,4.2,3.25,1.57,,,
2/2/94,5.77,4.2,3.25,1.57,,,
2/3/94,5.81,4.28,3.25,1.53,,,
2/4/94,5.94,4.42,3.25,1.52,,,
2/7/94,5.96,4.41,3.25,1.55,,,
2/8/94,6.01,4.44,3.25,1.57,,,
2/9/94,5.92,4.43,3.25,1.49,,,
2/10/94,5.91,4.45,3.25,1.46,,,
2/11/94,5.88,4.44,3.25,1.44,,,
2/14/94,5.9,4.44,3.25,1.46,,,
2/15/94,5.88,4.44,3.25,1.44,,,
2/16/94,5.89,4.44,3.25,1.45,,,
2/17/94,6,4.5,3.25,1.5,,,
2/18/94,6.09,4.57,3.25,1.52,,,
2/21/94,6.09,4.57,3.25,1.52,,,
2/22/94,6.05,4.57,3.25,1.48,,,
2/23/94,6.13,4.67,3.25,1.46,,,
2/24/94,6.22,4.72,3.25,1.5,,,
2/25/94,6.21,4.72,3.25,1.49,,,
2/28/94,6.15,4.67,3.25,1.48,,,
3/1/94,6.28,4.81,3.34,1.47,,,
3/2/94,6.3,4.79,3.34,1.51,,,
3/3/94,6.35,4.83,3.34,1.52,,,
3/4/94,6.38,4.88,3.34,1.5,,,
3/7/94,6.32,4.87,3.34,1.45,,,
3/8/94,6.38,4.92,3.34,1.46,,,
3/9/94,6.38,4.96,3.34,1.42,,,
3/10/94,6.48,4.96,3.34,1.52,,,
3/11/94,6.46,4.95,3.34,1.51,,,
3/14/94,6.5,4.99,3.34,1.51,,,
3/15/94,6.47,4.99,3.34,1.48,,,
3/16/94,6.4,4.96,3.34,1.44,,,
3/17/94,6.4,4.94,3.34,1.46,,,
3/18/94,6.49,5.03,3.34,1.46,,,
3/21/94,6.55,5.09,3.34,1.46,,,
3/22/94,6.44,5.03,3.34,1.41,,,
3/23/94,6.44,5,3.34,1.44,,,
3/24/94,6.58,5.08,3.34,1.5,,,
3/25/94,6.61,5.1,3.34,1.51,,,
3/28/94,6.63,5.12,3.34,1.51,,,
3/29/94,6.71,5.19,3.34,1.52,,,
3/30/94,6.78,5.19,3.34,1.59,,,
3/31/94,6.77,5.21,3.34,1.56,,,
4/1/94,6.77,5.21,3.56,1.56,,,
4/4/94,7.16,5.57,3.56,1.59,,,
4/5/94,6.97,5.45,3.56,1.52,,,
4/6/94,6.93,5.4,3.56,1.53,,,
4/7/94,6.86,5.37,3.56,1.49,,,
4/8/94,6.94,5.43,3.56,1.51,,,
4/11/94,6.92,5.43,3.56,1.49,,,
4/12/94,6.87,5.4,3.56,1.47,,,
4/13/94,6.93,5.43,3.56,1.5,,,
4/14/94,6.97,5.49,3.56,1.48,,,
4/15/94,6.97,5.51,3.56,1.46,,,
4/18/94,7.14,5.7,3.56,1.44,,,
4/19/94,7.1,5.7,3.56,1.4,,,
4/20/94,7.05,5.67,3.56,1.38,,,
4/21/94,6.91,5.59,3.56,1.32,,,
4/22/94,6.93,5.62,3.56,1.31,,,
4/25/94,6.86,5.61,3.56,1.25,,,
4/26/94,6.86,5.59,3.56,1.27,,,
4/27/94,6.86,5.59,3.56,1.27,,,
4/28/94,7.04,5.75,3.56,1.29,,,
4/29/94,7.06,5.73,3.56,1.33,,,
5/2/94,7.09,5.81,4.01,1.28,,,
5/3/94,7.13,5.86,4.01,1.27,,,
5/4/94,7.14,5.89,4.01,1.25,,,
5/5/94,7.11,5.88,4.01,1.23,,,
5/6/94,7.35,6.12,4.01,1.23,,,
5/9/94,7.49,6.26,4.01,1.23,,,
5/10/94,7.33,6.13,4.01,1.2,,,
5/11/94,7.4,6.2,4.01,1.2,,,
5/12/94,7.36,6.13,4.01,1.23,,,
5/13/94,7.29,6.05,4.01,1.24,,,
5/16/94,7.24,6.03,4.01,1.21,,,
5/17/94,7.03,5.88,4.01,1.15,,,
5/18/94,7.03,5.83,4.01,1.2,,,
5/19/94,6.96,5.73,4.01,1.23,,,
5/20/94,7.02,5.8,4.01,1.22,,,
5/23/94,7.19,5.94,4.01,1.25,,,
5/24/94,7.17,5.94,4.01,1.23,,,
5/25/94,7.14,5.95,4.01,1.19,,,
5/26/94,7.09,5.92,4.01,1.17,,,
5/27/94,7.12,5.97,4.01,1.15,,,
5/30/94,7.12,5.97,4.01,1.15,,,
5/31/94,7.17,6.01,4.01,1.16,,,
6/1/94,7.12,5.98,4.25,1.14,,,
6/2/94,7.07,5.93,4.25,1.14,,,
6/3/94,6.98,5.84,4.25,1.14,,,
6/6/94,6.91,5.78,4.25,1.13,,,
6/7/94,6.95,5.8,4.25,1.15,,,
6/8/94,6.96,5.78,4.25,1.18,,,
6/9/94,6.98,5.8,4.25,1.18,,,
6/10/94,7.03,5.85,4.25,1.18,,,
6/13/94,7.07,5.91,4.25,1.16,,,
6/14/94,7,5.81,4.25,1.19,,,
6/15/94,7.1,5.88,4.25,1.22,,,
6/16/94,7.07,5.83,4.25,1.24,,,
6/17/94,7.14,5.88,4.25,1.26,,,
6/20/94,7.16,5.92,4.25,1.24,,,
6/21/94,7.22,6.04,4.25,1.18,,,
6/22/94,7.13,5.97,4.25,1.16,,,
6/23/94,7.1,5.94,4.25,1.16,,,
6/24/94,7.22,6.06,4.25,1.16,,,
6/27/94,7.18,6.05,4.25,1.13,,,
6/28/94,7.26,6.13,4.25,1.13,,,
6/29/94,7.24,6.12,4.25,1.12,,,
6/30/94,7.34,6.19,4.25,1.15,,,
7/1/94,7.34,6.19,4.26,1.15,,,
7/4/94,7.34,6.19,4.26,1.15,,,
7/5/94,7.31,6.14,4.26,1.17,,,
7/6/94,7.32,6.11,4.26,1.21,,,
7/7/94,7.3,6.11,4.26,1.19,,,
7/8/94,7.42,6.25,4.26,1.17,,,
7/11/94,7.47,6.29,4.26,1.18,,,
7/12/94,7.43,6.24,4.26,1.19,,,
7/13/94,7.41,6.22,4.26,1.19,,,
7/14/94,7.25,6.05,4.26,1.2,,,
7/15/94,7.25,6.04,4.26,1.21,,,
7/18/94,7.2,5.99,4.26,1.21,,,
7/19/94,7.15,5.94,4.26,1.21,,,
7/20/94,7.25,6.06,4.26,1.19,,,
7/21/94,7.27,6.11,4.26,1.16,,,
7/22/94,7.29,6.15,4.26,1.14,,,
7/25/94,7.27,6.13,4.26,1.14,,,
7/26/94,7.28,6.16,4.26,1.12,,,
7/27/94,7.34,6.22,4.26,1.12,,,
7/28/94,7.29,6.21,4.26,1.08,,,
7/29/94,7.12,5.99,4.26,1.13,,,
8/1/94,7.13,6.03,4.47,1.1,,,
8/2/94,7.11,5.98,4.47,1.13,,,
8/3/94,7.09,5.96,4.47,1.13,,,
8/4/94,7.12,5.98,4.47,1.14,,,
8/5/94,7.28,6.18,4.47,1.1,,,
8/8/94,7.28,6.22,4.47,1.06,,,
8/9/94,7.33,6.26,4.47,1.07,,,
8/10/94,7.3,6.21,4.47,1.09,,,
8/11/94,7.36,6.26,4.47,1.1,,,
8/12/94,7.27,6.22,4.47,1.05,,,
8/15/94,7.3,6.26,4.47,1.04,,,
8/16/94,7.19,6.21,4.47,0.98,,,
8/17/94,7.15,6.14,4.47,1.01,,,
8/18/94,7.28,6.23,4.47,1.05,,,
8/19/94,7.27,6.23,4.47,1.04,,,
8/22/94,7.31,6.27,4.47,1.04,,,
8/23/94,7.28,6.26,4.47,1.02,,,
8/24/94,7.22,6.18,4.47,1.04,,,
8/25/94,7.29,6.24,4.47,1.05,,,
8/26/94,7.24,6.21,4.47,1.03,,,
8/29/94,7.24,6.2,4.47,1.04,,,
8/30/94,7.2,6.18,4.47,1.02,,,
8/31/94,7.19,6.17,4.47,1.02,,,
9/1/94,7.19,6.15,4.73,1.04,,,
9/2/94,7.21,6.17,4.73,1.04,,,
9/5/94,7.21,6.17,4.73,1.04,,,
9/6/94,7.27,6.22,4.73,1.05,,,
9/7/94,7.29,6.22,4.73,1.07,,,
9/8/94,7.3,6.22,4.73,1.08,,,
9/9/94,7.44,6.35,4.73,1.09,,,
9/12/94,7.46,6.37,4.73,1.09,,,
9/13/94,7.44,6.35,4.73,1.09,,,
9/14/94,7.41,6.33,4.73,1.08,,,
9/15/94,7.35,6.28,4.73,1.07,,,
9/16/94,7.52,6.42,4.73,1.1,,,
9/19/94,7.49,6.39,4.73,1.1,,,
9/20/94,7.53,6.44,4.73,1.09,,,
9/21/94,7.56,6.52,4.73,1.04,,,
9/22/94,7.56,6.5,4.73,1.06,,,
9/23/94,7.57,6.52,4.73,1.05,,,
9/26/94,7.57,6.54,4.73,1.03,,,
9/27/94,7.61,6.52,4.73,1.09,,,
9/28/94,7.57,6.51,4.73,1.06,,,
9/29/94,7.64,6.6,4.73,1.04,,,
9/30/94,7.62,6.62,4.73,1,,,
10/3/94,7.66,6.69,4.76,0.97,,,
10/4/94,7.7,6.68,4.76,1.02,,,
10/5/94,7.77,6.73,4.76,1.04,,,
10/6/94,7.78,6.71,4.76,1.07,,,
10/7/94,7.7,6.65,4.76,1.05,,,
10/10/94,7.7,6.65,4.76,1.05,,,
10/11/94,7.65,6.63,4.76,1.02,,,
10/12/94,7.69,6.67,4.76,1.02,,,
10/13/94,7.64,6.63,4.76,1.01,,,
10/14/94,7.61,6.57,4.76,1.04,,,
10/17/94,7.62,6.61,4.76,1.01,,,
10/18/94,7.64,6.61,4.76,1.03,,,
10/19/94,7.68,6.66,4.76,1.02,,,
10/20/94,7.8,6.77,4.76,1.03,,,
10/21/94,7.81,6.8,4.76,1.01,,,
10/24/94,7.86,6.84,4.76,1.02,,,
10/25/94,7.88,6.87,4.76,1.01,,,
10/26/94,7.88,6.9,4.76,0.98,,,
10/27/94,7.88,6.89,4.76,0.99,,,
10/28/94,7.82,6.82,4.76,1,,,
10/31/94,7.81,6.84,4.76,0.97,,,
11/1/94,7.91,6.93,5.29,0.98,,,
11/2/94,7.96,6.96,5.29,1,,,
11/3/94,7.96,6.98,5.29,0.98,,,
11/4/94,8.04,7.05,5.29,0.99,,,
11/7/94,8.05,7.06,5.29,0.99,,,
11/8/94,8.01,7.02,5.29,0.99,,,
11/9/94,7.94,7.01,5.29,0.93,,,
11/10/94,7.98,7.06,5.29,0.92,,,
11/11/94,7.98,7.06,5.29,0.92,,,
11/14/94,7.94,7.06,5.29,0.88,,,
11/15/94,7.92,7.1,5.29,0.82,,,
11/16/94,7.97,7.15,5.29,0.82,,,
11/17/94,8.03,7.21,5.29,0.82,,,
11/18/94,8.01,7.23,5.29,0.78,,,
11/21/94,8.03,7.3,5.29,0.73,,,
11/22/94,8,7.29,5.29,0.71,,,
11/23/94,7.81,7.18,5.29,0.63,,,
11/24/94,7.81,7.18,5.29,0.63,,,
11/25/94,7.8,7.19,5.29,0.61,,,
11/28/94,7.88,7.35,5.29,0.53,,,
11/29/94,7.95,7.44,5.29,0.51,,,
11/30/94,7.91,7.4,5.29,0.51,,,
12/1/94,7.92,7.42,5.45,0.5,,,
12/2/94,7.81,7.44,5.45,0.37,,,
12/5/94,7.83,7.58,5.45,0.25,,,
12/6/94,7.73,7.44,5.45,0.29,,,
12/7/94,7.81,7.48,5.45,0.33,,,
12/8/94,7.79,7.51,5.45,0.28,,,
12/9/94,7.79,7.53,5.45,0.26,,,
12/12/94,7.85,7.62,5.45,0.23,,,
12/13/94,7.83,7.71,5.45,0.12,,,
12/14/94,7.8,7.59,5.45,0.21,,,
12/15/94,7.79,7.54,5.45,0.25,,,
12/16/94,7.81,7.59,5.45,0.22,,,
12/19/94,7.81,7.59,5.45,0.22,,,
12/20/94,7.81,7.56,5.45,0.25,,,
12/21/94,7.8,7.58,5.45,0.22,,,
12/22/94,7.84,7.7,5.45,0.14,,,
12/23/94,7.85,7.74,5.45,0.11,,,
12/26/94,7.85,7.74,5.45,0.11,,,
12/27/94,7.76,7.67,5.45,0.09,,,
12/28/94,7.8,7.71,5.45,0.09,,,
12/29/94,7.82,7.69,5.45,0.13,,,
12/30/94,7.84,7.69,5.45,0.15,,,
1/2/95,7.84,7.69,5.53,0.15,,,
1/3/95,7.88,7.73,5.53,0.15,,,
1/4/95,7.82,7.62,5.53,0.2,,,
1/5/95,7.88,7.66,5.53,0.22,,,
1/6/95,7.87,7.64,5.53,0.23,,,
1/9/95,7.89,7.68,5.53,0.21,,,
1/10/95,7.84,7.63,5.53,0.21,,,
1/11/95,7.79,7.58,5.53,0.21,,,
1/12/95,7.8,7.56,5.53,0.24,,,
1/13/95,7.69,7.39,5.53,0.3,,,
1/16/95,7.69,7.39,5.53,0.3,,,
1/17/95,7.7,7.44,5.53,0.26,,,
1/18/95,7.71,7.48,5.53,0.23,,,
1/19/95,7.74,7.49,5.53,0.25,,,
1/20/95,7.82,7.5,5.53,0.32,,,
1/23/95,7.83,7.5,5.53,0.33,,,
1/24/95,7.86,7.57,5.53,0.29,,,
1/25/95,7.8,7.5,5.53,0.3,,,
1/26/95,7.76,7.39,5.53,0.37,,,
1/27/95,7.66,7.29,5.53,0.37,,,
1/30/95,7.65,7.23,5.53,0.42,,,
1/31/95,7.6,7.26,5.53,0.34,,,
2/1/95,7.66,7.33,5.92,0.33,,,
2/2/95,7.68,7.4,5.92,0.28,,,
2/3/95,7.49,7.14,5.92,0.35,,,
2/6/95,7.53,7.18,5.92,0.35,,,
2/7/95,7.52,7.19,5.92,0.33,,,
2/8/95,7.53,7.18,5.92,0.35,,,
2/9/95,7.58,7.23,5.92,0.35,,,
2/10/95,7.62,7.33,5.92,0.29,,,
2/13/95,7.61,7.32,5.92,0.29,,,
2/14/95,7.51,7.21,5.92,0.3,,,
2/15/95,7.45,7.12,5.92,0.33,,,
2/16/95,7.4,7.02,5.92,0.38,,,
2/17/95,7.43,7.07,5.92,0.36,,,
2/20/95,7.43,7.07,5.92,0.36,,,
2/21/95,7.44,7.09,5.92,0.35,,,
2/22/95,7.34,6.92,5.92,0.42,,,
2/23/95,7.34,6.92,5.92,0.42,,,
2/24/95,7.33,6.89,5.92,0.44,,,
2/27/95,7.24,6.79,5.92,0.45,,,
2/28/95,7.22,6.79,5.92,0.43,,,
3/1/95,7.23,6.81,5.98,0.42,,,
3/2/95,7.3,6.88,5.98,0.42,,,
3/3/95,7.36,6.89,5.98,0.47,,,
3/6/95,7.41,6.96,5.98,0.45,,,
3/7/95,7.44,7,5.98,0.44,,,
3/8/95,7.36,6.93,5.98,0.43,,,
3/9/95,7.3,6.83,5.98,0.47,,,
3/10/95,7.23,6.83,5.98,0.4,,,
3/13/95,7.19,6.76,5.98,0.43,,,
3/14/95,7.09,6.69,5.98,0.4,,,
3/15/95,7.09,6.71,5.98,0.38,,,
3/16/95,7.05,6.68,5.98,0.37,,,
3/17/95,7.12,6.69,5.98,0.43,,,
3/20/95,7.12,6.69,5.98,0.43,,,
3/21/95,7.16,6.71,5.98,0.45,,,
3/22/95,7.21,6.75,5.98,0.46,,,
3/23/95,7.21,6.75,5.98,0.46,,,
3/24/95,7.09,6.64,5.98,0.45,,,
3/27/95,7.05,6.62,5.98,0.43,,,
3/28/95,7.16,6.73,5.98,0.43,,,
3/29/95,7.16,6.73,5.98,0.43,,,
3/30/95,7.18,6.76,5.98,0.42,,,
3/31/95,7.2,6.8,5.98,0.4,,,
4/3/95,7.14,6.75,6.05,0.39,,,
4/4/95,7.12,6.71,6.05,0.41,,,
4/5/95,7.12,6.7,6.05,0.42,,,
4/6/95,7.09,6.66,6.05,0.43,,,
4/7/95,7.11,6.65,6.05,0.46,,,
4/10/95,7.12,6.66,6.05,0.46,,,
4/11/95,7.09,6.65,6.05,0.44,,,
4/12/95,7.06,6.61,6.05,0.45,,,
4/13/95,7.03,6.51,6.05,0.52,,,
4/14/95,7.03,6.51,6.05,0.52,,,
4/17/95,7.04,6.48,6.05,0.56,,,
4/18/95,7.04,6.44,6.05,0.6,,,
4/19/95,7.06,6.51,6.05,0.55,,,
4/20/95,7.02,6.43,6.05,0.59,,,
4/21/95,7.01,6.44,6.05,0.57,,,
4/24/95,7.01,6.46,6.05,0.55,,,
4/25/95,7.01,6.48,6.05,0.53,,,
4/26/95,7.01,6.5,6.05,0.51,,,
4/27/95,7.04,6.55,6.05,0.49,,,
4/28/95,7.07,6.6,6.05,0.47,,,
5/1/95,7.09,6.62,6.01,0.47,,,
5/2/95,7.04,6.55,6.01,0.49,,,
5/3/95,6.96,6.47,6.01,0.49,,,
5/4/95,6.85,6.35,6.01,0.5,,,
5/5/95,6.69,6.16,6.01,0.53,,,
5/8/95,6.7,6.18,6.01,0.52,,,
5/9/95,6.61,6.08,6.01,0.53,,,
5/10/95,6.66,6.11,6.01,0.55,,,
5/11/95,6.68,6.2,6.01,0.48,,,
5/12/95,6.67,6.2,6.01,0.47,,,
5/15/95,6.62,6.16,6.01,0.46,,,
5/16/95,6.57,6.11,6.01,0.46,,,
5/17/95,6.53,6.11,6.01,0.42,,,
5/18/95,6.61,6.18,6.01,0.43,,,
5/19/95,6.61,6.19,6.01,0.42,,,
5/22/95,6.63,6.19,6.01,0.44,,,
5/23/95,6.57,6.15,6.01,0.42,,,
5/24/95,6.44,6.01,6.01,0.43,,,
5/25/95,6.39,5.99,6.01,0.4,,,
5/26/95,6.4,5.97,6.01,0.43,,,
5/29/95,6.4,5.97,6.01,0.43,,,
5/30/95,6.3,5.89,6.01,0.41,,,
5/31/95,6.3,5.89,6.01,0.41,,,
6/1/95,6.2,5.71,6,0.49,,,
6/2/95,6.1,5.54,6,0.56,,,
6/5/95,6.08,5.54,6,0.54,,,
6/6/95,6.08,5.57,6,0.51,,,
6/7/95,6.2,5.74,6,0.46,,,
6/8/95,6.22,5.82,6,0.4,,,
6/9/95,6.4,6.01,6,0.39,,,
6/12/95,6.37,5.96,6,0.41,,,
6/13/95,6.14,5.63,6,0.51,,,
6/14/95,6.15,5.67,6,0.48,,,
6/15/95,6.18,5.73,6,0.45,,,
6/16/95,6.21,5.77,6,0.44,,,
6/19/95,6.13,5.65,6,0.48,,,
6/20/95,6.16,5.72,6,0.44,,,
6/21/95,6.13,5.68,6,0.45,,,
6/22/95,6.04,5.61,6,0.43,,,
6/23/95,6.06,5.64,6,0.42,,,
6/26/95,6.11,5.71,6,0.4,,,
6/27/95,6.15,5.7,6,0.45,,,
6/28/95,6.1,5.67,6,0.43,,,
6/29/95,6.28,5.89,6,0.39,,,
6/30/95,6.21,5.79,6,0.42,,,
7/3/95,6.21,5.79,5.85,0.42,,,
7/4/95,6.21,5.79,5.85,0.42,,,
7/5/95,6.19,5.78,5.85,0.41,,,
7/6/95,6.05,5.56,5.85,0.49,,,
7/7/95,6.04,5.54,5.85,0.5,,,
7/10/95,6.04,5.56,5.85,0.48,,,
7/11/95,6.09,5.59,5.85,0.5,,,
7/12/95,6.1,5.59,5.85,0.51,,,
7/13/95,6.09,5.61,5.85,0.48,,,
7/14/95,6.15,5.7,5.85,0.45,,,
7/17/95,6.22,5.77,5.85,0.45,,,
7/18/95,6.25,5.77,5.85,0.48,,,
7/19/95,6.43,5.89,5.85,0.54,,,
7/20/95,6.43,5.91,5.85,0.52,,,
7/21/95,6.53,5.95,5.85,0.58,,,
7/24/95,6.46,5.97,5.85,0.49,,,
7/25/95,6.43,5.94,5.85,0.49,,,
7/26/95,6.48,5.97,5.85,0.51,,,
7/27/95,6.43,5.91,5.85,0.52,,,
7/28/95,6.49,5.92,5.85,0.57,,,
7/31/95,6.45,5.88,5.85,0.57,,,
8/1/95,6.5,5.94,5.74,0.56,,,
8/2/95,6.44,5.86,5.74,0.58,,,
8/3/95,6.53,5.94,5.74,0.59,,,
8/4/95,6.5,5.91,5.74,0.59,,,
8/7/95,6.48,5.9,5.74,0.58,,,
8/8/95,6.47,5.9,5.74,0.57,,,
8/9/95,6.47,5.93,5.74,0.54,,,
8/10/95,6.51,5.95,5.74,0.56,,,
8/11/95,6.59,6.05,5.74,0.54,,,
8/14/95,6.59,6.05,5.74,0.54,,,
8/15/95,6.57,6.11,5.74,0.46,,,
8/16/95,6.54,6.07,5.74,0.47,,,
8/17/95,6.57,6.12,5.74,0.45,,,
8/18/95,6.57,6.13,5.74,0.44,,,
8/21/95,6.54,6.08,5.74,0.46,,,
8/22/95,6.57,6.1,5.74,0.47,,,
8/23/95,6.6,6.11,5.74,0.49,,,
8/24/95,6.5,6,5.74,0.5,,,
8/25/95,6.38,5.9,5.74,0.48,,,
8/28/95,6.34,5.85,5.74,0.49,,,
8/29/95,6.36,5.93,5.74,0.43,,,
8/30/95,6.33,5.88,5.74,0.45,,,
8/31/95,6.28,5.85,5.74,0.43,,,
9/1/95,6.22,5.78,5.8,0.44,,,
9/4/95,6.22,5.78,5.8,0.44,,,
9/5/95,6.18,5.77,5.8,0.41,,,
9/6/95,6.17,5.76,5.8,0.41,,,
9/7/95,6.21,5.8,5.8,0.41,,,
9/8/95,6.24,5.85,5.8,0.39,,,
9/11/95,6.24,5.83,5.8,0.41,,,
9/12/95,6.16,5.77,5.8,0.39,,,
9/13/95,6.18,5.8,5.8,0.38,,,
9/14/95,6.08,5.68,5.8,0.4,,,
9/15/95,6.11,5.71,5.8,0.4,,,
9/18/95,6.17,5.77,5.8,0.4,,,
9/19/95,6.14,5.75,5.8,0.39,,,
9/20/95,6.1,5.73,5.8,0.37,,,
9/21/95,6.21,5.83,5.8,0.38,,,
9/22/95,6.25,5.85,5.8,0.4,,,
9/25/95,6.26,5.89,5.8,0.37,,,
9/26/95,6.28,5.88,5.8,0.4,,,
9/27/95,6.3,5.92,5.8,0.38,,,
9/28/95,6.28,5.92,5.8,0.36,,,
9/29/95,6.17,5.83,5.8,0.34,,,
10/2/95,6.15,5.82,5.76,0.33,,,
10/3/95,6.13,5.8,5.76,0.33,,,
10/4/95,6.12,5.75,5.76,0.37,,,
10/5/95,6.06,5.72,5.76,0.34,,,
10/6/95,6.06,5.73,5.76,0.33,,,
10/9/95,6.06,5.73,5.76,0.33,,,
10/10/95,6.07,5.74,5.76,0.33,,,
10/11/95,6.09,5.75,5.76,0.34,,,
10/12/95,6.07,5.72,5.76,0.35,,,
10/13/95,5.97,5.67,5.76,0.3,,,
10/16/95,5.97,5.67,5.76,0.3,,,
10/17/95,5.97,5.65,5.76,0.32,,,
10/18/95,5.99,5.67,5.76,0.32,,,
10/19/95,5.98,5.67,5.76,0.31,,,
10/20/95,6.04,5.72,5.76,0.32,,,
10/23/95,6.07,5.76,5.76,0.31,,,
10/24/95,6.02,5.68,5.76,0.34,,,
10/25/95,6,5.64,5.76,0.36,,,
10/26/95,6.06,5.61,5.76,0.45,,,
10/27/95,6.05,5.64,5.76,0.41,,,
10/30/95,6.04,5.62,5.76,0.42,,,
10/31/95,6.03,5.61,5.76,0.42,,,
11/1/95,5.98,5.52,5.8,0.46,,,
11/2/95,5.92,5.46,5.8,0.46,,,
11/3/95,5.94,5.49,5.8,0.45,,,
11/6/95,5.96,5.51,5.8,0.45,,,
11/7/95,5.99,5.54,5.8,0.45,,,
11/8/95,5.92,5.47,5.8,0.45,,,
11/9/95,5.97,5.49,5.8,0.48,,,
11/10/95,6,5.52,5.8,0.48,,,
11/13/95,5.98,5.49,5.8,0.49,,,
11/14/95,5.97,5.47,5.8,0.5,,,
11/15/95,6,5.53,5.8,0.47,,,
11/16/95,5.93,5.46,5.8,0.47,,,
11/17/95,5.92,5.46,5.8,0.46,,,
11/20/95,5.93,5.46,5.8,0.47,,,
11/21/95,5.92,5.49,5.8,0.43,,,
11/22/95,5.93,5.51,5.8,0.42,,,
11/23/95,5.93,5.51,5.8,0.42,,,
11/24/95,5.91,5.49,5.8,0.42,,,
11/27/95,5.88,5.46,5.8,0.42,,,
11/28/95,5.88,5.45,5.8,0.43,,,
11/29/95,5.85,5.42,5.8,0.43,,,
11/30/95,5.76,5.36,5.8,0.4,,,
12/1/95,5.71,5.32,5.6,0.39,,,
12/4/95,5.63,5.27,5.6,0.36,,,
12/5/95,5.65,5.29,5.6,0.36,,,
12/6/95,5.67,5.32,5.6,0.35,,,
12/7/95,5.72,5.39,5.6,0.33,,,
12/8/95,5.73,5.39,5.6,0.34,,,
12/11/95,5.71,5.38,5.6,0.33,,,
12/12/95,5.72,5.39,5.6,0.33,,,
12/13/95,5.74,5.39,5.6,0.35,,,
12/14/95,5.74,5.38,5.6,0.36,,,
12/15/95,5.75,5.36,5.6,0.39,,,
12/18/95,5.85,5.43,5.6,0.42,,,
12/19/95,5.81,5.36,5.6,0.45,,,
12/20/95,5.76,5.33,5.6,0.43,,,
12/21/95,5.77,5.33,5.6,0.44,,,
12/22/95,5.71,5.28,5.6,0.43,,,
12/25/95,5.71,5.28,5.6,0.43,,,
12/26/95,5.69,5.27,5.6,0.42,,,
12/27/95,5.66,5.23,5.6,0.43,,,
12/28/95,5.63,5.2,5.6,0.43,,,
12/29/95,5.58,5.18,5.6,0.4,,,
1/1/96,5.58,5.18,5.56,0.4,,,
1/2/96,5.6,5.18,5.56,0.42,,,
1/3/96,5.58,5.17,5.56,0.41,,,
1/4/96,5.65,5.17,5.56,0.48,,,
1/5/96,5.69,5.2,5.56,0.49,,,
1/8/96,5.68,5.2,5.56,0.48,,,
1/9/96,5.7,5.18,5.56,0.52,,,
1/10/96,5.8,5.22,5.56,0.58,,,
1/11/96,5.78,5.22,5.56,0.56,,,
1/12/96,5.75,5.17,5.56,0.58,,,
1/15/96,5.75,5.17,5.56,0.58,,,
1/16/96,5.66,5.08,5.56,0.58,,,
1/17/96,5.58,5.05,5.56,0.53,,,
1/18/96,5.53,5.01,5.56,0.52,,,
1/19/96,5.54,5.03,5.56,0.51,,,
1/22/96,5.61,5.08,5.56,0.53,,,
1/23/96,5.66,5.09,5.56,0.57,,,
1/24/96,5.62,5.07,5.56,0.55,,,
1/25/96,5.7,5.11,5.56,0.59,,,
1/26/96,5.65,5.08,5.56,0.57,,,
1/29/96,5.69,5.1,5.56,0.59,,,
1/30/96,5.63,5.02,5.56,0.61,,,
1/31/96,5.6,4.93,5.56,0.67,,,
2/1/96,5.63,4.93,5.22,0.7,,,
2/2/96,5.66,4.9,5.22,0.76,,,
2/5/96,5.7,4.95,5.22,0.75,,,
2/6/96,5.68,4.93,5.22,0.75,,,
2/7/96,5.66,4.92,5.22,0.74,,,
2/8/96,5.66,4.9,5.22,0.76,,,
2/9/96,5.66,4.85,5.22,0.81,,,
2/12/96,5.61,4.83,5.22,0.78,,,
2/13/96,5.58,4.8,5.22,0.78,,,
2/14/96,5.62,4.82,5.22,0.8,,,
2/15/96,5.7,4.87,5.22,0.83,,,
2/16/96,5.76,4.9,5.22,0.86,,,
2/19/96,5.76,4.9,5.22,0.86,,,
2/20/96,6.01,5.18,5.22,0.83,,,
2/21/96,5.98,5.16,5.22,0.82,,,
2/22/96,5.92,5.11,5.22,0.81,,,
2/23/96,5.97,5.13,5.22,0.84,,,
2/26/96,6.01,5.18,5.22,0.83,,,
2/27/96,6.06,5.28,5.22,0.78,,,
2/28/96,6.11,5.43,5.22,0.68,,,
2/29/96,6.13,5.44,5.22,0.69,,,
3/1/96,5.99,5.26,5.31,0.73,,,
3/4/96,5.92,5.21,5.31,0.71,,,
3/5/96,5.96,5.28,5.31,0.68,,,
3/6/96,6.05,5.36,5.31,0.69,,,
3/7/96,6.07,5.4,5.31,0.67,,,
3/8/96,6.41,5.73,5.31,0.68,,,
3/11/96,6.33,5.71,5.31,0.62,,,
3/12/96,6.36,5.78,5.31,0.58,,,
3/13/96,6.35,5.73,5.31,0.62,,,
3/14/96,6.36,5.7,5.31,0.66,,,
3/15/96,6.46,5.87,5.31,0.59,,,
3/18/96,6.43,5.89,5.31,0.54,,,
3/19/96,6.41,5.85,5.31,0.56,,,
3/20/96,6.34,5.76,5.31,0.58,,,
3/21/96,6.28,5.72,5.31,0.56,,,
3/22/96,6.32,5.74,5.31,0.58,,,
3/25/96,6.26,5.69,5.31,0.57,,,
3/26/96,6.25,5.72,5.31,0.53,,,
3/27/96,6.34,5.81,5.31,0.53,,,
3/28/96,6.41,5.88,5.31,0.53,,,
3/29/96,6.34,5.79,5.31,0.55,,,
4/1/96,6.31,5.79,5.22,0.52,,,
4/2/96,6.25,5.74,5.22,0.51,,,
4/3/96,6.27,5.77,5.22,0.5,,,
4/4/96,6.33,5.83,5.22,0.5,,,
4/5/96,6.57,6.09,5.22,0.48,,,
4/8/96,6.63,6.11,5.22,0.52,,,
4/9/96,6.56,6.06,5.22,0.5,,,
4/10/96,6.63,6.1,5.22,0.53,,,
4/11/96,6.68,6.12,5.22,0.56,,,
4/12/96,6.52,5.96,5.22,0.56,,,
4/15/96,6.47,5.93,5.22,0.54,,,
4/16/96,6.48,5.91,5.22,0.57,,,
4/17/96,6.52,5.96,5.22,0.56,,,
4/18/96,6.58,6.02,5.22,0.56,,,
4/19/96,6.53,5.95,5.22,0.58,,,
4/22/96,6.48,5.92,5.22,0.56,,,
4/23/96,6.52,5.93,5.22,0.59,,,
4/24/96,6.57,5.95,5.22,0.62,,,
4/25/96,6.56,5.99,5.22,0.57,,,
4/26/96,6.54,5.92,5.22,0.62,,,
4/29/96,6.59,5.98,5.22,0.61,,,
4/30/96,6.66,6.03,5.22,0.63,,,
5/1/96,6.68,6.03,5.24,0.65,,,
5/2/96,6.85,6.16,5.24,0.69,,,
5/3/96,6.9,6.2,5.24,0.7,,,
5/6/96,6.86,6.15,5.24,0.71,,,
5/7/96,6.87,6.2,5.24,0.67,,,
5/8/96,6.78,6.15,5.24,0.63,,,
5/9/96,6.84,6.14,5.24,0.7,,,
5/10/96,6.75,6.04,5.24,0.71,,,
5/13/96,6.72,6.06,5.24,0.66,,,
5/14/96,6.66,6.01,5.24,0.65,,,
5/15/96,6.65,6.01,5.24,0.64,,,
5/16/96,6.7,6.08,5.24,0.62,,,
5/17/96,6.65,6.04,5.24,0.61,,,
5/20/96,6.62,6.02,5.24,0.6,,,
5/21/96,6.65,6.03,5.24,0.62,,,
5/22/96,6.63,6.03,5.24,0.6,,,
5/23/96,6.68,6.05,5.24,0.63,,,
5/24/96,6.65,6.03,5.24,0.62,,,
5/27/96,6.65,6.03,5.24,0.62,,,
5/28/96,6.67,6.05,5.24,0.62,,,
5/29/96,6.77,6.16,5.24,0.61,,,
5/30/96,6.78,6.18,5.24,0.6,,,
5/31/96,6.85,6.27,5.24,0.58,,,
6/3/96,6.87,6.26,5.27,0.61,,,
6/4/96,6.86,6.24,5.27,0.62,,,
6/5/96,6.82,6.24,5.27,0.58,,,
6/6/96,6.76,6.16,5.27,0.6,,,
6/7/96,6.93,6.4,5.27,0.53,,,
6/10/96,6.97,6.4,5.27,0.57,,,
6/11/96,6.99,6.37,5.27,0.62,,,
6/12/96,7.03,6.39,5.27,0.64,,,
6/13/96,7.01,6.36,5.27,0.65,,,
6/14/96,6.95,6.29,5.27,0.66,,,
6/17/96,6.9,6.27,5.27,0.63,,,
6/18/96,6.93,6.28,5.27,0.65,,,
6/19/96,6.96,6.31,5.27,0.65,,,
6/20/96,6.98,6.38,5.27,0.6,,,
6/21/96,6.96,6.35,5.27,0.61,,,
6/24/96,6.94,6.32,5.27,0.62,,,
6/25/96,6.91,6.3,5.27,0.61,,,
6/26/96,6.91,6.3,5.27,0.61,,,
6/27/96,6.83,6.21,5.27,0.62,,,
6/28/96,6.73,6.11,5.27,0.62,,,
7/1/96,6.74,6.15,5.4,0.59,,,
7/2/96,6.8,6.22,5.4,0.58,,,
7/3/96,6.78,6.2,5.4,0.58,,,
7/4/96,6.78,6.2,5.4,0.58,,,
7/5/96,7.06,6.44,5.4,0.62,,,
7/8/96,7.05,6.43,5.4,0.62,,,
7/9/96,7,6.41,5.4,0.59,,,
7/10/96,6.95,6.34,5.4,0.61,,,
7/11/96,6.9,6.28,5.4,0.62,,,
7/12/96,6.85,6.26,5.4,0.59,,,
7/15/96,6.89,6.32,5.4,0.57,,,
7/16/96,6.84,6.23,5.4,0.61,,,
7/17/96,6.83,6.23,5.4,0.6,,,
7/18/96,6.72,6.16,5.4,0.56,,,
7/19/96,6.78,6.18,5.4,0.6,,,
7/22/96,6.84,6.23,5.4,0.61,,,
7/23/96,6.8,6.23,5.4,0.57,,,
7/24/96,6.87,6.26,5.4,0.61,,,
7/25/96,6.87,6.28,5.4,0.59,,,
7/26/96,6.85,6.25,5.4,0.6,,,
7/29/96,6.93,6.32,5.4,0.61,,,
7/30/96,6.89,6.3,5.4,0.59,,,
7/31/96,6.8,6.22,5.4,0.58,,,
8/1/96,6.65,6.08,5.22,0.57,,,
8/2/96,6.51,5.91,5.22,0.6,,,
8/5/96,6.53,5.93,5.22,0.6,,,
8/6/96,6.54,5.93,5.22,0.61,,,
8/7/96,6.55,5.97,5.22,0.58,,,
8/8/96,6.56,5.97,5.22,0.59,,,
8/9/96,6.5,5.93,5.22,0.57,,,
8/12/96,6.49,5.92,5.22,0.57,,,
8/13/96,6.57,5.97,5.22,0.6,,,
8/14/96,6.58,5.97,5.22,0.61,,,
8/15/96,6.62,6,5.22,0.62,,,
8/16/96,6.56,5.95,5.22,0.61,,,
8/19/96,6.59,5.97,5.22,0.62,,,
8/20/96,6.59,5.97,5.22,0.62,,,
8/21/96,6.61,5.99,5.22,0.62,,,
8/22/96,6.62,6,5.22,0.62,,,
8/23/96,6.72,6.09,5.22,0.63,,,
8/26/96,6.8,6.18,5.22,0.62,,,
8/27/96,6.78,6.17,5.22,0.61,,,
8/28/96,6.79,6.17,5.22,0.62,,,
8/29/96,6.86,6.23,5.22,0.63,,,
8/30/96,6.96,6.34,5.22,0.62,,,
9/2/96,6.96,6.34,5.3,0.62,,,
9/3/96,6.92,6.35,5.3,0.57,,,
9/4/96,6.94,6.38,5.3,0.56,,,
9/5/96,6.98,6.38,5.3,0.6,,,
9/6/96,6.94,6.33,5.3,0.61,,,
9/9/96,6.9,6.32,5.3,0.58,,,
9/10/96,6.94,6.34,5.3,0.6,,,
9/11/96,6.94,6.34,5.3,0.6,,,
9/12/96,6.88,6.27,5.3,0.61,,,
9/13/96,6.74,6.1,5.3,0.64,,,
9/16/96,6.73,6.14,5.3,0.59,,,
9/17/96,6.81,6.22,5.3,0.59,,,
9/18/96,6.83,6.26,5.3,0.57,,,
9/19/96,6.87,6.29,5.3,0.58,,,
9/20/96,6.85,6.26,5.3,0.59,,,
9/23/96,6.83,6.24,5.3,0.59,,,
9/24/96,6.77,6.16,5.3,0.61,,,
9/25/96,6.71,6.08,5.3,0.63,,,
9/26/96,6.66,6.05,5.3,0.61,,,
9/27/96,6.68,6.07,5.3,0.61,,,
9/30/96,6.72,6.1,5.3,0.62,,,
10/1/96,6.65,6.03,5.24,0.62,,,
10/2/96,6.61,5.98,5.24,0.63,,,
10/3/96,6.61,6,5.24,0.61,,,
10/4/96,6.48,5.85,5.24,0.63,,,
10/7/96,6.53,5.89,5.24,0.64,,,
10/8/96,6.53,5.9,5.24,0.63,,,
10/9/96,6.55,5.96,5.24,0.59,,,
10/10/96,6.61,6.01,5.24,0.6,,,
10/11/96,6.55,5.92,5.24,0.63,,,
10/14/96,6.55,5.92,5.24,0.63,,,
10/15/96,6.56,5.93,5.24,0.63,,,
10/16/96,6.57,5.94,5.24,0.63,,,
10/17/96,6.51,5.89,5.24,0.62,,,
10/18/96,6.5,5.89,5.24,0.61,,,
10/21/96,6.52,5.91,5.24,0.61,,,
10/22/96,6.56,5.95,5.24,0.61,,,
10/23/96,6.56,5.94,5.24,0.62,,,
10/24/96,6.57,5.94,5.24,0.63,,,
10/25/96,6.54,5.9,5.24,0.64,,,
10/28/96,6.56,5.92,5.24,0.64,,,
10/29/96,6.4,5.77,5.24,0.63,,,
10/30/96,6.4,5.79,5.24,0.61,,,
10/31/96,6.37,5.77,5.24,0.6,,,
11/1/96,6.38,5.79,5.31,0.59,,,
11/4/96,6.36,5.78,5.31,0.58,,,
11/5/96,6.28,5.74,5.31,0.54,,,
11/6/96,6.3,5.76,5.31,0.54,,,
11/7/96,6.26,5.75,5.31,0.51,,,
11/8/96,6.29,5.76,5.31,0.53,,,
11/11/96,6.29,5.76,5.31,0.53,,,
11/12/96,6.19,5.73,5.31,0.46,,,
11/13/96,6.2,5.71,5.31,0.49,,,
11/14/96,6.15,5.66,5.31,0.49,,,
11/15/96,6.19,5.68,5.31,0.51,,,
11/18/96,6.2,5.7,5.31,0.5,,,
11/19/96,6.17,5.68,5.31,0.49,,,
11/20/96,6.14,5.65,5.31,0.49,,,
11/21/96,6.15,5.67,5.31,0.48,,,
11/22/96,6.15,5.69,5.31,0.46,,,
11/25/96,6.13,5.67,5.31,0.46,,,
11/26/96,6.13,5.66,5.31,0.47,,,
11/27/96,6.14,5.66,5.31,0.48,,,
11/28/96,6.14,5.66,5.31,0.48,,,
11/29/96,6.06,5.59,5.31,0.47,,,
12/2/96,6.08,5.61,5.29,0.47,,,
12/3/96,6.06,5.61,5.29,0.45,,,
12/4/96,6.11,5.64,5.29,0.47,,,
12/5/96,6.22,5.71,5.29,0.51,,,
12/6/96,6.26,5.73,5.29,0.53,,,
12/9/96,6.21,5.7,5.29,0.51,,,
12/10/96,6.23,5.71,5.29,0.52,,,
12/11/96,6.38,5.82,5.29,0.56,,,
12/12/96,6.4,5.84,5.29,0.56,,,
12/13/96,6.33,5.77,5.29,0.56,,,
12/16/96,6.39,5.82,5.29,0.57,,,
12/17/96,6.42,5.87,5.29,0.55,,,
12/18/96,6.46,5.89,5.29,0.57,,,
12/19/96,6.36,5.83,5.29,0.53,,,
12/20/96,6.35,5.83,5.29,0.52,,,
12/23/96,6.34,5.85,5.29,0.49,,,
12/24/96,6.36,5.85,5.29,0.51,,,
12/25/96,6.36,5.85,5.29,0.51,,,
12/26/96,6.35,5.85,5.29,0.5,,,
12/27/96,6.3,5.81,5.29,0.49,,,
12/30/96,6.31,5.8,5.29,0.51,,,
12/31/96,6.43,5.88,5.29,0.55,,,
1/1/97,6.43,5.88,5.25,0.55,,,
1/2/97,6.54,5.97,5.25,0.57,,,
1/3/97,6.52,5.95,5.25,0.57,,,
1/6/97,6.54,5.97,5.25,0.57,,,
1/7/97,6.57,5.98,5.25,0.59,,,
1/8/97,6.6,6.01,5.25,0.59,,,
1/9/97,6.52,5.94,5.25,0.58,,,
1/10/97,6.63,6.06,5.25,0.57,,,
1/13/97,6.63,6.07,5.25,0.56,,,
1/14/97,6.53,5.98,5.25,0.55,,,
1/15/97,6.53,5.98,5.25,0.55,,,
1/16/97,6.57,6,5.25,0.57,,,
1/17/97,6.56,6,5.25,0.56,,,
1/20/97,6.56,6,5.25,0.56,,,
1/21/97,6.52,5.99,5.25,0.53,,,
1/22/97,6.56,6,5.25,0.56,,,
1/23/97,6.6,6.06,5.25,0.54,,,
1/24/97,6.64,6.07,5.25,0.57,,,
1/27/97,6.69,6.11,5.25,0.58,,,
1/28/97,6.64,6.04,5.25,0.6,,,
1/29/97,6.63,6.04,5.25,0.59,,,
1/30/97,6.61,6.01,5.25,0.6,,,
1/31/97,6.53,5.94,5.25,0.59,,,
2/3/97,6.47,5.89,5.19,0.58,,,
2/4/97,6.45,5.88,5.19,0.57,,,
2/5/97,6.47,5.91,5.19,0.56,,,
2/6/97,6.49,5.91,5.19,0.58,,,
2/7/97,6.43,5.86,5.19,0.57,,,
2/10/97,6.43,5.87,5.19,0.56,,,
2/11/97,6.43,5.88,5.19,0.55,,,
2/12/97,6.39,5.9,5.19,0.49,,,
2/13/97,6.32,5.83,5.19,0.49,,,
2/14/97,6.28,5.79,5.19,0.49,,,
2/17/97,6.28,5.79,5.19,0.49,,,
2/18/97,6.28,5.8,5.19,0.48,,,
2/19/97,6.3,5.82,5.19,0.48,,,
2/20/97,6.38,5.85,5.19,0.53,,,
2/21/97,6.36,5.85,5.19,0.51,,,
2/24/97,6.39,5.89,5.19,0.5,,,
2/25/97,6.4,5.9,5.19,0.5,,,
2/26/97,6.56,6.06,5.19,0.5,,,
2/27/97,6.58,6.09,5.19,0.49,,,
2/28/97,6.56,6.09,5.19,0.47,,,
3/3/97,6.58,6.11,5.39,0.47,,,
3/4/97,6.6,6.11,5.39,0.49,,,
3/5/97,6.6,6.13,5.39,0.47,,,
3/6/97,6.62,6.15,5.39,0.47,,,
3/7/97,6.57,6.1,5.39,0.47,,,
3/10/97,6.56,6.1,5.39,0.46,,,
3/11/97,6.57,6.09,5.39,0.48,,,
3/12/97,6.6,6.12,5.39,0.48,,,
3/13/97,6.72,6.21,5.39,0.51,,,
3/14/97,6.71,6.18,5.39,0.53,,,
3/17/97,6.72,6.22,5.39,0.5,,,
3/18/97,6.72,6.22,5.39,0.5,,,
3/19/97,6.74,6.24,5.39,0.5,,,
3/20/97,6.75,6.27,5.39,0.48,,,
3/21/97,6.74,6.29,5.39,0.45,,,
3/24/97,6.72,6.29,5.39,0.43,,,
3/25/97,6.75,6.33,5.39,0.42,,,
3/26/97,6.8,6.38,5.39,0.42,,,
3/27/97,6.9,6.45,5.39,0.45,,,
3/28/97,6.9,6.45,5.39,0.45,,,
3/31/97,6.92,6.45,5.39,0.47,,,
4/1/97,6.9,6.42,5.51,0.48,,,
4/2/97,6.88,6.42,5.51,0.46,,,
4/3/97,6.86,6.4,5.51,0.46,,,
4/4/97,6.92,6.44,5.51,0.48,,,
4/7/97,6.87,6.41,5.51,0.46,,,
4/8/97,6.91,6.44,5.51,0.47,,,
4/9/97,6.91,6.44,5.51,0.47,,,
4/10/97,6.91,6.46,5.51,0.45,,,
4/11/97,6.98,6.53,5.51,0.45,,,
4/14/97,6.98,6.54,5.51,0.44,,,
4/15/97,6.88,6.45,5.51,0.43,,,
4/16/97,6.9,6.49,5.51,0.41,,,
4/17/97,6.86,6.44,5.51,0.42,,,
4/18/97,6.84,6.42,5.51,0.42,,,
4/21/97,6.87,6.46,5.51,0.41,,,
4/22/97,6.84,6.43,5.51,0.41,,,
4/23/97,6.89,6.47,5.51,0.42,,,
4/24/97,6.93,6.52,5.51,0.41,,,
4/25/97,6.94,6.54,5.51,0.4,,,
4/28/97,6.92,6.51,5.51,0.41,,,
4/29/97,6.77,6.34,5.51,0.43,,,
4/30/97,6.72,6.29,5.51,0.43,,,
5/1/97,6.69,6.27,5.5,0.42,,,
5/2/97,6.68,6.26,5.5,0.42,,,
5/5/97,6.67,6.28,5.5,0.39,,,
5/6/97,6.67,6.29,5.5,0.38,,,
5/7/97,6.76,6.36,5.5,0.4,,,
5/8/97,6.72,6.33,5.5,0.39,,,
5/9/97,6.67,6.24,5.5,0.43,,,
5/12/97,6.65,6.23,5.5,0.42,,,
5/13/97,6.71,6.3,5.5,0.41,,,
5/14/97,6.68,6.26,5.5,0.42,,,
5/15/97,6.67,6.25,5.5,0.42,,,
5/16/97,6.7,6.28,5.5,0.42,,,
5/19/97,6.71,6.28,5.5,0.43,,,
5/20/97,6.7,6.25,5.5,0.45,,,
5/21/97,6.74,6.25,5.5,0.49,,,
5/22/97,6.76,6.27,5.5,0.49,,,
5/23/97,6.74,6.25,5.5,0.49,,,
5/26/97,6.74,6.25,5.5,0.49,,,
5/27/97,6.79,6.3,5.5,0.49,,,
5/28/97,6.8,6.34,5.5,0.46,,,
5/29/97,6.75,6.3,5.5,0.45,,,
5/30/97,6.67,6.22,5.5,0.45,,,
6/2/97,6.66,6.23,5.56,0.43,,,
6/3/97,6.63,6.2,5.56,0.43,,,
6/4/97,6.62,6.2,5.56,0.42,,,
6/5/97,6.62,6.2,5.56,0.42,,,
6/6/97,6.51,6.12,5.56,0.39,,,
6/9/97,6.55,6.15,5.56,0.4,,,
6/10/97,6.57,6.17,5.56,0.4,,,
6/11/97,6.56,6.19,5.56,0.37,,,
6/12/97,6.48,6.07,5.56,0.41,,,
6/13/97,6.43,6.03,5.56,0.4,,,
6/16/97,6.4,6.02,5.56,0.38,,,
6/17/97,6.43,6.05,5.56,0.38,,,
6/18/97,6.4,6.02,5.56,0.38,,,
6/19/97,6.4,6.04,5.56,0.36,,,
6/20/97,6.37,6.02,5.56,0.35,,,
6/23/97,6.4,6.04,5.56,0.36,,,
6/24/97,6.42,6.03,5.56,0.39,,,
6/25/97,6.45,6.05,5.56,0.4,,,
6/26/97,6.5,6.05,5.56,0.45,,,
6/27/97,6.46,6.03,5.56,0.43,,,
6/30/97,6.51,6.08,5.56,0.43,,,
7/1/97,6.45,6.02,5.52,0.43,,,
7/2/97,6.42,6.02,5.52,0.4,,,
7/3/97,6.31,5.93,5.52,0.38,,,
7/4/97,6.31,5.93,5.52,0.38,,,
7/7/97,6.27,5.92,5.52,0.35,,,
7/8/97,6.27,5.92,5.52,0.35,,,
7/9/97,6.25,5.9,5.52,0.35,,,
7/10/97,6.26,5.91,5.52,0.35,,,
7/11/97,6.23,5.89,5.52,0.34,,,
7/14/97,6.26,5.94,5.52,0.32,,,
7/15/97,6.26,5.92,5.52,0.34,,,
7/16/97,6.2,5.87,5.52,0.33,,,
7/17/97,6.19,5.87,5.52,0.32,,,
7/18/97,6.24,5.91,5.52,0.33,,,
7/21/97,6.27,5.94,5.52,0.33,,,
7/22/97,6.15,5.9,5.52,0.25,,,
7/23/97,6.14,5.85,5.52,0.29,,,
7/24/97,6.16,5.87,5.52,0.29,,,
7/25/97,6.18,5.87,5.52,0.31,,,
7/28/97,6.16,5.86,5.52,0.3,,,
7/29/97,6.11,5.79,5.52,0.32,,,
7/30/97,6.05,5.76,5.52,0.29,,,
7/31/97,6.02,5.74,5.52,0.28,,,
8/1/97,6.2,5.89,5.54,0.31,,,
8/4/97,6.23,5.91,5.54,0.32,,,
8/5/97,6.23,5.93,5.54,0.3,,,
8/6/97,6.21,5.91,5.54,0.3,,,
8/7/97,6.24,5.93,5.54,0.31,,,
8/8/97,6.38,6.02,5.54,0.36,,,
8/11/97,6.36,5.99,5.54,0.37,,,
8/12/97,6.39,6,5.54,0.39,,,
8/13/97,6.36,5.95,5.54,0.41,,,
8/14/97,6.27,5.92,5.54,0.35,,,
8/15/97,6.27,5.87,5.54,0.4,,,
8/18/97,6.21,5.82,5.54,0.39,,,
8/19/97,6.21,5.85,5.54,0.36,,,
8/20/97,6.24,5.88,5.54,0.36,,,
8/21/97,6.3,5.95,5.54,0.35,,,
8/22/97,6.38,5.98,5.54,0.4,,,
8/25/97,6.39,6.01,5.54,0.38,,,
8/26/97,6.38,5.99,5.54,0.39,,,
8/27/97,6.38,6.01,5.54,0.37,,,
8/28/97,6.3,5.94,5.54,0.36,,,
8/29/97,6.34,5.97,5.54,0.37,,,
9/1/97,6.34,5.97,5.54,0.37,,,
9/2/97,6.31,5.94,5.54,0.37,,,
9/3/97,6.33,5.96,5.54,0.37,,,
9/4/97,6.33,5.98,5.54,0.35,,,
9/5/97,6.37,5.98,5.54,0.39,,,
9/8/97,6.33,5.98,5.54,0.35,,,
9/9/97,6.34,5.98,5.54,0.36,,,
9/10/97,6.37,6,5.54,0.37,,,
9/11/97,6.39,6,5.54,0.39,,,
9/12/97,6.29,5.93,5.54,0.36,,,
9/15/97,6.28,5.93,5.54,0.35,,,
9/16/97,6.11,5.81,5.54,0.3,,,
9/17/97,6.1,5.79,5.54,0.31,,,
9/18/97,6.11,5.81,5.54,0.3,,,
9/19/97,6.09,5.81,5.54,0.28,,,
9/22/97,6.06,5.79,5.54,0.27,,,
9/23/97,6.1,5.8,5.54,0.3,,,
9/24/97,6.04,5.78,5.54,0.26,,,
9/25/97,6.13,5.85,5.54,0.28,,,
9/26/97,6.08,5.8,5.54,0.28,,,
9/29/97,6.1,5.8,5.54,0.3,,,
9/30/97,6.12,5.8,5.54,0.32,,,
10/1/97,6.04,5.75,5.5,0.29,,,
10/2/97,6.01,5.73,5.5,0.28,,,
10/3/97,6.01,5.72,5.5,0.29,,,
10/6/97,5.96,5.68,5.5,0.28,,,
10/7/97,5.94,5.67,5.5,0.27,,,
10/8/97,6.08,5.79,5.5,0.29,,,
10/9/97,6.09,5.8,5.5,0.29,,,
10/10/97,6.15,5.86,5.5,0.29,,,
10/13/97,6.15,5.86,5.5,0.29,,,
10/14/97,6.07,5.81,5.5,0.26,,,
10/15/97,6.1,5.84,5.5,0.26,,,
10/16/97,6.09,5.84,5.5,0.25,,,
10/17/97,6.17,5.91,5.5,0.26,,,
10/20/97,6.15,5.9,5.5,0.25,,,
10/21/97,6.14,5.92,5.5,0.22,,,
10/22/97,6.12,5.91,5.5,0.21,,,
10/23/97,6.04,5.79,5.5,0.25,,,
10/24/97,6.01,5.79,5.5,0.22,,,
10/27/97,5.91,5.62,5.5,0.29,,,
10/28/97,5.98,5.74,5.5,0.24,,,
10/29/97,5.91,5.67,5.5,0.24,,,
10/30/97,5.84,5.61,5.5,0.23,,,
10/31/97,5.84,5.63,5.5,0.21,,,
11/3/97,5.91,5.69,5.52,0.22,,,
11/4/97,5.95,5.73,5.52,0.22,,,
11/5/97,5.95,5.73,5.52,0.22,,,
11/6/97,5.9,5.7,5.52,0.2,,,
11/7/97,5.9,5.71,5.52,0.19,,,
11/10/97,5.91,5.73,5.52,0.18,,,
11/11/97,5.91,5.73,5.52,0.18,,,
11/12/97,5.89,5.7,5.52,0.19,,,
11/13/97,5.87,5.7,5.52,0.17,,,
11/14/97,5.86,5.7,5.52,0.16,,,
11/17/97,5.85,5.7,5.52,0.15,,,
11/18/97,5.85,5.71,5.52,0.14,,,
11/19/97,5.82,5.7,5.52,0.12,,,
11/20/97,5.84,5.73,5.52,0.11,,,
11/21/97,5.82,5.68,5.52,0.14,,,
11/24/97,5.86,5.71,5.52,0.15,,,
11/25/97,5.85,5.71,5.52,0.14,,,
11/26/97,5.86,5.74,5.52,0.12,,,
11/27/97,5.86,5.74,5.52,0.12,,,
11/28/97,5.86,5.76,5.52,0.1,,,
12/1/97,5.86,5.78,5.5,0.08,,,
12/2/97,5.86,5.78,5.5,0.08,,,
12/3/97,5.83,5.74,5.5,0.09,,,
12/4/97,5.84,5.71,5.5,0.13,,,
12/5/97,5.92,5.8,5.5,0.12,,,
12/8/97,5.96,5.85,5.5,0.11,,,
12/9/97,5.95,5.81,5.5,0.14,,,
12/10/97,5.9,5.75,5.5,0.15,,,
12/11/97,5.82,5.68,5.5,0.14,,,
12/12/97,5.74,5.63,5.5,0.11,,,
12/15/97,5.78,5.68,5.5,0.1,,,
12/16/97,5.77,5.68,5.5,0.09,,,
12/17/97,5.81,5.7,5.5,0.11,,,
12/18/97,5.76,5.68,5.5,0.08,,,
12/19/97,5.72,5.66,5.5,0.06,,,
12/22/97,5.72,5.69,5.5,0.03,,,
12/23/97,5.73,5.69,5.5,0.04,,,
12/24/97,5.76,5.67,5.5,0.09,,,
12/25/97,5.76,5.67,5.5,0.09,,,
12/26/97,5.75,5.69,5.5,0.06,,,
12/29/97,5.76,5.69,5.5,0.07,,,
12/30/97,5.8,5.71,5.5,0.09,,,
12/31/97,5.75,5.66,5.5,0.09,,,
1/1/98,5.75,5.66,5.56,0.09,,,
1/2/98,5.67,5.59,5.56,0.08,,,
1/5/98,5.52,5.47,5.56,0.05,,,
1/6/98,5.49,5.39,5.56,0.1,,,
1/7/98,5.55,5.42,5.56,0.13,,,
1/8/98,5.49,5.31,5.56,0.18,,,
1/9/98,5.4,5.17,5.56,0.23,,,
1/12/98,5.39,5.2,5.56,0.19,,,
1/13/98,5.41,5.25,5.56,0.16,,,
1/14/98,5.45,5.29,5.56,0.16,,,
1/15/98,5.48,5.29,5.56,0.19,,,
1/16/98,5.54,5.35,5.56,0.19,,,
1/19/98,5.54,5.35,5.56,0.19,,,
1/20/98,5.57,5.37,5.56,0.2,,,
1/21/98,5.54,5.33,5.56,0.21,,,
1/22/98,5.56,5.3,5.56,0.26,,,
1/23/98,5.7,5.42,5.56,0.28,,,
1/26/98,5.63,5.39,5.56,0.24,,,
1/27/98,5.7,5.46,5.56,0.24,,,
1/28/98,5.69,5.46,5.56,0.23,,,
1/29/98,5.58,5.36,5.56,0.22,,,
1/30/98,5.53,5.32,5.56,0.21,,,
2/2/98,5.57,5.36,5.51,0.21,,,
2/3/98,5.56,5.34,5.51,0.22,,,
2/4/98,5.57,5.32,5.51,0.25,,,
2/5/98,5.62,5.36,5.51,0.26,,,
2/6/98,5.62,5.38,5.51,0.24,,,
2/9/98,5.65,5.41,5.51,0.24,,,
2/10/98,5.64,5.41,5.51,0.23,,,
2/11/98,5.53,5.39,5.51,0.14,,,
2/12/98,5.52,5.39,5.51,0.13,,,
2/13/98,5.49,5.36,5.51,0.13,,,
2/16/98,5.49,5.36,5.51,0.13,,,
2/17/98,5.44,5.34,5.51,0.1,,,
2/18/98,5.49,5.37,5.51,0.12,,,
2/19/98,5.51,5.39,5.51,0.12,,,
2/20/98,5.54,5.41,5.51,0.13,,,
2/23/98,5.58,5.46,5.51,0.12,,,
2/24/98,5.69,5.57,5.51,0.12,,,
2/25/98,5.63,5.55,5.51,0.08,,,
2/26/98,5.65,5.58,5.51,0.07,,,
2/27/98,5.62,5.55,5.51,0.07,,,
3/2/98,5.72,5.6,5.49,0.12,,,
3/3/98,5.77,5.64,5.49,0.13,,,
3/4/98,5.76,5.63,5.49,0.13,,,
3/5/98,5.78,5.62,5.49,0.16,,,
3/6/98,5.73,5.58,5.49,0.15,,,
3/9/98,5.67,5.57,5.49,0.1,,,
3/10/98,5.67,5.55,5.49,0.12,,,
3/11/98,5.63,5.53,5.49,0.1,,,
3/12/98,5.56,5.5,5.49,0.06,,,
3/13/98,5.58,5.5,5.49,0.08,,,
3/16/98,5.54,5.47,5.49,0.07,,,
3/17/98,5.56,5.5,5.49,0.06,,,
3/18/98,5.58,5.52,5.49,0.06,,,
3/19/98,5.58,5.52,5.49,0.06,,,
3/20/98,5.57,5.52,5.49,0.05,,,
3/23/98,5.57,5.52,5.49,0.05,,,
3/24/98,5.58,5.5,5.49,0.08,,,
3/25/98,5.64,5.58,5.49,0.06,,,
3/26/98,5.68,5.62,5.49,0.06,,,
3/27/98,5.68,5.63,5.49,0.05,,,
3/30/98,5.72,5.65,5.49,0.07,,,
3/31/98,5.67,5.6,5.49,0.07,,,
4/1/98,5.62,5.55,5.45,0.07,,,
4/2/98,5.56,5.52,5.45,0.04,,,
4/3/98,5.47,5.42,5.45,0.05,,,
4/6/98,5.51,5.45,5.45,0.06,,,
4/7/98,5.53,5.45,5.45,0.08,,,
4/8/98,5.58,5.49,5.45,0.09,,,
4/9/98,5.59,5.5,5.45,0.09,,,
4/10/98,5.59,5.5,5.45,0.09,,,
4/13/98,5.66,5.59,5.45,0.07,,,
4/14/98,5.63,5.57,5.45,0.06,,,
4/15/98,5.6,5.55,5.45,0.05,,,
4/16/98,5.59,5.53,5.45,0.06,,,
4/17/98,5.59,5.54,5.45,0.05,,,
4/20/98,5.65,5.57,5.45,0.08,,,
4/21/98,5.68,5.6,5.45,0.08,,,
4/22/98,5.68,5.6,5.45,0.08,,,
4/23/98,5.69,5.61,5.45,0.08,,,
4/24/98,5.67,5.61,5.45,0.06,,,
4/27/98,5.8,5.71,5.45,0.09,,,
4/28/98,5.8,5.69,5.45,0.11,,,
4/29/98,5.81,5.71,5.45,0.1,,,
4/30/98,5.68,5.59,5.45,0.09,,,
5/1/98,5.67,5.59,5.49,0.08,,,
5/4/98,5.67,5.59,5.49,0.08,,,
5/5/98,5.7,5.61,5.49,0.09,,,
5/6/98,5.67,5.56,5.49,0.11,,,
5/7/98,5.67,5.56,5.49,0.11,,,
5/8/98,5.71,5.61,5.49,0.1,,,
5/11/98,5.79,5.66,5.49,0.13,,,
5/12/98,5.7,5.59,5.49,0.11,,,
5/13/98,5.64,5.59,5.49,0.05,,,
5/14/98,5.67,5.63,5.49,0.04,,,
5/15/98,5.68,5.63,5.49,0.05,,,
5/18/98,5.64,5.59,5.49,0.05,,,
5/19/98,5.65,5.59,5.49,0.06,,,
5/20/98,5.61,5.57,5.49,0.04,,,
5/21/98,5.65,5.63,5.49,0.02,,,
5/22/98,5.64,5.63,5.49,0.01,,,
5/25/98,5.64,5.63,5.49,0.01,,,
5/26/98,5.59,5.61,5.49,-0.02,,,
5/27/98,5.56,5.53,5.49,0.03,,,
5/28/98,5.58,5.57,5.49,0.01,,,
5/29/98,5.56,5.53,5.49,0.03,,,
6/1/98,5.53,5.52,5.56,0.01,,,
6/2/98,5.56,5.53,5.56,0.03,,,
6/3/98,5.57,5.55,5.56,0.02,,,
6/4/98,5.59,5.58,5.56,0.01,,,
6/5/98,5.58,5.58,5.56,0,,,
6/8/98,5.58,5.58,5.56,0,,,
6/9/98,5.59,5.6,5.56,-0.01,,,
6/10/98,5.51,5.55,5.56,-0.04,,,
6/11/98,5.44,5.45,5.56,-0.01,,,
6/12/98,5.43,5.43,5.56,0,,,
6/15/98,5.38,5.43,5.56,-0.05,,,
6/16/98,5.45,5.5,5.56,-0.05,,,
6/17/98,5.54,5.55,5.56,-0.01,,,
6/18/98,5.5,5.53,5.56,-0.03,,,
6/19/98,5.47,5.52,5.56,-0.05,,,
6/22/98,5.46,5.52,5.56,-0.06,,,
6/23/98,5.45,5.49,5.56,-0.04,,,
6/24/98,5.46,5.49,5.56,-0.03,,,
6/25/98,5.46,5.53,5.56,-0.07,,,
6/26/98,5.46,5.51,5.56,-0.05,,,
6/29/98,5.47,5.51,5.56,-0.04,,,
6/30/98,5.44,5.49,5.56,-0.05,,,
7/1/98,5.44,5.46,5.54,-0.02,,,
7/2/98,5.42,5.44,5.54,-0.02,,,
7/3/98,5.42,5.44,5.54,-0.02,,,
7/6/98,5.39,5.43,5.54,-0.04,,,
7/7/98,5.42,5.44,5.54,-0.02,,,
7/8/98,5.43,5.44,5.54,-0.01,,,
7/9/98,5.41,5.43,5.54,-0.02,,,
7/10/98,5.42,5.41,5.54,0.01,,,
7/13/98,5.46,5.44,5.54,0.02,,,
7/14/98,5.49,5.46,5.54,0.03,,,
7/15/98,5.48,5.46,5.54,0.02,,,
7/16/98,5.5,5.46,5.54,0.04,,,
7/17/98,5.51,5.46,5.54,0.05,,,
7/20/98,5.48,5.46,5.54,0.02,,,
7/21/98,5.45,5.46,5.54,-0.01,,,
7/22/98,5.46,5.48,5.54,-0.02,,,
7/23/98,5.45,5.46,5.54,-0.01,,,
7/24/98,5.45,5.48,5.54,-0.03,,,
7/27/98,5.47,5.48,5.54,-0.01,,,
7/28/98,5.5,5.46,5.54,0.04,,,
7/29/98,5.52,5.49,5.54,0.03,,,
7/30/98,5.5,5.49,5.54,0.01,,,
7/31/98,5.5,5.49,5.54,0.01,,,
8/3/98,5.46,5.46,5.55,0,,,
8/4/98,5.43,5.43,5.55,0,,,
8/5/98,5.43,5.39,5.55,0.04,,,
8/6/98,5.44,5.39,5.55,0.05,,,
8/7/98,5.4,5.34,5.55,0.06,,,
8/10/98,5.41,5.34,5.55,0.07,,,
8/11/98,5.37,5.31,5.55,0.06,,,
8/12/98,5.4,5.32,5.55,0.08,,,
8/13/98,5.44,5.37,5.55,0.07,,,
8/14/98,5.4,5.34,5.55,0.06,,,
8/17/98,5.4,5.34,5.55,0.06,,,
8/18/98,5.41,5.36,5.55,0.05,,,
8/19/98,5.42,5.34,5.55,0.08,,,
8/20/98,5.38,5.32,5.55,0.06,,,
8/21/98,5.32,5.25,5.55,0.07,,,
8/24/98,5.3,5.22,5.55,0.08,,,
8/25/98,5.25,5.18,5.55,0.07,,,
8/26/98,5.26,5.12,5.55,0.14,,,
8/27/98,5.12,4.98,5.55,0.14,,,
8/28/98,5.09,4.93,5.55,0.16,,,
8/31/98,5.05,4.91,5.55,0.14,,,
9/1/98,5.05,4.86,5.51,0.19,,,
9/2/98,5.1,4.96,5.51,0.14,,,
9/3/98,5.03,4.91,5.51,0.12,,,
9/4/98,5.02,4.91,5.51,0.11,,,
9/7/98,5.02,4.91,5.51,0.11,,,
9/8/98,5.04,4.91,5.51,0.13,,,
9/9/98,4.95,4.79,5.51,0.16,,,
9/10/98,4.76,4.57,5.51,0.19,,,
9/11/98,4.85,4.68,5.51,0.17,,,
9/14/98,4.87,4.72,5.51,0.15,,,
9/15/98,4.9,4.73,5.51,0.17,,,
9/16/98,4.88,4.75,5.51,0.13,,,
9/17/98,4.8,4.7,5.51,0.1,,,
9/18/98,4.7,4.61,5.51,0.09,,,
9/21/98,4.69,4.63,5.51,0.06,,,
9/22/98,4.73,4.66,5.51,0.07,,,
9/23/98,4.69,4.52,5.51,0.17,,,
9/24/98,4.64,4.43,5.51,0.21,,,
9/25/98,4.6,4.43,5.51,0.17,,,
9/28/98,4.61,4.45,5.51,0.16,,,
9/29/98,4.59,4.47,5.51,0.12,,,
9/30/98,4.44,4.3,5.51,0.14,,,
10/1/98,4.33,4.17,5.07,0.16,,,
10/2/98,4.31,4.17,5.07,0.14,,,
10/5/98,4.16,4.04,5.07,0.12,,,
10/6/98,4.24,4.1,5.07,0.14,,,
10/7/98,4.34,4.12,5.07,0.22,,,
10/8/98,4.56,4.1,5.07,0.46,,,
10/9/98,4.77,4.19,5.07,0.58,,,
10/12/98,4.77,4.19,5.07,0.58,,,
10/13/98,4.73,4.13,5.07,0.6,,,
10/14/98,4.58,4.08,5.07,0.5,,,
10/15/98,4.58,4.13,5.07,0.45,,,
10/16/98,4.44,3.86,5.07,0.58,,,
10/19/98,4.47,3.9,5.07,0.57,,,
10/20/98,4.57,3.98,5.07,0.59,,,
10/21/98,4.59,4.12,5.07,0.47,,,
10/22/98,4.62,4.16,5.07,0.46,,,
10/23/98,4.7,4.2,5.07,0.5,,,
10/26/98,4.73,4.23,5.07,0.5,,,
10/27/98,4.63,4.12,5.07,0.51,,,
10/28/98,4.6,4.01,5.07,0.59,,,
10/29/98,4.54,4,5.07,0.54,,,
10/30/98,4.64,4.12,5.07,0.52,,,
11/2/98,4.77,4.26,4.83,0.51,,,
11/3/98,4.78,4.25,4.83,0.53,,,
11/4/98,4.83,4.43,4.83,0.4,,,
11/5/98,4.82,4.47,4.83,0.35,,,
11/6/98,4.93,4.59,4.83,0.34,,,
11/9/98,4.88,4.57,4.83,0.31,,,
11/10/98,4.81,4.5,4.83,0.31,,,
11/11/98,4.81,4.5,4.83,0.31,,,
11/12/98,4.77,4.47,4.83,0.3,,,
11/13/98,4.82,4.54,4.83,0.28,,,
11/16/98,4.85,4.56,4.83,0.29,,,
11/17/98,4.87,4.58,4.83,0.29,,,
11/18/98,4.85,4.63,4.83,0.22,,,
11/19/98,4.85,4.66,4.83,0.19,,,
11/20/98,4.82,4.66,4.83,0.16,,,
11/23/98,4.84,4.63,4.83,0.21,,,
11/24/98,4.85,4.64,4.83,0.21,,,
11/25/98,4.83,4.66,4.83,0.17,,,
11/26/98,4.83,4.66,4.83,0.17,,,
11/27/98,4.81,4.62,4.83,0.19,,,
11/30/98,4.74,4.54,4.83,0.2,,,
12/1/98,4.67,4.44,4.68,0.23,,,
12/2/98,4.59,4.36,4.68,0.23,,,
12/3/98,4.58,4.36,4.68,0.22,,,
12/4/98,4.62,4.46,4.68,0.16,,,
12/7/98,4.69,4.54,4.68,0.15,,,
12/8/98,4.6,4.46,4.68,0.14,,,
12/9/98,4.56,4.42,4.68,0.14,,,
12/10/98,4.53,4.39,4.68,0.14,,,
12/11/98,4.61,4.46,4.68,0.15,,,
12/14/98,4.58,4.42,4.68,0.16,,,
12/15/98,4.62,4.47,4.68,0.15,,,
12/16/98,4.58,4.4,4.68,0.18,,,
12/17/98,4.58,4.42,4.68,0.16,,,
12/18/98,4.58,4.45,4.68,0.13,,,
12/21/98,4.64,4.56,4.68,0.08,,,
12/22/98,4.7,4.59,4.68,0.11,,,
12/23/98,4.81,4.73,4.68,0.08,,,
12/24/98,4.86,4.78,4.68,0.08,,,
12/25/98,4.86,4.78,4.68,0.08,,,
12/28/98,4.78,4.73,4.68,0.05,,,
12/29/98,4.71,4.6,4.68,0.11,,,
12/30/98,4.65,4.56,4.68,0.09,,,
12/31/98,4.65,4.54,4.68,0.11,,,
1/1/99,4.65,4.54,4.63,0.11,,,
1/4/99,4.69,4.58,4.63,0.11,,,
1/5/99,4.74,4.64,4.63,0.1,,,
1/6/99,4.73,4.62,4.63,0.11,,,
1/7/99,4.77,4.63,4.63,0.14,,,
1/8/99,4.86,4.71,4.63,0.15,,,
1/11/99,4.9,4.74,4.63,0.16,,,
1/12/99,4.82,4.68,4.63,0.14,,,
1/13/99,4.74,4.61,4.63,0.13,,,
1/14/99,4.63,4.47,4.63,0.16,,,
1/15/99,4.66,4.56,4.63,0.1,,,
1/18/99,4.66,4.56,4.63,0.1,,,
1/19/99,4.71,4.62,4.63,0.09,,,
1/20/99,4.76,4.66,4.63,0.1,,,
1/21/99,4.7,4.63,4.63,0.07,,,
1/22/99,4.64,4.59,4.63,0.05,,,
1/25/99,4.67,4.59,4.63,0.08,,,
1/26/99,4.69,4.63,4.63,0.06,,,
1/27/99,4.68,4.57,4.63,0.11,,,
1/28/99,4.67,4.58,4.63,0.09,,,
1/29/99,4.66,4.58,4.63,0.08,,,
2/1/99,4.75,4.65,4.76,0.1,,,
2/2/99,4.79,4.7,4.76,0.09,,,
2/3/99,4.83,4.72,4.76,0.11,,,
2/4/99,4.89,4.77,4.76,0.12,,,
2/5/99,4.94,4.8,4.76,0.14,,,
2/8/99,4.94,4.8,4.76,0.14,,,
2/9/99,4.91,4.79,4.76,0.12,,,
2/10/99,4.9,4.77,4.76,0.13,,,
2/11/99,4.93,4.8,4.76,0.13,,,
2/12/99,5.06,4.91,4.76,0.15,,,
2/15/99,5.06,4.91,4.76,0.15,,,
2/16/99,5.03,4.93,4.76,0.1,,,
2/17/99,4.98,4.89,4.76,0.09,,,
2/18/99,5.04,4.93,4.76,0.11,,,
2/19/99,5.07,4.95,4.76,0.12,,,
2/22/99,5.03,4.91,4.76,0.12,,,
2/23/99,5.1,5,4.76,0.1,,,
2/24/99,5.18,5.05,4.76,0.13,,,
2/25/99,5.32,5.15,4.76,0.17,,,
2/26/99,5.29,5.13,4.76,0.16,,,
3/1/99,5.4,5.2,4.81,0.2,,,
3/2/99,5.35,5.18,4.81,0.17,,,
3/3/99,5.39,5.19,4.81,0.2,,,
3/4/99,5.41,5.2,4.81,0.21,,,
3/5/99,5.34,5.14,4.81,0.2,,,
3/8/99,5.29,5.12,4.81,0.17,,,
3/9/99,5.18,5.02,4.81,0.16,,,
3/10/99,5.2,5.04,4.81,0.16,,,
3/11/99,5.21,5.05,4.81,0.16,,,
3/12/99,5.16,5,4.81,0.16,,,
3/15/99,5.15,4.99,4.81,0.16,,,
3/16/99,5.11,4.97,4.81,0.14,,,
3/17/99,5.14,5.01,4.81,0.13,,,
3/18/99,5.11,4.99,4.81,0.12,,,
3/19/99,5.17,5.04,4.81,0.13,,,
3/22/99,5.21,5.08,4.81,0.13,,,
3/23/99,5.2,5.03,4.81,0.17,,,
3/24/99,5.17,4.98,4.81,0.19,,,
3/25/99,5.21,5.02,4.81,0.19,,,
3/26/99,5.21,4.99,4.81,0.22,,,
3/29/99,5.28,5.02,4.81,0.26,,,
3/30/99,5.21,4.97,4.81,0.24,,,
3/31/99,5.25,4.99,4.81,0.26,,,
4/1/99,5.27,5.01,4.74,0.26,,,
4/2/99,5.2,4.96,4.74,0.24,,,
4/5/99,5.2,4.96,4.74,0.24,,,
4/6/99,5.13,4.93,4.74,0.2,,,
4/7/99,5.14,4.93,4.74,0.21,,,
4/8/99,5.03,4.86,4.74,0.17,,,
4/9/99,5.05,4.88,4.74,0.17,,,
4/12/99,5.06,4.93,4.74,0.13,,,
4/13/99,5.12,4.94,4.74,0.18,,,
4/14/99,5.13,4.95,4.74,0.18,,,
4/15/99,5.18,4.97,4.74,0.21,,,
4/16/99,5.23,5.02,4.74,0.21,,,
4/19/99,5.18,4.99,4.74,0.19,,,
4/20/99,5.16,4.95,4.74,0.21,,,
4/21/99,5.17,4.99,4.74,0.18,,,
4/22/99,5.25,5.05,4.74,0.2,,,
4/23/99,5.26,5.04,4.74,0.22,,,
4/26/99,5.23,5.04,4.74,0.19,,,
4/27/99,5.22,5.04,4.74,0.18,,,
4/28/99,5.27,5.02,4.74,0.25,,,
4/29/99,5.22,4.95,4.74,0.27,,,
4/30/99,5.36,5.08,4.74,0.28,,,
5/3/99,5.38,5.08,4.74,0.3,,,
5/4/99,5.42,5.12,4.74,0.3,,,
5/5/99,5.4,5.09,4.74,0.31,,,
5/6/99,5.52,5.19,4.74,0.33,,,
5/7/99,5.54,5.19,4.74,0.35,,,
5/10/99,5.54,5.15,4.74,0.39,,,
5/11/99,5.59,5.19,4.74,0.4,,,
5/12/99,5.51,5.19,4.74,0.32,,,
5/13/99,5.41,5.12,4.74,0.29,,,
5/14/99,5.62,5.3,4.74,0.32,,,
5/17/99,5.66,5.31,4.74,0.35,,,
5/18/99,5.68,5.38,4.74,0.3,,,
5/19/99,5.6,5.37,4.74,0.23,,,
5/20/99,5.6,5.35,4.74,0.25,,,
5/21/99,5.52,5.3,4.74,0.22,,,
5/24/99,5.5,5.28,4.74,0.22,,,
5/25/99,5.49,5.3,4.74,0.19,,,
5/26/99,5.55,5.33,4.74,0.22,,,
5/27/99,5.62,5.43,4.74,0.19,,,
5/28/99,5.64,5.42,4.74,0.22,,,
5/31/99,5.64,5.42,4.74,0.22,,,
6/1/99,5.78,5.54,4.76,0.24,,,
6/2/99,5.8,5.55,4.76,0.25,,,
6/3/99,5.8,5.54,4.76,0.26,,,
6/4/99,5.82,5.56,4.76,0.26,,,
6/7/99,5.81,5.56,4.76,0.25,,,
6/8/99,5.83,5.57,4.76,0.26,,,
6/9/99,5.87,5.61,4.76,0.26,,,
6/10/99,5.92,5.66,4.76,0.26,,,
6/11/99,6.02,5.7,4.76,0.32,,,
6/14/99,5.98,5.66,4.76,0.32,,,
6/15/99,5.98,5.66,4.76,0.32,,,
6/16/99,5.94,5.61,4.76,0.33,,,
6/17/99,5.79,5.49,4.76,0.3,,,
6/18/99,5.84,5.56,4.76,0.28,,,
6/21/99,5.9,5.62,4.76,0.28,,,
6/22/99,5.94,5.65,4.76,0.29,,,
6/23/99,6,5.7,4.76,0.3,,,
6/24/99,6.05,5.75,4.76,0.3,,,
6/25/99,6.02,5.73,4.76,0.29,,,
6/28/99,5.96,5.68,4.76,0.28,,,
6/29/99,5.93,5.68,4.76,0.25,,,
6/30/99,5.81,5.53,4.76,0.28,,,
7/1/99,5.85,5.58,4.99,0.27,,,
7/2/99,5.82,5.58,4.99,0.24,,,
7/5/99,5.82,5.58,4.99,0.24,,,
7/6/99,5.88,5.64,4.99,0.24,,,
7/7/99,5.92,5.64,4.99,0.28,,,
7/8/99,5.85,5.59,4.99,0.26,,,
7/9/99,5.84,5.61,4.99,0.23,,,
7/12/99,5.74,5.53,4.99,0.21,,,
7/13/99,5.71,5.5,4.99,0.21,,,
7/14/99,5.74,5.55,4.99,0.19,,,
7/15/99,5.72,5.53,4.99,0.19,,,
7/16/99,5.68,5.5,4.99,0.18,,,
7/19/99,5.66,5.46,4.99,0.2,,,
7/20/99,5.65,5.43,4.99,0.22,,,
7/21/99,5.66,5.45,4.99,0.21,,,
7/22/99,5.78,5.52,4.99,0.26,,,
7/23/99,5.84,5.58,4.99,0.26,,,
7/26/99,5.86,5.61,4.99,0.25,,,
7/27/99,5.82,5.56,4.99,0.26,,,
7/28/99,5.81,5.54,4.99,0.27,,,
7/29/99,5.88,5.62,4.99,0.26,,,
7/30/99,5.92,5.63,4.99,0.29,,,
8/2/99,5.92,5.65,5.07,0.27,,,
8/3/99,5.95,5.65,5.07,0.3,,,
8/4/99,5.96,5.64,5.07,0.32,,,
8/5/99,5.88,5.55,5.07,0.33,,,
8/6/99,6.02,5.69,5.07,0.33,,,
8/9/99,6.13,5.79,5.07,0.34,,,
8/10/99,6.16,5.79,5.07,0.37,,,
8/11/99,6.05,5.76,5.07,0.29,,,
8/12/99,6.08,5.78,5.07,0.3,,,
8/13/99,5.98,5.71,5.07,0.27,,,
8/16/99,5.98,5.75,5.07,0.23,,,
8/17/99,5.89,5.68,5.07,0.21,,,
8/18/99,5.88,5.66,5.07,0.22,,,
8/19/99,5.9,5.66,5.07,0.24,,,
8/20/99,5.88,5.65,5.07,0.23,,,
8/23/99,5.89,5.66,5.07,0.23,,,
8/24/99,5.85,5.65,5.07,0.2,,,
8/25/99,5.73,5.53,5.07,0.2,,,
8/26/99,5.75,5.56,5.07,0.19,,,
8/27/99,5.85,5.65,5.07,0.2,,,
8/30/99,5.95,5.73,5.07,0.22,,,
8/31/99,5.98,5.73,5.07,0.25,,,
9/1/99,5.99,5.74,5.22,0.25,,,
9/2/99,6.03,5.74,5.22,0.29,,,
9/3/99,5.89,5.64,5.22,0.25,,,
9/6/99,5.89,5.64,5.22,0.25,,,
9/7/99,5.95,5.69,5.22,0.26,,,
9/8/99,5.93,5.67,5.22,0.26,,,
9/9/99,5.97,5.71,5.22,0.26,,,
9/10/99,5.89,5.64,5.22,0.25,,,
9/13/99,5.92,5.66,5.22,0.26,,,
9/14/99,5.96,5.71,5.22,0.25,,,
9/15/99,5.94,5.67,5.22,0.27,,,
9/16/99,5.9,5.63,5.22,0.27,,,
9/17/99,5.87,5.63,5.22,0.24,,,
9/20/99,5.91,5.67,5.22,0.24,,,
9/21/99,5.94,5.67,5.22,0.27,,,
9/22/99,5.92,5.67,5.22,0.25,,,
9/23/99,5.87,5.63,5.22,0.24,,,
9/24/99,5.75,5.55,5.22,0.2,,,
9/27/99,5.83,5.62,5.22,0.21,,,
9/28/99,5.89,5.65,5.22,0.24,,,
9/29/99,5.97,5.68,5.22,0.29,,,
9/30/99,5.9,5.63,5.22,0.27,,,
10/1/99,6,5.73,5.2,0.27,,,
10/4/99,5.95,5.7,5.2,0.25,,,
10/5/99,6.02,5.78,5.2,0.24,,,
10/6/99,6.04,5.81,5.2,0.23,,,
10/7/99,6.05,5.82,5.2,0.23,,,
10/8/99,6.04,5.8,5.2,0.24,,,
10/11/99,6.04,5.8,5.2,0.24,,,
10/12/99,6.07,5.82,5.2,0.25,,,
10/13/99,6.12,5.87,5.2,0.25,,,
10/14/99,6.17,5.9,5.2,0.27,,,
10/15/99,6.09,5.82,5.2,0.27,,,
10/18/99,6.12,5.85,5.2,0.27,,,
10/19/99,6.18,5.92,5.2,0.26,,,
10/20/99,6.19,5.94,5.2,0.25,,,
10/21/99,6.2,5.93,5.2,0.27,,,
10/22/99,6.21,5.96,5.2,0.25,,,
10/25/99,6.22,5.98,5.2,0.24,,,
10/26/99,6.24,6.02,5.2,0.22,,,
10/27/99,6.19,5.94,5.2,0.25,,,
10/28/99,6.12,5.87,5.2,0.25,,,
10/29/99,6.02,5.79,5.2,0.23,,,
11/1/99,6.06,5.83,5.42,0.23,,,
11/2/99,6.04,5.81,5.42,0.23,,,
11/3/99,6.01,5.79,5.42,0.22,,,
11/4/99,5.95,5.74,5.42,0.21,,,
11/5/99,5.92,5.72,5.42,0.2,,,
11/8/99,5.95,5.74,5.42,0.21,,,
11/9/99,5.97,5.77,5.42,0.2,,,
11/10/99,6,5.81,5.42,0.19,,,
11/11/99,6,5.81,5.42,0.19,,,
11/12/99,5.93,5.78,5.42,0.15,,,
11/15/99,5.94,5.79,5.42,0.15,,,
11/16/99,5.97,5.85,5.42,0.12,,,
11/17/99,6.04,5.9,5.42,0.14,,,
11/18/99,6.06,5.9,5.42,0.16,,,
11/19/99,6.07,5.92,5.42,0.15,,,
11/22/99,6.09,5.95,5.42,0.14,,,
11/23/99,6.08,5.93,5.42,0.15,,,
11/24/99,6.09,5.97,5.42,0.12,,,
11/25/99,6.09,5.97,5.42,0.12,,,
11/26/99,6.12,5.99,5.42,0.13,,,
11/29/99,6.21,6.04,5.42,0.17,,,
11/30/99,6.18,6.01,5.42,0.17,,,
12/1/99,6.21,6.04,5.3,0.17,,,
12/2/99,6.24,6.06,5.3,0.18,,,
12/3/99,6.17,5.99,5.3,0.18,,,
12/6/99,6.16,5.98,5.3,0.18,,,
12/7/99,6.11,5.95,5.3,0.16,,,
12/8/99,6.15,5.98,5.3,0.17,,,
12/9/99,6.14,5.96,5.3,0.18,,,
12/10/99,6.08,5.93,5.3,0.15,,,
12/13/99,6.11,5.96,5.3,0.15,,,
12/14/99,6.22,6.07,5.3,0.15,,,
12/15/99,6.25,6.1,5.3,0.15,,,
12/16/99,6.31,6.15,5.3,0.16,,,
12/17/99,6.3,6.15,5.3,0.15,,,
12/20/99,6.36,6.21,5.3,0.15,,,
12/21/99,6.38,6.21,5.3,0.17,,,
12/22/99,6.39,6.24,5.3,0.15,,,
12/23/99,6.41,6.24,5.3,0.17,,,
12/24/99,6.41,6.24,5.3,0.17,,,
12/27/99,6.4,6.21,5.3,0.19,,,
12/28/99,6.43,6.23,5.3,0.2,,,
12/29/99,6.4,6.21,5.3,0.19,,,
12/30/99,6.39,6.19,5.3,0.2,,,
12/31/99,6.45,6.24,5.3,0.21,,,
1/3/00,6.58,6.38,5.45,0.2,,,
1/4/00,6.49,6.3,5.45,0.19,,,
1/5/00,6.62,6.38,5.45,0.24,,,
1/6/00,6.57,6.35,5.45,0.22,,,
1/7/00,6.52,6.31,5.45,0.21,,,
1/10/00,6.57,6.38,5.45,0.19,,,
1/11/00,6.67,6.45,5.45,0.22,,,
1/12/00,6.72,6.49,5.45,0.23,,,
1/13/00,6.63,6.4,5.45,0.23,,,
1/14/00,6.69,6.44,5.45,0.25,,,
1/17/00,6.69,6.44,5.45,0.25,,,
1/18/00,6.75,6.47,5.45,0.28,,,
1/19/00,6.73,6.46,5.45,0.27,,,
1/20/00,6.79,6.49,5.45,0.3,,,
1/21/00,6.79,6.48,5.45,0.31,,,
1/24/00,6.69,6.43,5.45,0.26,,,
1/25/00,6.7,6.44,5.45,0.26,,,
1/26/00,6.69,6.45,5.45,0.24,,,
1/27/00,6.68,6.51,5.45,0.17,,,
1/28/00,6.66,6.58,5.45,0.08,,,
1/31/00,6.68,6.61,5.45,0.07,,,
2/1/00,6.62,6.6,5.73,0.02,,,
2/2/00,6.6,6.63,5.73,-0.03,,,
2/3/00,6.49,6.56,5.73,-0.07,,,
2/4/00,6.53,6.63,5.73,-0.1,,,
2/7/00,6.64,6.68,5.73,-0.04,,,
2/8/00,6.59,6.69,5.73,-0.1,,,
2/9/00,6.56,6.69,5.73,-0.13,,,
2/10/00,6.67,6.67,5.73,0,,,
2/11/00,6.63,6.65,5.73,-0.02,,,
2/14/00,6.56,6.62,5.73,-0.06,,,
2/15/00,6.56,6.66,5.73,-0.1,,,
2/16/00,6.56,6.63,5.73,-0.07,,,
2/17/00,6.58,6.69,5.73,-0.11,,,
2/18/00,6.49,6.66,5.73,-0.17,,,
2/21/00,6.49,6.66,5.73,-0.17,,,
2/22/00,6.36,6.57,5.73,-0.21,,,
2/23/00,6.44,6.61,5.73,-0.17,,,
2/24/00,6.36,6.52,5.73,-0.16,,,
2/25/00,6.36,6.45,5.73,-0.09,,,
2/28/00,6.37,6.47,5.73,-0.1,,,
2/29/00,6.42,6.53,5.73,-0.11,,,
3/1/00,6.39,6.52,5.85,-0.13,,,
3/2/00,6.4,6.52,5.85,-0.12,,,
3/3/00,6.39,6.5,5.85,-0.11,,,
3/6/00,6.42,6.55,5.85,-0.13,,,
3/7/00,6.39,6.48,5.85,-0.09,,,
3/8/00,6.38,6.5,5.85,-0.12,,,
3/9/00,6.35,6.48,5.85,-0.13,,,
3/10/00,6.39,6.55,5.85,-0.16,,,
3/13/00,6.36,6.52,5.85,-0.16,,,
3/14/00,6.31,6.48,5.85,-0.17,,,
3/15/00,6.29,6.5,5.85,-0.21,,,
3/16/00,6.26,6.5,5.85,-0.24,,,
3/17/00,6.2,6.5,5.85,-0.3,,,
3/20/00,6.18,6.52,5.85,-0.34,,,
3/21/00,6.13,6.5,5.85,-0.37,,,
3/22/00,6.13,6.5,5.85,-0.37,,,
3/23/00,6.08,6.52,5.85,-0.44,,,
3/24/00,6.2,6.64,5.85,-0.44,,,
3/27/00,6.21,6.66,5.85,-0.45,,,
3/28/00,6.17,6.6,5.85,-0.43,,,
3/29/00,6.18,6.59,5.85,-0.41,,,
3/30/00,6.06,6.52,5.85,-0.46,,,
3/31/00,6.03,6.5,5.85,-0.47,,,
4/3/00,6,6.45,6.02,-0.45,,,
4/4/00,5.9,6.35,6.02,-0.45,,,
4/5/00,5.9,6.35,6.02,-0.45,,,
4/6/00,5.93,6.38,6.02,-0.45,,,
4/7/00,5.86,6.38,6.02,-0.52,,,
4/10/00,5.8,6.31,6.02,-0.51,,,
4/11/00,5.89,6.36,6.02,-0.47,,,
4/12/00,5.97,6.4,6.02,-0.43,,,
4/13/00,5.94,6.4,6.02,-0.46,,,
4/14/00,5.85,6.27,6.02,-0.42,,,
4/17/00,6.01,6.33,6.02,-0.32,,,
4/18/00,6.05,6.33,6.02,-0.28,,,
4/19/00,5.99,6.33,6.02,-0.34,,,
4/20/00,5.99,6.38,6.02,-0.39,,,
4/21/00,5.99,6.38,6.02,-0.39,,,
4/24/00,6,6.36,6.02,-0.36,,,
4/25/00,6.14,6.48,6.02,-0.34,,,
4/26/00,6.14,6.5,6.02,-0.36,,,
4/27/00,6.23,6.63,6.02,-0.4,,,
4/28/00,6.23,6.68,6.02,-0.45,,,
5/1/00,6.29,6.73,6.27,-0.44,,,
5/2/00,6.32,6.72,6.27,-0.4,,,
5/3/00,6.4,6.73,6.27,-0.33,,,
5/4/00,6.46,6.77,6.27,-0.31,,,
5/5/00,6.51,6.84,6.27,-0.33,,,
5/8/00,6.57,6.87,6.27,-0.3,,,
5/9/00,6.53,6.86,6.27,-0.33,,,
5/10/00,6.47,6.84,6.27,-0.37,,,
5/11/00,6.43,6.82,6.27,-0.39,,,
5/12/00,6.51,6.91,6.27,-0.4,,,
5/15/00,6.47,6.88,6.27,-0.41,,,
5/16/00,6.43,6.89,6.27,-0.46,,,
5/17/00,6.48,6.9,6.27,-0.42,,,
5/18/00,6.56,6.93,6.27,-0.37,,,
5/19/00,6.51,6.86,6.27,-0.35,,,
5/22/00,6.44,6.81,6.27,-0.37,,,
5/23/00,6.45,6.83,6.27,-0.38,,,
5/24/00,6.47,6.79,6.27,-0.32,,,
5/25/00,6.39,6.71,6.27,-0.32,,,
5/26/00,6.33,6.69,6.27,-0.36,,,
5/29/00,6.33,6.69,6.27,-0.36,,,
5/30/00,6.38,6.74,6.27,-0.36,,,
5/31/00,6.29,6.69,6.27,-0.4,,,
6/1/00,6.2,6.61,6.53,-0.41,,,
6/2/00,6.15,6.52,6.53,-0.37,,,
6/5/00,6.12,6.49,6.53,-0.37,,,
6/6/00,6.14,6.51,6.53,-0.37,,,
6/7/00,6.13,6.52,6.53,-0.39,,,
6/8/00,6.13,6.56,6.53,-0.43,,,
6/9/00,6.13,6.56,6.53,-0.43,,,
6/12/00,6.09,6.52,6.53,-0.43,,,
6/13/00,6.11,6.49,6.53,-0.38,,,
6/14/00,6.06,6.44,6.53,-0.38,,,
6/15/00,6.05,6.44,6.53,-0.39,,,
6/16/00,5.99,6.38,6.53,-0.39,,,
6/19/00,6,6.4,6.53,-0.4,,,
6/20/00,6.03,6.43,6.53,-0.4,,,
6/21/00,6.11,6.5,6.53,-0.39,,,
6/22/00,6.12,6.5,6.53,-0.38,,,
6/23/00,6.19,6.55,6.53,-0.36,,,
6/26/00,6.11,6.5,6.53,-0.39,,,
6/27/00,6.1,6.5,6.53,-0.4,,,
6/28/00,6.11,6.43,6.53,-0.32,,,
6/29/00,6.04,6.37,6.53,-0.33,,,
6/30/00,6.03,6.38,6.53,-0.35,,,
7/3/00,6,6.31,6.54,-0.31,,,
7/4/00,6,6.31,6.54,-0.31,,,
7/5/00,5.99,6.29,6.54,-0.3,,,
7/6/00,6.05,6.34,6.54,-0.29,,,
7/7/00,6.01,6.29,6.54,-0.28,,,
7/10/00,6.04,6.31,6.54,-0.27,,,
7/11/00,6.06,6.32,6.54,-0.26,,,
7/12/00,6.09,6.34,6.54,-0.25,,,
7/13/00,6.01,6.31,6.54,-0.3,,,
7/14/00,6.1,6.41,6.54,-0.31,,,
7/17/00,6.17,6.46,6.54,-0.29,,,
7/18/00,6.16,6.44,6.54,-0.28,,,
7/19/00,6.16,6.46,6.54,-0.3,,,
7/20/00,6.01,6.32,6.54,-0.31,,,
7/21/00,6.01,6.32,6.54,-0.31,,,
7/24/00,6.04,6.35,6.54,-0.31,,,
7/25/00,6.04,6.35,6.54,-0.31,,,
7/26/00,6.04,6.29,6.54,-0.25,,,
7/27/00,6.02,6.27,6.54,-0.25,,,
7/28/00,6.04,6.3,6.54,-0.26,,,
7/31/00,6.04,6.3,6.54,-0.26,,,
8/1/00,6,6.27,6.5,-0.27,,,
8/2/00,5.98,6.23,6.5,-0.25,,,
8/3/00,5.95,6.22,6.5,-0.27,,,
8/4/00,5.91,6.15,6.5,-0.24,,,
8/7/00,5.97,6.2,6.5,-0.23,,,
8/8/00,5.93,6.16,6.5,-0.23,,,
8/9/00,5.81,6.18,6.5,-0.37,,,
8/10/00,5.76,6.16,6.5,-0.4,,,
8/11/00,5.79,6.25,6.5,-0.46,,,
8/14/00,5.78,6.25,6.5,-0.47,,,
8/15/00,5.81,6.28,6.5,-0.47,,,
8/16/00,5.83,6.3,6.5,-0.47,,,
8/17/00,5.81,6.3,6.5,-0.49,,,
8/18/00,5.78,6.27,6.5,-0.49,,,
8/21/00,5.79,6.28,6.5,-0.49,,,
8/22/00,5.78,6.27,6.5,-0.49,,,
8/23/00,5.73,6.2,6.5,-0.47,,,
8/24/00,5.73,6.19,6.5,-0.46,,,
8/25/00,5.73,6.19,6.5,-0.46,,,
8/28/00,5.78,6.23,6.5,-0.45,,,
8/29/00,5.81,6.26,6.5,-0.45,,,
8/30/00,5.81,6.24,6.5,-0.43,,,
8/31/00,5.73,6.18,6.5,-0.45,,,
9/1/00,5.68,6.09,6.52,-0.41,,,
9/4/00,5.68,6.09,6.52,-0.41,,,
9/5/00,5.69,6.09,6.52,-0.4,,,
9/6/00,5.72,6.11,6.52,-0.39,,,
9/7/00,5.76,6.14,6.52,-0.38,,,
9/8/00,5.73,6.11,6.52,-0.38,,,
9/11/00,5.77,6.12,6.52,-0.35,,,
9/12/00,5.78,6.12,6.52,-0.34,,,
9/13/00,5.74,6.09,6.52,-0.35,,,
9/14/00,5.79,6.11,6.52,-0.32,,,
9/15/00,5.84,6.07,6.52,-0.23,,,
9/18/00,5.88,6.04,6.52,-0.16,,,
9/19/00,5.86,6.05,6.52,-0.19,,,
9/20/00,5.91,6.11,6.52,-0.2,,,
9/21/00,5.88,6.11,6.52,-0.23,,,
9/22/00,5.85,6.09,6.52,-0.24,,,
9/25/00,5.84,6.11,6.52,-0.27,,,
9/26/00,5.81,6.07,6.52,-0.26,,,
9/27/00,5.83,6,6.52,-0.17,,,
9/28/00,5.82,6.02,6.52,-0.2,,,
9/29/00,5.8,5.98,6.52,-0.18,,,
10/2/00,5.83,5.98,6.51,-0.15,,,
10/3/00,5.87,6,6.51,-0.13,,,
10/4/00,5.9,6.03,6.51,-0.13,,,
10/5/00,5.87,6.02,6.51,-0.15,,,
10/6/00,5.82,5.98,6.51,-0.16,,,
10/9/00,5.82,5.98,6.51,-0.16,,,
10/10/00,5.8,5.98,6.51,-0.18,,,
10/11/00,5.77,5.93,6.51,-0.16,,,
10/12/00,5.73,5.86,6.51,-0.13,,,
10/13/00,5.73,5.84,6.51,-0.11,,,
10/16/00,5.74,5.89,6.51,-0.15,,,
10/17/00,5.68,5.83,6.51,-0.15,,,
10/18/00,5.66,5.82,6.51,-0.16,,,
10/19/00,5.66,5.86,6.51,-0.2,,,
10/20/00,5.64,5.84,6.51,-0.2,,,
10/23/00,5.59,5.82,6.51,-0.23,,,
10/24/00,5.63,5.86,6.51,-0.23,,,
10/25/00,5.67,5.87,6.51,-0.2,,,
10/26/00,5.69,5.9,6.51,-0.21,,,
10/27/00,5.72,5.94,6.51,-0.22,,,
10/30/00,5.74,5.97,6.51,-0.23,,,
10/31/00,5.77,5.94,6.51,-0.17,,,
11/1/00,5.74,5.88,6.51,-0.14,,,
11/2/00,5.74,5.87,6.51,-0.13,,,
11/3/00,5.83,5.94,6.51,-0.11,,,
11/6/00,5.87,5.99,6.51,-0.12,,,
11/7/00,5.87,5.99,6.51,-0.12,,,
11/8/00,5.87,5.99,6.51,-0.12,,,
11/9/00,5.82,5.94,6.51,-0.12,,,
11/10/00,5.82,5.92,6.51,-0.1,,,
11/13/00,5.77,5.9,6.51,-0.13,,,
11/14/00,5.76,5.92,6.51,-0.16,,,
11/15/00,5.72,5.9,6.51,-0.18,,,
11/16/00,5.68,5.87,6.51,-0.19,,,
11/17/00,5.71,5.88,6.51,-0.17,,,
11/20/00,5.68,5.87,6.51,-0.19,,,
11/21/00,5.67,5.86,6.51,-0.19,,,
11/22/00,5.62,5.85,6.51,-0.23,,,
11/23/00,5.62,5.85,6.51,-0.23,,,
11/24/00,5.63,5.86,6.51,-0.23,,,
11/27/00,5.64,5.86,6.51,-0.22,,,
11/28/00,5.59,5.79,6.51,-0.2,,,
11/29/00,5.55,5.69,6.51,-0.14,,,
11/30/00,5.48,5.61,6.51,-0.13,,,
12/1/00,5.52,5.62,6.4,-0.1,,,
12/4/00,5.53,5.59,6.4,-0.06,,,
12/5/00,5.43,5.49,6.4,-0.06,,,
12/6/00,5.32,5.42,6.4,-0.1,,,
12/7/00,5.32,5.45,6.4,-0.13,,,
12/8/00,5.35,5.5,6.4,-0.15,,,
12/11/00,5.37,5.52,6.4,-0.15,,,
12/12/00,5.36,5.54,6.4,-0.18,,,
12/13/00,5.29,5.45,6.4,-0.16,,,
12/14/00,5.23,5.43,6.4,-0.2,,,
12/15/00,5.2,5.38,6.4,-0.18,,,
12/18/00,5.17,5.33,6.4,-0.16,,,
12/19/00,5.19,5.35,6.4,-0.16,,,
12/20/00,5.08,5.24,6.4,-0.16,,,
12/21/00,5.03,5.14,6.4,-0.11,,,
12/22/00,5.02,5.1,6.4,-0.08,,,
12/25/00,5.02,5.1,6.4,-0.08,,,
12/26/00,5.04,5.1,6.4,-0.06,,,
12/27/00,5.11,5.1,6.4,0.01,,,
12/28/00,5.13,5.18,6.4,-0.05,,,
12/29/00,5.12,5.11,6.4,0.01,,,
1/1/01,5.12,5.11,5.98,0.01,,,
1/2/01,4.92,4.87,5.98,0.05,,,
1/3/01,5.14,4.92,5.98,0.22,,,
1/4/01,5.03,4.77,5.98,0.26,,,
1/5/01,4.93,4.56,5.98,0.37,,,
1/8/01,4.94,4.54,5.98,0.4,,,
1/9/01,4.98,4.64,5.98,0.34,,,
1/10/01,5.1,4.76,5.98,0.34,,,
1/11/01,5.14,4.77,5.98,0.37,,,
1/12/01,5.25,4.9,5.98,0.35,,,
1/15/01,5.25,4.9,5.98,0.35,,,
1/16/01,5.24,4.89,5.98,0.35,,,
1/17/01,5.19,4.84,5.98,0.35,,,
1/18/01,5.12,4.72,5.98,0.4,,,
1/19/01,5.19,4.75,5.98,0.44,,,
1/22/01,5.25,4.75,5.98,0.5,,,
1/23/01,5.3,4.82,5.98,0.48,,,
1/24/01,5.33,4.81,5.98,0.52,,,
1/25/01,5.29,4.78,5.98,0.51,,,
1/26/01,5.29,4.78,5.98,0.51,,,
1/29/01,5.32,4.77,5.98,0.55,,,
1/30/01,5.24,4.7,5.98,0.54,,,
1/31/01,5.19,4.62,5.98,0.57,,,
2/1/01,5.1,4.55,5.49,0.55,,,
2/2/01,5.17,4.65,5.49,0.52,,,
2/5/01,5.18,4.68,5.49,0.5,,,
2/6/01,5.22,4.72,5.49,0.5,,,
2/7/01,5.1,4.7,5.49,0.4,,,
2/8/01,5.1,4.73,5.49,0.37,,,
2/9/01,5.03,4.67,5.49,0.36,,,
2/12/01,5.05,4.67,5.49,0.38,,,
2/13/01,5.07,4.75,5.49,0.32,,,
2/14/01,5.13,4.84,5.49,0.29,,,
2/15/01,5.19,4.89,5.49,0.3,,,
2/16/01,5.11,4.75,5.49,0.36,,,
2/19/01,5.11,4.75,5.49,0.36,,,
2/20/01,5.11,4.73,5.49,0.38,,,
2/21/01,5.14,4.68,5.49,0.46,,,
2/22/01,5.15,4.63,5.49,0.52,,,
2/23/01,5.1,4.53,5.49,0.57,,,
2/26/01,5.05,4.46,5.49,0.59,,,
2/27/01,4.96,4.44,5.49,0.52,,,
2/28/01,4.92,4.41,5.49,0.51,,,
3/1/01,4.87,4.41,5.31,0.46,,,
3/2/01,4.95,4.48,5.31,0.47,,,
3/5/01,4.98,4.49,5.31,0.49,,,
3/6/01,4.99,4.49,5.31,0.5,,,
3/7/01,4.92,4.43,5.31,0.49,,,
3/8/01,4.89,4.43,5.31,0.46,,,
3/9/01,4.95,4.47,5.31,0.48,,,
3/12/01,4.92,4.46,5.31,0.46,,,
3/13/01,4.95,4.46,5.31,0.49,,,
3/14/01,4.84,4.32,5.31,0.52,,,
3/15/01,4.81,4.22,5.31,0.59,,,
3/16/01,4.78,4.26,5.31,0.52,,,
3/19/01,4.82,4.32,5.31,0.5,,,
3/20/01,4.78,4.24,5.31,0.54,,,
3/21/01,4.77,4.21,5.31,0.56,,,
3/22/01,4.73,4.17,5.31,0.56,,,
3/23/01,4.8,4.24,5.31,0.56,,,
3/26/01,4.85,4.27,5.31,0.58,,,
3/27/01,5,4.41,5.31,0.59,,,
3/28/01,4.97,4.3,5.31,0.67,,,
3/29/01,4.98,4.27,5.31,0.71,,,
3/30/01,4.93,4.18,5.31,0.75,,,
4/2/01,4.98,4.22,4.8,0.76,,,
4/3/01,4.94,4.15,4.8,0.79,,,
4/4/01,4.94,4.12,4.8,0.82,,,
4/5/01,4.98,4.19,4.8,0.79,,,
4/6/01,4.89,4.07,4.8,0.82,,,
4/9/01,4.93,4.1,4.8,0.83,,,
4/10/01,5.09,4.24,4.8,0.85,,,
4/11/01,5.12,4.29,4.8,0.83,,,
4/12/01,5.17,4.36,4.8,0.81,,,
4/13/01,5.17,4.36,4.8,0.81,,,
4/16/01,5.28,4.49,4.8,0.79,,,
4/17/01,5.21,4.41,4.8,0.8,,,
4/18/01,5.14,4.26,4.8,0.88,,,
4/19/01,5.27,4.29,4.8,0.98,,,
4/20/01,5.29,4.26,4.8,1.03,,,
4/23/01,5.2,4.15,4.8,1.05,,,
4/24/01,5.22,4.16,4.8,1.06,,,
4/25/01,5.28,4.2,4.8,1.08,,,
4/26/01,5.2,4.14,4.8,1.06,,,
4/27/01,5.34,4.28,4.8,1.06,,,
4/30/01,5.35,4.3,4.8,1.05,,,
5/1/01,5.3,4.23,4.21,1.07,,,
5/2/01,5.31,4.27,4.21,1.04,,,
5/3/01,5.22,4.22,4.21,1,,,
5/4/01,5.21,4.14,4.21,1.07,,,
5/7/01,5.21,4.12,4.21,1.09,,,
5/8/01,5.24,4.1,4.21,1.14,,,
5/9/01,5.2,4.07,4.21,1.13,,,
5/10/01,5.31,4.17,4.21,1.14,,,
5/11/01,5.51,4.36,4.21,1.15,,,
5/14/01,5.46,4.29,4.21,1.17,,,
5/15/01,5.5,4.28,4.21,1.22,,,
5/16/01,5.48,4.25,4.21,1.23,,,
5/17/01,5.46,4.33,4.21,1.13,,,
5/18/01,5.41,4.37,4.21,1.04,,,
5/21/01,5.41,4.37,4.21,1.04,,,
5/22/01,5.42,4.34,4.21,1.08,,,
5/23/01,5.41,4.29,4.21,1.12,,,
5/24/01,5.52,4.32,4.21,1.2,,,
5/25/01,5.52,4.31,4.21,1.21,,,
5/28/01,5.52,4.31,4.21,1.21,,,
5/29/01,5.54,4.33,4.21,1.21,,,
5/30/01,5.54,4.34,4.21,1.2,,,
5/31/01,5.43,4.22,4.21,1.21,,,
6/1/01,5.39,4.22,3.97,1.17,,,
6/4/01,5.35,4.19,3.97,1.16,,,
6/5/01,5.29,4.12,3.97,1.17,,,
6/6/01,5.27,4.12,3.97,1.15,,,
6/7/01,5.33,4.14,3.97,1.19,,,
6/8/01,5.38,4.17,3.97,1.21,,,
6/11/01,5.32,4.11,3.97,1.21,,,
6/12/01,5.27,4.09,3.97,1.18,,,
6/13/01,5.28,4.08,3.97,1.2,,,
6/14/01,5.26,4.04,3.97,1.22,,,
6/15/01,5.27,4.01,3.97,1.26,,,
6/18/01,5.27,3.98,3.97,1.29,,,
6/19/01,5.26,3.99,3.97,1.27,,,
6/20/01,5.24,3.98,3.97,1.26,,,
6/21/01,5.22,3.99,3.97,1.23,,,
6/22/01,5.14,3.93,3.97,1.21,,,
6/25/01,5.16,3.96,3.97,1.2,,,
6/26/01,5.24,4.03,3.97,1.21,,,
6/27/01,5.26,4.06,3.97,1.2,,,
6/28/01,5.35,4.22,3.97,1.13,,,
6/29/01,5.42,4.25,3.97,1.17,,,
7/2/01,5.37,4.21,3.77,1.16,,,
7/3/01,5.41,4.24,3.77,1.17,,,
7/4/01,5.41,4.24,3.77,1.17,,,
7/5/01,5.44,4.24,3.77,1.2,,,
7/6/01,5.41,4.16,3.77,1.25,,,
7/9/01,5.37,4.15,3.77,1.22,,,
7/10/01,5.32,4.08,3.77,1.24,,,
7/11/01,5.31,4.07,3.77,1.24,,,
7/12/01,5.27,4.07,3.77,1.2,,,
7/13/01,5.27,4.12,3.77,1.15,,,
7/16/01,5.21,4.07,3.77,1.14,,,
7/17/01,5.22,4.09,3.77,1.13,,,
7/18/01,5.12,3.96,3.77,1.16,,,
7/19/01,5.13,3.98,3.77,1.15,,,
7/20/01,5.15,3.98,3.77,1.17,,,
7/23/01,5.13,3.98,3.77,1.15,,,
7/24/01,5.13,3.97,3.77,1.16,,,
7/25/01,5.2,3.98,3.77,1.22,,,
7/26/01,5.19,3.94,3.77,1.25,,,
7/27/01,5.13,3.87,3.77,1.26,,,
7/30/01,5.11,3.86,3.77,1.25,,,
7/31/01,5.07,3.79,3.77,1.28,,,
8/1/01,5.11,3.83,3.65,1.28,,,
8/2/01,5.17,3.89,3.65,1.28,,,
8/3/01,5.2,3.91,3.65,1.29,,,
8/6/01,5.19,3.88,3.65,1.31,,,
8/7/01,5.2,3.9,3.65,1.3,,,
8/8/01,4.99,3.77,3.65,1.22,,,
8/9/01,5.04,3.77,3.65,1.27,,,
8/10/01,4.99,3.73,3.65,1.26,,,
8/13/01,4.97,3.7,3.65,1.27,,,
8/14/01,4.97,3.74,3.65,1.23,,,
8/15/01,5,3.8,3.65,1.2,,,
8/16/01,4.95,3.75,3.65,1.2,,,
8/17/01,4.84,3.67,3.65,1.17,,,
8/20/01,4.91,3.74,3.65,1.17,,,
8/21/01,4.87,3.69,3.65,1.18,,,
8/22/01,4.91,3.76,3.65,1.15,,,
8/23/01,4.89,3.72,3.65,1.17,,,
8/24/01,4.93,3.76,3.65,1.17,,,
8/27/01,4.94,3.78,3.65,1.16,,,
8/28/01,4.85,3.71,3.65,1.14,,,
8/29/01,4.78,3.67,3.65,1.11,,,
8/30/01,4.79,3.61,3.65,1.18,,,
8/31/01,4.85,3.64,3.65,1.21,,,
9/3/01,4.85,3.64,3.07,1.21,,,
9/4/01,4.99,3.83,3.07,1.16,,,
9/5/01,4.97,3.79,3.07,1.18,,,
9/6/01,4.86,3.65,3.07,1.21,,,
9/7/01,4.8,3.53,3.07,1.27,,,
9/10/01,4.84,3.53,3.07,1.31,,,
9/11/01,4.84,3.53,3.07,1.31,,,
9/12/01,0,0,3.07,0,,,
9/13/01,4.64,2.99,3.07,1.65,,,
9/14/01,4.57,2.87,3.07,1.7,,,
9/17/01,4.63,2.96,3.07,1.67,,,
9/18/01,4.72,2.96,3.07,1.76,,,
9/19/01,4.69,2.81,3.07,1.88,,,
9/20/01,4.75,2.91,3.07,1.84,,,
9/21/01,4.7,2.91,3.07,1.79,,,
9/24/01,4.73,2.94,3.07,1.79,,,
9/25/01,4.72,2.88,3.07,1.84,,,
9/26/01,4.65,2.82,3.07,1.83,,,
9/27/01,4.58,2.78,3.07,1.8,,,
9/28/01,4.6,2.86,3.07,1.74,,,
10/1/01,4.55,2.82,2.49,1.73,,,
10/2/01,4.53,2.77,2.49,1.76,,,
10/3/01,4.5,2.77,2.49,1.73,,,
10/4/01,4.53,2.75,2.49,1.78,,,
10/5/01,4.52,2.71,2.49,1.81,,,
10/8/01,4.52,2.71,2.49,1.81,,,
10/9/01,4.62,2.74,2.49,1.88,,,
10/10/01,4.61,2.78,2.49,1.83,,,
10/11/01,4.69,2.88,2.49,1.81,,,
10/12/01,4.68,2.81,2.49,1.87,,,
10/15/01,4.62,2.78,2.49,1.84,,,
10/16/01,4.59,2.77,2.49,1.82,,,
10/17/01,4.59,2.8,2.49,1.79,,,
10/18/01,4.58,2.77,2.49,1.81,,,
10/19/01,4.63,2.77,2.49,1.86,,,
10/22/01,4.63,2.79,2.49,1.84,,,
10/23/01,4.66,2.81,2.49,1.85,,,
10/24/01,4.61,2.72,2.49,1.89,,,
10/25/01,4.56,2.63,2.49,1.93,,,
10/26/01,4.53,2.63,2.49,1.9,,,
10/29/01,4.5,2.55,2.49,1.95,,,
10/30/01,4.44,2.48,2.49,1.96,,,
10/31/01,4.3,2.44,2.49,1.86,,,
11/1/01,4.24,2.49,2.09,1.75,,,
11/2/01,4.37,2.48,2.09,1.89,,,
11/5/01,4.31,2.46,2.09,1.85,,,
11/6/01,4.3,2.37,2.09,1.93,,,
11/7/01,4.22,2.32,2.09,1.9,,,
11/8/01,4.32,2.42,2.09,1.9,,,
11/9/01,4.34,2.45,2.09,1.89,,,
11/12/01,4.34,2.45,2.09,1.89,,,
11/13/01,4.41,2.54,2.09,1.87,,,
11/14/01,4.54,2.7,2.09,1.84,,,
11/15/01,4.79,2.98,2.09,1.81,,,
11/16/01,4.91,3.09,2.09,1.82,,,
11/19/01,4.8,2.92,2.09,1.88,,,
11/20/01,4.88,2.96,2.09,1.92,,,
11/21/01,4.98,3.11,2.09,1.87,,,
11/22/01,4.98,3.11,2.09,1.87,,,
11/23/01,5.04,3.2,2.09,1.84,,,
11/26/01,5.05,3.22,2.09,1.83,,,
11/27/01,4.98,3.11,2.09,1.87,,,
11/28/01,4.98,3.12,2.09,1.86,,,
11/29/01,4.79,2.87,2.09,1.92,,,
11/30/01,4.78,2.84,2.09,1.94,,,
12/3/01,4.75,2.82,1.82,1.93,,,
12/4/01,4.7,2.81,1.82,1.89,,,
12/5/01,4.92,3.07,1.82,1.85,,,
12/6/01,5.04,3.19,1.82,1.85,,,
12/7/01,5.2,3.19,1.82,2.01,,,
12/10/01,5.17,3.1,1.82,2.07,,,
12/11/01,5.13,3.03,1.82,2.1,,,
12/12/01,5.02,2.97,1.82,2.05,,,
12/13/01,5.13,3.09,1.82,2.04,,,
12/14/01,5.24,3.2,1.82,2.04,,,
12/17/01,5.26,3.21,1.82,2.05,,,
12/18/01,5.16,3.13,1.82,2.03,,,
12/19/01,5.08,3.11,1.82,1.97,,,
12/20/01,5.08,3.15,1.82,1.93,,,
12/21/01,5.12,3.17,1.82,1.95,,,
12/24/01,5.18,3.22,1.82,1.96,,,
12/25/01,5.18,3.22,1.82,1.96,,,
12/26/01,5.22,3.26,1.82,1.96,,,
12/27/01,5.13,3.19,1.82,1.94,,,
12/28/01,5.15,3.16,1.82,1.99,,,
12/31/01,5.07,3.07,1.82,2,,,
1/1/02,5.07,3.07,1.73,2,,,
1/2/02,5.2,3.22,1.73,1.98,,,
1/3/02,5.16,3.19,1.73,1.97,,,
1/4/02,5.18,3.19,1.73,1.99,,,
1/7/02,5.09,3.08,1.73,2.01,,,
1/8/02,5.1,3.07,1.73,2.03,,,
1/9/02,5.1,3.03,1.73,2.07,,,
1/10/02,5,2.94,1.73,2.06,,,
1/11/02,4.92,2.76,1.73,2.16,,,
1/14/02,4.91,2.79,1.73,2.12,,,
1/15/02,4.88,2.79,1.73,2.09,,,
1/16/02,4.88,2.84,1.73,2.04,,,
1/17/02,4.98,2.96,1.73,2.02,,,
1/18/02,4.94,2.91,1.73,2.03,,,
1/21/02,4.94,2.91,1.73,2.03,,,
1/22/02,4.96,2.97,1.73,1.99,,,
1/23/02,5.05,3.07,1.73,1.98,,,
1/24/02,5.07,3.15,1.73,1.92,,,
1/25/02,5.1,3.17,1.73,1.93,,,
1/28/02,5.12,3.19,1.73,1.93,,,
1/29/02,5.02,3.05,1.73,1.97,,,
1/30/02,5.02,3.06,1.73,1.96,,,
1/31/02,5.07,3.16,1.73,1.91,,,
2/1/02,5.02,3.08,1.74,1.94,,,
2/4/02,4.94,2.99,1.74,1.95,,,
2/5/02,4.92,2.99,1.74,1.93,,,
2/6/02,4.92,2.98,1.74,1.94,,,
2/7/02,4.93,2.99,1.74,1.94,,,
2/8/02,4.9,2.95,1.74,1.95,,,
2/11/02,4.91,2.95,1.74,1.96,,,
2/12/02,4.97,3.04,1.74,1.93,,,
2/13/02,5.01,3.09,1.74,1.92,,,
2/14/02,4.95,3.07,1.74,1.88,,,
2/15/02,4.86,2.97,1.74,1.89,,,
2/18/02,4.86,2.97,1.74,1.89,,,
2/19/02,4.88,2.98,1.74,1.9,,,
2/20/02,4.88,3,1.74,1.88,,,
2/21/02,4.88,3,1.74,1.88,,,
2/22/02,4.84,2.97,1.74,1.87,,,
2/25/02,4.86,3.01,1.74,1.85,,,
2/26/02,4.93,3.08,1.74,1.85,,,
2/27/02,4.84,3.09,1.74,1.75,,,
2/28/02,4.88,3.06,1.74,1.82,,,
3/1/02,4.98,3.18,1.73,1.8,,,
3/4/02,5.02,3.24,1.73,1.78,,,
3/5/02,5.02,3.25,1.73,1.77,,,
3/6/02,5.06,3.26,1.73,1.8,,,
3/7/02,5.22,3.36,1.73,1.86,,,
3/8/02,5.33,3.6,1.73,1.73,,,
3/11/02,5.33,3.59,1.73,1.74,,,
3/12/02,5.32,3.56,1.73,1.76,,,
3/13/02,5.28,3.49,1.73,1.79,,,
3/14/02,5.4,3.63,1.73,1.77,,,
3/15/02,5.35,3.63,1.73,1.72,,,
3/18/02,5.32,3.67,1.73,1.65,,,
3/19/02,5.33,3.64,1.73,1.69,,,
3/20/02,5.4,3.71,1.73,1.69,,,
3/21/02,5.39,3.73,1.73,1.66,,,
3/22/02,5.4,3.77,1.73,1.63,,,
3/25/02,5.41,3.78,1.73,1.63,,,
3/26/02,5.35,3.68,1.73,1.67,,,
3/27/02,5.35,3.66,1.73,1.69,,,
3/28/02,5.42,3.72,1.73,1.7,,,
3/29/02,5.42,3.72,1.73,1.7,,,
4/1/02,5.44,3.74,1.75,1.7,,,
4/2/02,5.36,3.63,1.75,1.73,,,
4/3/02,5.3,3.55,1.75,1.75,,,
4/4/02,5.28,3.57,1.75,1.71,,,
4/5/02,5.22,3.49,1.75,1.73,,,
4/8/02,5.25,3.51,1.75,1.74,,,
4/9/02,5.22,3.48,1.75,1.74,,,
4/10/02,5.24,3.48,1.75,1.76,,,
4/11/02,5.22,3.47,1.75,1.75,,,
4/12/02,5.18,3.41,1.75,1.77,,,
4/15/02,5.15,3.38,1.75,1.77,,,
4/16/02,5.2,3.43,1.75,1.77,,,
4/17/02,5.24,3.41,1.75,1.83,,,
4/18/02,5.23,3.38,1.75,1.85,,,
4/19/02,5.21,3.36,1.75,1.85,,,
4/22/02,5.19,3.37,1.75,1.82,,,
4/23/02,5.18,3.39,1.75,1.79,,,
4/24/02,5.11,3.28,1.75,1.83,,,
4/25/02,5.1,3.25,1.75,1.85,,,
4/26/02,5.08,3.22,1.75,1.86,,,
4/29/02,5.13,3.26,1.75,1.87,,,
4/30/02,5.11,3.24,1.75,1.87,,,
5/1/02,5.08,3.21,1.75,1.87,,,
5/2/02,5.13,3.25,1.75,1.88,,,
5/3/02,5.08,3.17,1.75,1.91,,,
5/6/02,5.1,3.19,1.75,1.91,,,
5/7/02,5.09,3.14,1.75,1.95,,,
5/8/02,5.24,3.32,1.75,1.92,,,
5/9/02,5.2,3.27,1.75,1.93,,,
5/10/02,5.15,3.19,1.75,1.96,,,
5/13/02,5.23,3.28,1.75,1.95,,,
5/14/02,5.32,3.4,1.75,1.92,,,
5/15/02,5.28,3.37,1.75,1.91,,,
5/16/02,5.2,3.28,1.75,1.92,,,
5/17/02,5.27,3.41,1.75,1.86,,,
5/20/02,5.21,3.33,1.75,1.88,,,
5/21/02,5.18,3.28,1.75,1.9,,,
5/22/02,5.13,3.23,1.75,1.9,,,
5/23/02,5.16,3.28,1.75,1.88,,,
5/24/02,5.16,3.28,1.75,1.88,,,
5/27/02,5.16,3.28,1.75,1.88,,,
5/28/02,5.16,3.3,1.75,1.86,,,
5/29/02,5.11,3.24,1.75,1.87,,,
5/30/02,5.06,3.17,1.75,1.89,,,
5/31/02,5.08,3.22,1.75,1.86,,,
6/3/02,5.06,3.19,1.75,1.87,,,
6/4/02,5.04,3.13,1.75,1.91,,,
6/5/02,5.08,3.16,1.75,1.92,,,
6/6/02,5.04,3.13,1.75,1.91,,,
6/7/02,5.1,3.16,1.75,1.94,,,
6/10/02,5.07,3.15,1.75,1.92,,,
6/11/02,5.02,3.09,1.75,1.93,,,
6/12/02,4.98,3.05,1.75,1.93,,,
6/13/02,4.94,3,1.75,1.94,,,
6/14/02,4.83,2.92,1.75,1.91,,,
6/17/02,4.89,2.96,1.75,1.93,,,
6/18/02,4.88,2.93,1.75,1.95,,,
6/19/02,4.76,2.81,1.75,1.95,,,
6/20/02,4.85,2.93,1.75,1.92,,,
6/21/02,4.79,2.88,1.75,1.91,,,
6/24/02,4.87,2.93,1.75,1.94,,,
6/25/02,4.88,2.92,1.75,1.96,,,
6/26/02,4.75,2.77,1.75,1.98,,,
6/27/02,4.84,2.85,1.75,1.99,,,
6/28/02,4.86,2.9,1.75,1.96,,,
7/1/02,4.85,2.88,1.73,1.97,,,
7/2/02,4.77,2.78,1.73,1.99,,,
7/3/02,4.78,2.78,1.73,2,,,
7/4/02,4.78,2.78,1.73,2,,,
7/5/02,4.9,2.9,1.73,2,,,
7/8/02,4.84,2.84,1.73,2,,,
7/9/02,4.78,2.74,1.73,2.04,,,
7/10/02,4.66,2.61,1.73,2.05,,,
7/11/02,4.66,2.61,1.73,2.05,,,
7/12/02,4.63,2.56,1.73,2.07,,,
7/15/02,4.66,2.55,1.73,2.11,,,
7/16/02,4.75,2.66,1.73,2.09,,,
7/17/02,4.71,2.63,1.73,2.08,,,
7/18/02,4.66,2.55,1.73,2.11,,,
7/19/02,4.61,2.48,1.73,2.13,,,
7/22/02,4.51,2.4,1.73,2.11,,,
7/23/02,4.47,2.34,1.73,2.13,,,
7/24/02,4.49,2.38,1.73,2.11,,,
7/25/02,4.43,2.28,1.73,2.15,,,
7/26/02,4.43,2.2,1.73,2.23,,,
7/29/02,4.62,2.41,1.73,2.21,,,
7/30/02,4.65,2.44,1.73,2.21,,,
7/31/02,4.51,2.23,1.73,2.28,,,
8/1/02,4.47,2.15,1.74,2.32,,,
8/2/02,4.33,1.99,1.74,2.34,,,
8/5/02,4.29,1.93,1.74,2.36,,,
8/6/02,4.42,2.11,1.74,2.31,,,
8/7/02,4.35,1.98,1.74,2.37,,,
8/8/02,4.4,2.1,1.74,2.3,,,
8/9/02,4.27,2.1,1.74,2.17,,,
8/12/02,4.22,2.1,1.74,2.12,,,
8/13/02,4.12,2,1.74,2.12,,,
8/14/02,4.06,2.12,1.74,1.94,,,
8/15/02,4.17,2.22,1.74,1.95,,,
8/16/02,4.32,2.28,1.74,2.04,,,
8/19/02,4.29,2.25,1.74,2.04,,,
8/20/02,4.17,2.12,1.74,2.05,,,
8/21/02,4.2,2.12,1.74,2.08,,,
8/22/02,4.3,2.22,1.74,2.08,,,
8/23/02,4.25,2.19,1.74,2.06,,,
8/26/02,4.22,2.19,1.74,2.03,,,
8/27/02,4.29,2.26,1.74,2.03,,,
8/28/02,4.22,2.23,1.74,1.99,,,
8/29/02,4.16,2.14,1.74,2.02,,,
8/30/02,4.14,2.14,1.74,2,,,
9/2/02,4.14,2.14,1.75,2,,,
9/3/02,3.98,2.01,1.75,1.97,,,
9/4/02,3.96,2.02,1.75,1.94,,,
9/5/02,3.91,1.95,1.75,1.96,,,
9/6/02,4.05,2.08,1.75,1.97,,,
9/9/02,4.05,2.13,1.75,1.92,,,
9/10/02,4,2.12,1.75,1.88,,,
9/11/02,4.07,2.18,1.75,1.89,,,
9/12/02,3.98,2.12,1.75,1.86,,,
9/13/02,3.92,2.07,1.75,1.85,,,
9/16/02,3.9,2.07,1.75,1.83,,,
9/17/02,3.87,2.06,1.75,1.81,,,
9/18/02,3.86,2.04,1.75,1.82,,,
9/19/02,3.79,1.93,1.75,1.86,,,
9/20/02,3.79,1.94,1.75,1.85,,,
9/23/02,3.7,1.93,1.75,1.77,,,
9/24/02,3.69,1.93,1.75,1.76,,,
9/25/02,3.77,2,1.75,1.77,,,
9/26/02,3.79,1.97,1.75,1.82,,,
9/27/02,3.69,1.82,1.75,1.87,,,
9/30/02,3.63,1.72,1.75,1.91,,,
10/1/02,3.72,1.8,1.75,1.92,,,
10/2/02,3.71,1.75,1.75,1.96,,,
10/3/02,3.7,1.75,1.75,1.95,,,
10/4/02,3.69,1.78,1.75,1.91,,,
10/7/02,3.64,1.77,1.75,1.87,,,
10/8/02,3.65,1.8,1.75,1.85,,,
10/9/02,3.61,1.72,1.75,1.89,,,
10/10/02,3.68,1.75,1.75,1.93,,,
10/11/02,3.83,1.85,1.75,1.98,,,
10/14/02,3.83,1.85,1.75,1.98,,,
10/15/02,4.07,2.08,1.75,1.99,,,
10/16/02,4.06,2.02,1.75,2.04,,,
10/17/02,4.16,2.1,1.75,2.06,,,
10/18/02,4.14,2.09,1.75,2.05,,,
10/21/02,4.24,2.23,1.75,2.01,,,
10/22/02,4.27,2.21,1.75,2.06,,,
10/23/02,4.26,2.2,1.75,2.06,,,
10/24/02,4.16,2.09,1.75,2.07,,,
10/25/02,4.12,1.98,1.75,2.14,,,
10/28/02,4.1,1.88,1.75,2.22,,,
10/29/02,3.97,1.79,1.75,2.18,,,
10/30/02,3.99,1.74,1.75,2.25,,,
10/31/02,3.93,1.68,1.75,2.25,,,
11/1/02,4.01,1.76,1.34,2.25,,,
11/4/02,4.07,1.79,1.34,2.28,,,
11/5/02,4.1,1.82,1.34,2.28,,,
11/6/02,4.09,1.87,1.34,2.22,,,
11/7/02,3.88,1.86,1.34,2.02,,,
11/8/02,3.85,1.87,1.34,1.98,,,
11/11/02,3.85,1.87,1.34,1.98,,,
11/12/02,3.84,1.79,1.34,2.05,,,
11/13/02,3.84,1.76,1.34,2.08,,,
11/14/02,4.03,1.89,1.34,2.14,,,
11/15/02,4.05,1.91,1.34,2.14,,,
11/18/02,4.02,1.91,1.34,2.11,,,
11/19/02,3.99,1.91,1.34,2.08,,,
11/20/02,4.08,1.98,1.34,2.1,,,
11/21/02,4.14,2.05,1.34,2.09,,,
11/22/02,4.18,2.1,1.34,2.08,,,
11/25/02,4.19,2.09,1.34,2.1,,,
11/26/02,4.08,1.97,1.34,2.11,,,
11/27/02,4.26,2.13,1.34,2.13,,,
11/28/02,4.26,2.13,1.34,2.13,,,
11/29/02,4.22,2.08,1.34,2.14,,,
12/2/02,4.22,2.07,1.24,2.15,,,
12/3/02,4.24,2.08,1.24,2.16,,,
12/4/02,4.18,2.02,1.24,2.16,,,
12/5/02,4.13,1.97,1.24,2.16,,,
12/6/02,4.09,1.89,1.24,2.2,,,
12/9/02,4.06,1.88,1.24,2.18,,,
12/10/02,4.06,1.9,1.24,2.16,,,
12/11/02,4.01,1.85,1.24,2.16,,,
12/12/02,4.01,1.85,1.24,2.16,,,
12/13/02,4.07,1.87,1.24,2.2,,,
12/16/02,4.15,1.94,1.24,2.21,,,
12/17/02,4.13,1.89,1.24,2.24,,,
12/18/02,4.06,1.81,1.24,2.25,,,
12/19/02,3.96,1.74,1.24,2.22,,,
12/20/02,3.97,1.76,1.24,2.21,,,
12/23/02,3.98,1.79,1.24,2.19,,,
12/24/02,3.95,1.73,1.24,2.22,,,
12/25/02,3.95,1.73,1.24,2.22,,,
12/26/02,3.93,1.7,1.24,2.23,,,
12/27/02,3.83,1.6,1.24,2.23,,,
12/30/02,3.82,1.61,1.24,2.21,,,
12/31/02,3.83,1.61,1.24,2.22,,,
1/1/03,3.83,1.61,1.24,2.22,,,
1/2/03,4.07,1.8,1.24,2.27,,,
1/3/03,4.05,1.79,1.24,2.26,,,
1/6/03,4.09,1.84,1.24,2.25,,,
1/7/03,4.04,1.77,1.24,2.27,,,
1/8/03,4,1.71,1.24,2.29,,,
1/9/03,4.19,1.87,1.24,2.32,,,
1/10/03,4.16,1.79,1.24,2.37,,,
1/13/03,4.15,1.81,1.24,2.34,,,
1/14/03,4.1,1.76,1.24,2.34,,,
1/15/03,4.1,1.75,1.24,2.35,,,
1/16/03,4.1,1.75,1.24,2.35,,,
1/17/03,4.05,1.7,1.24,2.35,,,
1/20/03,4.05,1.7,1.24,2.35,,,
1/21/03,4.01,1.67,1.24,2.34,,,
1/22/03,3.95,1.66,1.24,2.29,,,
1/23/03,3.98,1.69,1.24,2.29,,,
1/24/03,3.94,1.66,1.24,2.28,,,
1/27/03,3.98,1.7,1.24,2.28,,,
1/28/03,4,1.7,1.24,2.3,,,
1/29/03,4.06,1.77,1.24,2.29,,,
1/30/03,4,1.7,1.24,2.3,,,
1/31/03,4,1.72,1.24,2.28,,,
2/3/03,4.01,1.72,1.26,2.29,,,
2/4/03,3.96,1.68,1.26,2.28,,,
2/5/03,4.02,1.73,1.26,2.29,,,
2/6/03,3.97,1.68,1.26,2.29,,,
2/7/03,3.96,1.63,1.26,2.33,,,
2/10/03,3.99,1.68,1.26,2.31,,,
2/11/03,3.98,1.65,1.26,2.33,,,
2/12/03,3.93,1.62,1.26,2.31,,,
2/13/03,3.89,1.57,1.26,2.32,,,
2/14/03,3.95,1.62,1.26,2.33,,,
2/17/03,3.95,1.62,1.26,2.33,,,
2/18/03,3.94,1.66,1.26,2.28,,,
2/19/03,3.88,1.61,1.26,2.27,,,
2/20/03,3.85,1.59,1.26,2.26,,,
2/21/03,3.9,1.63,1.26,2.27,,,
2/24/03,3.86,1.6,1.26,2.26,,,
2/25/03,3.81,1.58,1.26,2.23,,,
2/26/03,3.78,1.57,1.26,2.21,,,
2/27/03,3.76,1.58,1.26,2.18,,,
2/28/03,3.71,1.53,1.26,2.18,,,
3/3/03,3.68,1.52,1.25,2.16,,,
3/4/03,3.65,1.49,1.25,2.16,,,
3/5/03,3.63,1.46,1.25,2.17,,,
3/6/03,3.67,1.47,1.25,2.2,,,
3/7/03,3.63,1.39,1.25,2.24,,,
3/10/03,3.59,1.35,1.25,2.24,,,
3/11/03,3.6,1.38,1.25,2.22,,,
3/12/03,3.6,1.45,1.25,2.15,,,
3/13/03,3.74,1.59,1.25,2.15,,,
3/14/03,3.72,1.56,1.25,2.16,,,
3/17/03,3.82,1.63,1.25,2.19,,,
3/18/03,3.91,1.72,1.25,2.19,,,
3/19/03,3.98,1.72,1.25,2.26,,,
3/20/03,4.01,1.75,1.25,2.26,,,
3/21/03,4.11,1.8,1.25,2.31,,,
3/24/03,3.98,1.71,1.25,2.27,,,
3/25/03,3.97,1.69,1.25,2.28,,,
3/26/03,3.96,1.68,1.25,2.28,,,
3/27/03,3.95,1.62,1.25,2.33,,,
3/28/03,3.92,1.56,1.25,2.36,,,
3/31/03,3.83,1.51,1.25,2.32,,,
4/1/03,3.84,1.5,1.26,2.34,,,
4/2/03,3.94,1.6,1.26,2.34,,,
4/3/03,3.93,1.55,1.26,2.38,,,
4/4/03,3.96,1.55,1.26,2.41,,,
4/7/03,4.03,1.65,1.26,2.38,,,
4/8/03,3.95,1.59,1.26,2.36,,,
4/9/03,3.93,1.55,1.26,2.38,,,
4/10/03,3.95,1.6,1.26,2.35,,,
4/11/03,4,1.65,1.26,2.35,,,
4/14/03,4.04,1.74,1.26,2.3,,,
4/15/03,3.98,1.69,1.26,2.29,,,
4/16/03,3.96,1.67,1.26,2.29,,,
4/17/03,3.98,1.71,1.26,2.27,,,
4/18/03,3.98,1.71,1.26,2.27,,,
4/21/03,4,1.71,1.26,2.29,,,
4/22/03,4.01,1.7,1.26,2.31,,,
4/23/03,4.02,1.7,1.26,2.32,,,
4/24/03,3.93,1.62,1.26,2.31,,,
4/25/03,3.91,1.57,1.26,2.34,,,
4/28/03,3.92,1.59,1.26,2.33,,,
4/29/03,3.96,1.62,1.26,2.34,,,
4/30/03,3.89,1.51,1.26,2.38,,,
5/1/03,3.88,1.5,1.26,2.38,,,
5/2/03,3.94,1.56,1.26,2.38,,,
5/5/03,3.92,1.55,1.26,2.37,,,
5/6/03,3.84,1.45,1.26,2.39,,,
5/7/03,3.72,1.45,1.26,2.27,,,
5/8/03,3.7,1.49,1.26,2.21,,,
5/9/03,3.69,1.45,1.26,2.24,,,
5/12/03,3.64,1.46,1.26,2.18,,,
5/13/03,3.63,1.47,1.26,2.16,,,
5/14/03,3.53,1.41,1.26,2.12,,,
5/15/03,3.53,1.46,1.26,2.07,,,
5/16/03,3.46,1.38,1.26,2.08,,,
5/19/03,3.46,1.35,1.26,2.11,,,
5/20/03,3.38,1.31,1.26,2.07,,,
5/21/03,3.39,1.38,1.26,2.01,,,
5/22/03,3.34,1.36,1.26,1.98,,,
5/23/03,3.34,1.38,1.26,1.96,,,
5/26/03,3.34,1.38,1.26,1.96,,,
5/27/03,3.41,1.33,1.26,2.08,,,
5/28/03,3.44,1.35,1.26,2.09,,,
5/29/03,3.34,1.3,1.26,2.04,,,
5/30/03,3.37,1.33,1.26,2.04,,,
6/2/03,3.43,1.33,1.22,2.1,,,
6/3/03,3.34,1.2,1.22,2.14,,,
6/4/03,3.3,1.2,1.22,2.1,,,
6/5/03,3.34,1.25,1.22,2.09,,,
6/6/03,3.37,1.27,1.22,2.1,,,
6/9/03,3.29,1.19,1.22,2.1,,,
6/10/03,3.2,1.13,1.22,2.07,,,
6/11/03,3.21,1.16,1.22,2.05,,,
6/12/03,3.18,1.13,1.22,2.05,,,
6/13/03,3.13,1.1,1.22,2.03,,,
6/16/03,3.18,1.18,1.22,2,,,
6/17/03,3.27,1.25,1.22,2.02,,,
6/18/03,3.37,1.27,1.22,2.1,,,
6/19/03,3.35,1.17,1.22,2.18,,,
6/20/03,3.4,1.22,1.22,2.18,,,
6/23/03,3.32,1.17,1.22,2.15,,,
6/24/03,3.29,1.14,1.22,2.15,,,
6/25/03,3.38,1.3,1.22,2.08,,,
6/26/03,3.55,1.41,1.22,2.14,,,
6/27/03,3.58,1.38,1.22,2.2,,,
6/30/03,3.54,1.32,1.22,2.22,,,
7/1/03,3.56,1.3,1.01,2.26,,,
7/2/03,3.56,1.3,1.01,2.26,,,
7/3/03,3.67,1.32,1.01,2.35,,,
7/4/03,3.67,1.32,1.01,2.35,,,
7/7/03,3.74,1.36,1.01,2.38,,,
7/8/03,3.75,1.39,1.01,2.36,,,
7/9/03,3.73,1.37,1.01,2.36,,,
7/10/03,3.7,1.33,1.01,2.37,,,
7/11/03,3.66,1.29,1.01,2.37,,,
7/14/03,3.74,1.35,1.01,2.39,,,
7/15/03,3.94,1.45,1.01,2.49,,,
7/16/03,3.97,1.49,1.01,2.48,,,
7/17/03,3.98,1.47,1.01,2.51,,,
7/18/03,4,1.51,1.01,2.49,,,
7/21/03,4.19,1.61,1.01,2.58,,,
7/22/03,4.17,1.57,1.01,2.6,,,
7/23/03,4.12,1.54,1.01,2.58,,,
7/24/03,4.2,1.54,1.01,2.66,,,
7/25/03,4.22,1.52,1.01,2.7,,,
7/28/03,4.31,1.61,1.01,2.7,,,
7/29/03,4.42,1.67,1.01,2.75,,,
7/30/03,4.34,1.64,1.01,2.7,,,
7/31/03,4.49,1.8,1.01,2.69,,,
8/1/03,4.44,1.85,1.03,2.59,,,
8/4/03,4.35,1.71,1.03,2.64,,,
8/5/03,4.47,1.88,1.03,2.59,,,
8/6/03,4.32,1.78,1.03,2.54,,,
8/7/03,4.3,1.74,1.03,2.56,,,
8/8/03,4.27,1.72,1.03,2.55,,,
8/11/03,4.38,1.81,1.03,2.57,,,
8/12/03,4.37,1.71,1.03,2.66,,,
8/13/03,4.58,1.86,1.03,2.72,,,
8/14/03,4.55,1.86,1.03,2.69,,,
8/15/03,4.55,1.85,1.03,2.7,,,
8/18/03,4.49,1.87,1.03,2.62,,,
8/19/03,4.38,1.81,1.03,2.57,,,
8/20/03,4.45,1.84,1.03,2.61,,,
8/21/03,4.53,1.98,1.03,2.55,,,
8/22/03,4.48,1.97,1.03,2.51,,,
8/25/03,4.53,2.02,1.03,2.51,,,
8/26/03,4.5,1.96,1.03,2.54,,,
8/27/03,4.54,2.05,1.03,2.49,,,
8/28/03,4.42,1.93,1.03,2.49,,,
8/29/03,4.45,1.95,1.03,2.5,,,
9/1/03,4.45,1.95,1.01,2.5,,,
9/2/03,4.61,2.04,1.01,2.57,,,
9/3/03,4.6,2.02,1.01,2.58,,,
9/4/03,4.52,1.91,1.01,2.61,,,
9/5/03,4.35,1.72,1.01,2.63,,,
9/8/03,4.41,1.75,1.01,2.66,,,
9/9/03,4.37,1.71,1.01,2.66,,,
9/10/03,4.28,1.64,1.01,2.64,,,
9/11/03,4.35,1.71,1.01,2.64,,,
9/12/03,4.27,1.66,1.01,2.61,,,
9/15/03,4.28,1.63,1.01,2.65,,,
9/16/03,4.29,1.63,1.01,2.66,,,
9/17/03,4.2,1.63,1.01,2.57,,,
9/18/03,4.19,1.68,1.01,2.51,,,
9/19/03,4.17,1.7,1.01,2.47,,,
9/22/03,4.26,1.7,1.01,2.56,,,
9/23/03,4.24,1.68,1.01,2.56,,,
9/24/03,4.16,1.66,1.01,2.5,,,
9/25/03,4.12,1.65,1.01,2.47,,,
9/26/03,4.04,1.6,1.01,2.44,,,
9/29/03,4.09,1.61,1.01,2.48,,,
9/30/03,3.96,1.5,1.01,2.46,,,
10/1/03,3.96,1.47,1.01,2.49,,,
10/2/03,4.03,1.48,1.01,2.55,,,
10/3/03,4.21,1.65,1.01,2.56,,,
10/6/03,4.17,1.6,1.01,2.57,,,
10/7/03,4.27,1.67,1.01,2.6,,,
10/8/03,4.27,1.65,1.01,2.62,,,
10/9/03,4.32,1.69,1.01,2.63,,,
10/10/03,4.29,1.65,1.01,2.64,,,
10/13/03,4.29,1.65,1.01,2.64,,,
10/14/03,4.37,1.73,1.01,2.64,,,
10/15/03,4.43,1.79,1.01,2.64,,,
10/16/03,4.47,1.96,1.01,2.51,,,
10/17/03,4.41,1.9,1.01,2.51,,,
10/20/03,4.41,1.88,1.01,2.53,,,
10/21/03,4.38,1.89,1.01,2.49,,,
10/22/03,4.29,1.8,1.01,2.49,,,
10/23/03,4.34,1.84,1.01,2.5,,,
10/24/03,4.24,1.76,1.01,2.48,,,
10/27/03,4.3,1.83,1.01,2.47,,,
10/28/03,4.23,1.71,1.01,2.52,,,
10/29/03,4.31,1.79,1.01,2.52,,,
10/30/03,4.36,1.86,1.01,2.5,,,
10/31/03,4.33,1.85,1.01,2.48,,,
11/3/03,4.4,1.9,1,2.5,,,
11/4/03,4.33,1.86,1,2.47,,,
11/5/03,4.38,1.94,1,2.44,,,
11/6/03,4.45,2.01,1,2.44,,,
11/7/03,4.48,2.04,1,2.44,,,
11/10/03,4.49,2.06,1,2.43,,,
11/11/03,4.49,2.06,1,2.43,,,
11/12/03,4.44,2.05,1,2.39,,,
11/13/03,4.3,1.92,1,2.38,,,
11/14/03,4.22,1.84,1,2.38,,,
11/17/03,4.18,1.8,1,2.38,,,
11/18/03,4.17,1.83,1,2.34,,,
11/19/03,4.24,1.9,1,2.34,,,
11/20/03,4.16,1.83,1,2.33,,,
11/21/03,4.15,1.84,1,2.31,,,
11/24/03,4.23,1.94,1,2.29,,,
11/25/03,4.19,1.89,1,2.3,,,
11/26/03,4.25,1.97,1,2.28,,,
11/27/03,4.25,1.97,1,2.28,,,
11/28/03,4.34,2.06,1,2.28,,,
12/1/03,4.4,2.12,0.98,2.28,,,
12/2/03,4.38,2.07,0.98,2.31,,,
12/3/03,4.41,2.09,0.98,2.32,,,
12/4/03,4.38,2.06,0.98,2.32,,,
12/5/03,4.23,1.88,0.98,2.35,,,
12/8/03,4.29,1.94,0.98,2.35,,,
12/9/03,4.32,1.97,0.98,2.35,,,
12/10/03,4.3,1.94,0.98,2.36,,,
12/11/03,4.27,1.83,0.98,2.44,,,
12/12/03,4.26,1.84,0.98,2.42,,,
12/15/03,4.28,1.88,0.98,2.4,,,
12/16/03,4.24,1.83,0.98,2.41,,,
12/17/03,4.19,1.83,0.98,2.36,,,
12/18/03,4.16,1.85,0.98,2.31,,,
12/19/03,4.15,1.82,0.98,2.33,,,
12/22/03,4.18,1.84,0.98,2.34,,,
12/23/03,4.28,1.96,0.98,2.32,,,
12/24/03,4.2,1.83,0.98,2.37,,,
12/25/03,4.2,1.83,0.98,2.37,,,
12/26/03,4.17,1.82,0.98,2.35,,,
12/29/03,4.24,1.86,0.98,2.38,,,
12/30/03,4.29,1.86,0.98,2.43,,,
12/31/03,4.27,1.84,0.98,2.43,,,
1/1/04,4.27,1.84,1,2.43,,,
1/2/04,4.38,1.94,1,2.44,,,
1/5/04,4.41,1.95,1,2.46,,,
1/6/04,4.29,1.84,1,2.45,,,
1/7/04,4.27,1.84,1,2.43,,,
1/8/04,4.27,1.85,1,2.42,,,
1/9/04,4.11,1.68,1,2.43,,,
1/12/04,4.11,1.68,1,2.43,,,
1/13/04,4.05,1.63,1,2.42,,,
1/14/04,4.01,1.65,1,2.36,,,
1/15/04,3.99,1.67,1,2.32,,,
1/16/04,4.04,1.7,1,2.34,,,
1/19/04,4.04,1.7,1,2.34,,,
1/20/04,4.08,1.69,1,2.39,,,
1/21/04,4.05,1.69,1,2.36,,,
1/22/04,3.99,1.66,1,2.33,,,
1/23/04,4.09,1.71,1,2.38,,,
1/26/04,4.16,1.75,1,2.41,,,
1/27/04,4.11,1.7,1,2.41,,,
1/28/04,4.22,1.87,1,2.35,,,
1/29/04,4.22,1.88,1,2.34,,,
1/30/04,4.16,1.84,1,2.32,,,
2/2/04,4.18,1.83,1.01,2.35,,,
2/3/04,4.13,1.78,1.01,2.35,,,
2/4/04,4.15,1.8,1.01,2.35,,,
2/5/04,4.2,1.85,1.01,2.35,,,
2/6/04,4.12,1.77,1.01,2.35,,,
2/9/04,4.09,1.76,1.01,2.33,,,
2/10/04,4.13,1.82,1.01,2.31,,,
2/11/04,4.05,1.73,1.01,2.32,,,
2/12/04,4.1,1.75,1.01,2.35,,,
2/13/04,4.05,1.7,1.01,2.35,,,
2/16/04,4.05,1.7,1.01,2.35,,,
2/17/04,4.05,1.7,1.01,2.35,,,
2/18/04,4.05,1.72,1.01,2.33,,,
2/19/04,4.05,1.7,1.01,2.35,,,
2/20/04,4.1,1.75,1.01,2.35,,,
2/23/04,4.05,1.69,1.01,2.36,,,
2/24/04,4.04,1.69,1.01,2.35,,,
2/25/04,4.02,1.67,1.01,2.35,,,
2/26/04,4.05,1.69,1.01,2.36,,,
2/27/04,3.99,1.66,1.01,2.33,,,
3/1/04,4,1.67,1,2.33,,,
3/2/04,4.05,1.74,1,2.31,,,
3/3/04,4.07,1.74,1,2.33,,,
3/4/04,4.04,1.73,1,2.31,,,
3/5/04,3.85,1.57,1,2.28,,,
3/8/04,3.78,1.52,1,2.26,,,
3/9/04,3.73,1.51,1,2.22,,,
3/10/04,3.74,1.54,1,2.2,,,
3/11/04,3.74,1.52,1,2.22,,,
3/12/04,3.78,1.54,1,2.24,,,
3/15/04,3.78,1.56,1,2.22,,,
3/16/04,3.7,1.51,1,2.19,,,
3/17/04,3.71,1.53,1,2.18,,,
3/18/04,3.76,1.55,1,2.21,,,
3/19/04,3.8,1.56,1,2.24,,,
3/22/04,3.74,1.52,1,2.22,,,
3/23/04,3.73,1.52,1,2.21,,,
3/24/04,3.73,1.5,1,2.23,,,
3/25/04,3.75,1.51,1,2.24,,,
3/26/04,3.85,1.59,1,2.26,,,
3/29/04,3.91,1.63,1,2.28,,,
3/30/04,3.91,1.63,1,2.28,,,
3/31/04,3.86,1.6,1,2.26,,,
4/1/04,3.91,1.65,1,2.26,,,
4/2/04,4.15,1.86,1,2.29,,,
4/5/04,4.24,1.91,1,2.33,,,
4/6/04,4.19,1.86,1,2.33,,,
4/7/04,4.19,1.87,1,2.32,,,
4/8/04,4.21,1.88,1,2.33,,,
4/9/04,4.21,1.88,1,2.33,,,
4/12/04,4.25,1.91,1,2.34,,,
4/13/04,4.35,2.01,1,2.34,,,
4/14/04,4.4,2.13,1,2.27,,,
4/15/04,4.42,2.1,1,2.32,,,
4/16/04,4.37,2.03,1,2.34,,,
4/19/04,4.39,2.07,1,2.32,,,
4/20/04,4.43,2.11,1,2.32,,,
4/21/04,4.45,2.22,1,2.23,,,
4/22/04,4.4,2.15,1,2.25,,,
4/23/04,4.48,2.29,1,2.19,,,
4/26/04,4.46,2.28,1,2.18,,,
4/27/04,4.43,2.21,1,2.22,,,
4/28/04,4.5,2.3,1,2.2,,,
4/29/04,4.55,2.34,1,2.21,,,
4/30/04,4.53,2.31,1,2.22,,,
5/3/04,4.53,2.34,1,2.19,,,
5/4/04,4.56,2.32,1,2.24,,,
5/5/04,4.61,2.34,1,2.27,,,
5/6/04,4.63,2.39,1,2.24,,,
5/7/04,4.79,2.64,1,2.15,,,
5/10/04,4.81,2.61,1,2.2,,,
5/11/04,4.79,2.61,1,2.18,,,
5/12/04,4.83,2.62,1,2.21,,,
5/13/04,4.85,2.67,1,2.18,,,
5/14/04,4.79,2.59,1,2.2,,,
5/17/04,4.7,2.51,1,2.19,,,
5/18/04,4.74,2.58,1,2.16,,,
5/19/04,4.79,2.61,1,2.18,,,
5/20/04,4.72,2.55,1,2.17,,,
5/21/04,4.76,2.6,1,2.16,,,
5/24/04,4.75,2.59,1,2.16,,,
5/25/04,4.73,2.58,1,2.15,,,
5/26/04,4.67,2.52,1,2.15,,,
5/27/04,4.6,2.46,1,2.14,,,
5/28/04,4.66,2.54,1,2.12,,,
5/31/04,4.66,2.54,1,2.12,,,
6/1/04,4.71,2.6,1.03,2.11,,,
6/2/04,4.74,2.65,1.03,2.09,,,
6/3/04,4.71,2.63,1.03,2.08,,,
6/4/04,4.78,2.7,1.03,2.08,,,
6/7/04,4.78,2.67,1.03,2.11,,,
6/8/04,4.78,2.73,1.03,2.05,,,
6/9/04,4.82,2.79,1.03,2.03,,,
6/10/04,4.81,2.81,1.03,2,,,
6/11/04,4.81,2.81,1.03,2,,,
6/14/04,4.89,2.97,1.03,1.92,,,
6/15/04,4.69,2.77,1.03,1.92,,,
6/16/04,4.74,2.84,1.03,1.9,,,
6/17/04,4.71,2.81,1.03,1.9,,,
6/18/04,4.72,2.81,1.03,1.91,,,
6/21/04,4.7,2.8,1.03,1.9,,,
6/22/04,4.72,2.8,1.03,1.92,,,
6/23/04,4.71,2.78,1.03,1.93,,,
6/24/04,4.66,2.74,1.03,1.92,,,
6/25/04,4.66,2.74,1.03,1.92,,,
6/28/04,4.76,2.86,1.03,1.9,,,
6/29/04,4.7,2.83,1.03,1.87,,,
6/30/04,4.62,2.7,1.03,1.92,,,
7/1/04,4.57,2.64,1.26,1.93,,,
7/2/04,4.48,2.54,1.26,1.94,,,
7/5/04,4.48,2.54,1.26,1.94,,,
7/6/04,4.49,2.56,1.26,1.93,,,
7/7/04,4.5,2.56,1.26,1.94,,,
7/8/04,4.49,2.55,1.26,1.94,,,
7/9/04,4.49,2.55,1.26,1.94,,,
7/12/04,4.46,2.53,1.26,1.93,,,
7/13/04,4.5,2.58,1.26,1.92,,,
7/14/04,4.5,2.62,1.26,1.88,,,
7/15/04,4.5,2.64,1.26,1.86,,,
7/16/04,4.38,2.54,1.26,1.84,,,
7/19/04,4.38,2.56,1.26,1.82,,,
7/20/04,4.47,2.67,1.26,1.8,,,
7/21/04,4.5,2.71,1.26,1.79,,,
7/22/04,4.48,2.69,1.26,1.79,,,
7/23/04,4.45,2.69,1.26,1.76,,,
7/26/04,4.49,2.75,1.26,1.74,,,
7/27/04,4.62,2.82,1.26,1.8,,,
7/28/04,4.61,2.78,1.26,1.83,,,
7/29/04,4.6,2.75,1.26,1.85,,,
7/30/04,4.5,2.68,1.26,1.82,,,
8/2/04,4.48,2.66,1.43,1.82,,,
8/3/04,4.45,2.66,1.43,1.79,,,
8/4/04,4.45,2.66,1.43,1.79,,,
8/5/04,4.43,2.64,1.43,1.79,,,
8/6/04,4.24,2.4,1.43,1.84,,,
8/9/04,4.28,2.45,1.43,1.83,,,
8/10/04,4.32,2.55,1.43,1.77,,,
8/11/04,4.3,2.54,1.43,1.76,,,
8/12/04,4.27,2.52,1.43,1.75,,,
8/13/04,4.22,2.47,1.43,1.75,,,
8/16/04,4.26,2.51,1.43,1.75,,,
8/17/04,4.21,2.44,1.43,1.77,,,
8/18/04,4.23,2.44,1.43,1.79,,,
8/19/04,4.22,2.43,1.43,1.79,,,
8/20/04,4.24,2.46,1.43,1.78,,,
8/23/04,4.28,2.5,1.43,1.78,,,
8/24/04,4.28,2.5,1.43,1.78,,,
8/25/04,4.26,2.51,1.43,1.75,,,
8/26/04,4.22,2.48,1.43,1.74,,,
8/27/04,4.23,2.48,1.43,1.75,,,
8/30/04,4.19,2.47,1.43,1.72,,,
8/31/04,4.13,2.41,1.43,1.72,,,
9/1/04,4.13,2.41,1.61,1.72,,,
9/2/04,4.2,2.46,1.61,1.74,,,
9/3/04,4.3,2.61,1.61,1.69,,,
9/6/04,4.3,2.61,1.61,1.69,,,
9/7/04,4.26,2.58,1.61,1.68,,,
9/8/04,4.18,2.5,1.61,1.68,,,
9/9/04,4.22,2.5,1.61,1.72,,,
9/10/04,4.19,2.5,1.61,1.69,,,
9/13/04,4.16,2.5,1.61,1.66,,,
9/14/04,4.15,2.47,1.61,1.68,,,
9/15/04,4.18,2.51,1.61,1.67,,,
9/16/04,4.08,2.44,1.61,1.64,,,
9/17/04,4.14,2.53,1.61,1.61,,,
9/20/04,4.07,2.46,1.61,1.61,,,
9/21/04,4.05,2.49,1.61,1.56,,,
9/22/04,4,2.5,1.61,1.5,,,
9/23/04,4.02,2.57,1.61,1.45,,,
9/24/04,4.04,2.62,1.61,1.42,,,
9/27/04,4.01,2.59,1.61,1.42,,,
9/28/04,4.02,2.55,1.61,1.47,,,
9/29/04,4.1,2.61,1.61,1.49,,,
9/30/04,4.14,2.63,1.61,1.51,,,
10/1/04,4.21,2.63,1.76,1.58,,,
10/4/04,4.19,2.65,1.76,1.54,,,
10/5/04,4.18,2.65,1.76,1.53,,,
10/6/04,4.23,2.7,1.76,1.53,,,
10/7/04,4.26,2.72,1.76,1.54,,,
10/8/04,4.15,2.61,1.76,1.54,,,
10/11/04,4.15,2.61,1.76,1.54,,,
10/12/04,4.12,2.56,1.76,1.56,,,
10/13/04,4.09,2.53,1.76,1.56,,,
10/14/04,4.03,2.48,1.76,1.55,,,
10/15/04,4.07,2.53,1.76,1.54,,,
10/18/04,4.07,2.55,1.76,1.52,,,
10/19/04,4.07,2.57,1.76,1.5,,,
10/20/04,4.01,2.53,1.76,1.48,,,
10/21/04,4.01,2.57,1.76,1.44,,,
10/22/04,4,2.55,1.76,1.45,,,
10/25/04,3.99,2.54,1.76,1.45,,,
10/26/04,4.01,2.54,1.76,1.47,,,
10/27/04,4.11,2.63,1.76,1.48,,,
10/28/04,4.09,2.59,1.76,1.5,,,
10/29/04,4.05,2.56,1.76,1.49,,,
11/1/04,4.11,2.61,1.93,1.5,,,
11/2/04,4.1,2.6,1.93,1.5,,,
11/3/04,4.09,2.6,1.93,1.49,,,
11/4/04,4.1,2.63,1.93,1.47,,,
11/5/04,4.21,2.8,1.93,1.41,,,
11/8/04,4.22,2.8,1.93,1.42,,,
11/9/04,4.22,2.8,1.93,1.42,,,
11/10/04,4.25,2.82,1.93,1.43,,,
11/11/04,4.25,2.82,1.93,1.43,,,
11/12/04,4.2,2.86,1.93,1.34,,,
11/15/04,4.2,2.89,1.93,1.31,,,
11/16/04,4.21,2.91,1.93,1.3,,,
11/17/04,4.14,2.85,1.93,1.29,,,
11/18/04,4.12,2.86,1.93,1.26,,,
11/19/04,4.2,2.95,1.93,1.25,,,
11/22/04,4.18,2.95,1.93,1.23,,,
11/23/04,4.19,2.98,1.93,1.21,,,
11/24/04,4.2,3.01,1.93,1.19,,,
11/25/04,4.2,3.01,1.93,1.19,,,
11/26/04,4.24,3.03,1.93,1.21,,,
11/29/04,4.34,3.07,1.93,1.27,,,
11/30/04,4.36,3.02,1.93,1.34,,,
12/1/04,4.38,3.01,2.16,1.37,,,
12/2/04,4.4,3.04,2.16,1.36,,,
12/3/04,4.27,2.94,2.16,1.33,,,
12/6/04,4.24,2.93,2.16,1.31,,,
12/7/04,4.23,2.95,2.16,1.28,,,
12/8/04,4.14,2.91,2.16,1.23,,,
12/9/04,4.19,2.93,2.16,1.26,,,
12/10/04,4.16,2.95,2.16,1.21,,,
12/13/04,4.16,2.98,2.16,1.18,,,
12/14/04,4.14,2.99,2.16,1.15,,,
12/15/04,4.09,2.97,2.16,1.12,,,
12/16/04,4.19,3.01,2.16,1.18,,,
12/17/04,4.21,3.03,2.16,1.18,,,
12/20/04,4.21,3.06,2.16,1.15,,,
12/21/04,4.18,3.05,2.16,1.13,,,
12/22/04,4.21,3.04,2.16,1.17,,,
12/23/04,4.23,3.02,2.16,1.21,,,
12/24/04,4.23,3.02,2.16,1.21,,,
12/27/04,4.3,3.07,2.16,1.23,,,
12/28/04,4.31,3.08,2.16,1.23,,,
12/29/04,4.33,3.12,2.16,1.21,,,
12/30/04,4.27,3.1,2.16,1.17,,,
12/31/04,4.24,3.08,2.16,1.16,,,
1/3/05,4.23,3.1,2.28,1.13,,,
1/4/05,4.29,3.2,2.28,1.09,,,
1/5/05,4.29,3.22,2.28,1.07,,,
1/6/05,4.29,3.18,2.28,1.11,,,
1/7/05,4.29,3.2,2.28,1.09,,,
1/10/05,4.29,3.23,2.28,1.06,,,
1/11/05,4.26,3.24,2.28,1.02,,,
1/12/05,4.25,3.22,2.28,1.03,,,
1/13/05,4.2,3.21,2.28,0.99,,,
1/14/05,4.23,3.24,2.28,0.99,,,
1/17/05,4.23,3.24,2.28,0.99,,,
1/18/05,4.21,3.26,2.28,0.95,,,
1/19/05,4.2,3.26,2.28,0.94,,,
1/20/05,4.17,3.21,2.28,0.96,,,
1/21/05,4.16,3.16,2.28,1,,,
1/24/05,4.14,3.2,2.28,0.94,,,
1/25/05,4.2,3.23,2.28,0.97,,,
1/26/05,4.21,3.27,2.28,0.94,,,
1/27/05,4.22,3.28,2.28,0.94,,,
1/28/05,4.16,3.25,2.28,0.91,,,
1/31/05,4.14,3.29,2.28,0.85,,,
2/1/05,4.15,3.29,2.5,0.86,,,
2/2/05,4.15,3.32,2.5,0.83,,,
2/3/05,4.18,3.34,2.5,0.84,,,
2/4/05,4.09,3.29,2.5,0.8,,,
2/7/05,4.07,3.31,2.5,0.76,,,
2/8/05,4.05,3.33,2.5,0.72,,,
2/9/05,4,3.24,2.5,0.76,,,
2/10/05,4.07,3.29,2.5,0.78,,,
2/11/05,4.1,3.34,2.5,0.76,,,
2/14/05,4.08,3.38,2.5,0.7,,,
2/15/05,4.1,3.37,2.5,0.73,,,
2/16/05,4.16,3.41,2.5,0.75,,,
2/17/05,4.19,3.38,2.5,0.81,,,
2/18/05,4.27,3.45,2.5,0.82,,,
2/21/05,4.27,3.45,2.5,0.82,,,
2/22/05,4.29,3.46,2.5,0.83,,,
2/23/05,4.27,3.46,2.5,0.81,,,
2/24/05,4.29,3.52,2.5,0.77,,,
2/25/05,4.27,3.54,2.5,0.73,,,
2/28/05,4.36,3.59,2.5,0.77,,,
3/1/05,4.38,3.59,2.63,0.79,,,
3/2/05,4.38,3.57,2.63,0.81,,,
3/3/05,4.39,3.59,2.63,0.8,,,
3/4/05,4.32,3.57,2.63,0.75,,,
3/7/05,4.31,3.61,2.63,0.7,,,
3/8/05,4.38,3.62,2.63,0.76,,,
3/9/05,4.52,3.66,2.63,0.86,,,
3/10/05,4.48,3.68,2.63,0.8,,,
3/11/05,4.56,3.73,2.63,0.83,,,
3/14/05,4.52,3.75,2.63,0.77,,,
3/15/05,4.54,3.75,2.63,0.79,,,
3/16/05,4.52,3.72,2.63,0.8,,,
3/17/05,4.47,3.7,2.63,0.77,,,
3/18/05,4.51,3.72,2.63,0.79,,,
3/21/05,4.53,3.72,2.63,0.81,,,
3/22/05,4.63,3.86,2.63,0.77,,,
3/23/05,4.61,3.84,2.63,0.77,,,
3/24/05,4.6,3.88,2.63,0.72,,,
3/25/05,4.6,3.88,2.63,0.72,,,
3/28/05,4.64,3.9,2.63,0.74,,,
3/29/05,4.6,3.87,2.63,0.73,,,
3/30/05,4.56,3.86,2.63,0.7,,,
3/31/05,4.5,3.8,2.63,0.7,,,
4/1/05,4.46,3.75,2.79,0.71,,,
4/4/05,4.47,3.74,2.79,0.73,,,
4/5/05,4.48,3.75,2.79,0.73,,,
4/6/05,4.44,3.7,2.79,0.74,,,
4/7/05,4.49,3.72,2.79,0.77,,,
4/8/05,4.5,3.77,2.79,0.73,,,
4/11/05,4.45,3.75,2.79,0.7,,,
4/12/05,4.38,3.71,2.79,0.67,,,
4/13/05,4.38,3.66,2.79,0.72,,,
4/14/05,4.37,3.6,2.79,0.77,,,
4/15/05,4.27,3.54,2.79,0.73,,,
4/18/05,4.27,3.55,2.79,0.72,,,
4/19/05,4.21,3.5,2.79,0.71,,,
4/20/05,4.22,3.52,2.79,0.7,,,
4/21/05,4.32,3.65,2.79,0.67,,,
4/22/05,4.26,3.62,2.79,0.64,,,
4/25/05,4.26,3.64,2.79,0.62,,,
4/26/05,4.28,3.67,2.79,0.61,,,
4/27/05,4.25,3.64,2.79,0.61,,,
4/28/05,4.19,3.59,2.79,0.6,,,
4/29/05,4.21,3.66,2.79,0.55,,,
5/2/05,4.21,3.64,3,0.57,,,
5/3/05,4.21,3.68,3,0.53,,,
5/4/05,4.2,3.63,3,0.57,,,
5/5/05,4.19,3.58,3,0.61,,,
5/6/05,4.28,3.73,3,0.55,,,
5/9/05,4.29,3.76,3,0.53,,,
5/10/05,4.23,3.69,3,0.54,,,
5/11/05,4.21,3.68,3,0.53,,,
5/12/05,4.18,3.66,3,0.52,,,
5/13/05,4.12,3.61,3,0.51,,,
5/16/05,4.13,3.61,3,0.52,,,
5/17/05,4.12,3.61,3,0.51,,,
5/18/05,4.07,3.56,3,0.51,,,
5/19/05,4.11,3.64,3,0.47,,,
5/20/05,4.13,3.69,3,0.44,,,
5/23/05,4.07,3.65,3,0.42,,,
5/24/05,4.04,3.61,3,0.43,,,
5/25/05,4.08,3.61,3,0.47,,,
5/26/05,4.08,3.64,3,0.44,,,
5/27/05,4.08,3.64,3,0.44,,,
5/30/05,4.08,3.64,3,0.44,,,
5/31/05,4,3.6,3,0.4,,,
6/1/05,3.91,3.5,3.04,0.41,,,
6/2/05,3.89,3.52,3.04,0.37,,,
6/3/05,3.98,3.57,3.04,0.41,,,
6/6/05,3.96,3.59,3.04,0.37,,,
6/7/05,3.92,3.57,3.04,0.35,,,
6/8/05,3.95,3.6,3.04,0.35,,,
6/9/05,3.98,3.64,3.04,0.34,,,
6/10/05,4.05,3.71,3.04,0.34,,,
6/13/05,4.09,3.71,3.04,0.38,,,
6/14/05,4.13,3.71,3.04,0.42,,,
6/15/05,4.12,3.72,3.04,0.4,,,
6/16/05,4.09,3.7,3.04,0.39,,,
6/17/05,4.09,3.72,3.04,0.37,,,
6/20/05,4.11,3.72,3.04,0.39,,,
6/21/05,4.06,3.71,3.04,0.35,,,
6/22/05,3.95,3.62,3.04,0.33,,,
6/23/05,3.96,3.63,3.04,0.33,,,
6/24/05,3.92,3.59,3.04,0.33,,,
6/27/05,3.9,3.6,3.04,0.3,,,
6/28/05,3.97,3.65,3.04,0.32,,,
6/29/05,3.99,3.65,3.04,0.34,,,
6/30/05,3.94,3.66,3.04,0.28,,,
7/1/05,4.06,3.76,3.26,0.3,,,
7/4/05,4.06,3.76,3.26,0.3,,,
7/5/05,4.11,3.79,3.26,0.32,,,
7/6/05,4.08,3.77,3.26,0.31,,,
7/7/05,4.05,3.71,3.26,0.34,,,
7/8/05,4.11,3.78,3.26,0.33,,,
7/11/05,4.11,3.81,3.26,0.3,,,
7/12/05,4.15,3.82,3.26,0.33,,,
7/13/05,4.17,3.84,3.26,0.33,,,
7/14/05,4.19,3.86,3.26,0.33,,,
7/15/05,4.18,3.86,3.26,0.32,,,
7/18/05,4.22,3.89,3.26,0.33,,,
7/19/05,4.2,3.88,3.26,0.32,,,
7/20/05,4.17,3.9,3.26,0.27,,,
7/21/05,4.28,3.96,3.26,0.32,,,
7/22/05,4.23,3.92,3.26,0.31,,,
7/25/05,4.25,3.95,3.26,0.3,,,
7/26/05,4.24,3.95,3.26,0.29,,,
7/27/05,4.27,3.99,3.26,0.28,,,
7/28/05,4.2,3.96,3.26,0.24,,,
7/29/05,4.28,4.02,3.26,0.26,,,
8/1/05,4.32,4.04,3.5,0.28,,,
8/2/05,4.34,4.06,3.5,0.28,,,
8/3/05,4.3,4.02,3.5,0.28,,,
8/4/05,4.32,4.04,3.5,0.28,,,
8/5/05,4.4,4.11,3.5,0.29,,,
8/8/05,4.42,4.16,3.5,0.26,,,
8/9/05,4.41,4.13,3.5,0.28,,,
8/10/05,4.4,4.13,3.5,0.27,,,
8/11/05,4.32,4.1,3.5,0.22,,,
8/12/05,4.24,4.05,3.5,0.19,,,
8/15/05,4.27,4.08,3.5,0.19,,,
8/16/05,4.23,4.03,3.5,0.2,,,
8/17/05,4.28,4.07,3.5,0.21,,,
8/18/05,4.21,4.01,3.5,0.2,,,
8/19/05,4.21,4.03,3.5,0.18,,,
8/22/05,4.22,4.03,3.5,0.19,,,
8/23/05,4.2,4.01,3.5,0.19,,,
8/24/05,4.19,3.99,3.5,0.2,,,
8/25/05,4.18,4,3.5,0.18,,,
8/26/05,4.2,4.06,3.5,0.14,,,
8/29/05,4.2,4.06,3.5,0.14,,,
8/30/05,4.16,3.97,3.5,0.19,,,
8/31/05,4.02,3.84,3.5,0.18,,,
9/1/05,4.02,3.72,3.62,0.3,,,
9/2/05,4.03,3.75,3.62,0.28,,,
9/5/05,4.03,3.75,3.62,0.28,,,
9/6/05,4.09,3.8,3.62,0.29,,,
9/7/05,4.15,3.87,3.62,0.28,,,
9/8/05,4.15,3.87,3.62,0.28,,,
9/9/05,4.14,3.88,3.62,0.26,,,
9/12/05,4.18,3.92,3.62,0.26,,,
9/13/05,4.14,3.88,3.62,0.26,,,
9/14/05,4.17,3.9,3.62,0.27,,,
9/15/05,4.22,3.9,3.62,0.32,,,
9/16/05,4.26,3.97,3.62,0.29,,,
9/19/05,4.25,3.93,3.62,0.32,,,
9/20/05,4.26,4,3.62,0.26,,,
9/21/05,4.19,3.96,3.62,0.23,,,
9/22/05,4.19,3.95,3.62,0.24,,,
9/23/05,4.25,4.02,3.62,0.23,,,
9/26/05,4.3,4.07,3.62,0.23,,,
9/27/05,4.3,4.08,3.62,0.22,,,
9/28/05,4.26,4.09,3.62,0.17,,,
9/29/05,4.29,4.13,3.62,0.16,,,
9/30/05,4.34,4.18,3.62,0.16,,,
10/3/05,4.39,4.21,3.78,0.18,,,
10/4/05,4.38,4.22,3.78,0.16,,,
10/5/05,4.36,4.21,3.78,0.15,,,
10/6/05,4.37,4.2,3.78,0.17,,,
10/7/05,4.35,4.18,3.78,0.17,,,
10/10/05,4.35,4.18,3.78,0.17,,,
10/11/05,4.39,4.22,3.78,0.17,,,
10/12/05,4.45,4.24,3.78,0.21,,,
10/13/05,4.48,4.24,3.78,0.24,,,
10/14/05,4.48,4.27,3.78,0.21,,,
10/17/05,4.5,4.29,3.78,0.21,,,
10/18/05,4.49,4.27,3.78,0.22,,,
10/19/05,4.47,4.25,3.78,0.22,,,
10/20/05,4.46,4.27,3.78,0.19,,,
10/21/05,4.39,4.22,3.78,0.17,,,
10/24/05,4.45,4.25,3.78,0.2,,,
10/25/05,4.54,4.34,3.78,0.2,,,
10/26/05,4.6,4.38,3.78,0.22,,,
10/27/05,4.57,4.36,3.78,0.21,,,
10/28/05,4.58,4.4,3.78,0.18,,,
10/31/05,4.57,4.4,3.78,0.17,,,
11/1/05,4.58,4.42,4,0.16,,,
11/2/05,4.61,4.43,4,0.18,,,
11/3/05,4.65,4.47,4,0.18,,,
11/4/05,4.66,4.47,4,0.19,,,
11/7/05,4.65,4.47,4,0.18,,,
11/8/05,4.57,4.43,4,0.14,,,
11/9/05,4.64,4.49,4,0.15,,,
11/10/05,4.55,4.44,4,0.11,,,
11/11/05,4.55,4.44,4,0.11,,,
11/14/05,4.61,4.5,4,0.11,,,
11/15/05,4.56,4.47,4,0.09,,,
11/16/05,4.49,4.42,4,0.07,,,
11/17/05,4.46,4.37,4,0.09,,,
11/18/05,4.5,4.4,4,0.1,,,
11/21/05,4.46,4.39,4,0.07,,,
11/22/05,4.43,4.32,4,0.11,,,
11/23/05,4.47,4.36,4,0.11,,,
11/24/05,4.47,4.36,4,0.11,,,
11/25/05,4.43,4.33,4,0.1,,,
11/28/05,4.41,4.33,4,0.08,,,
11/29/05,4.48,4.4,4,0.08,,,
11/30/05,4.49,4.42,4,0.07,,,
12/1/05,4.52,4.45,4.16,0.07,,,
12/2/05,4.52,4.43,4.16,0.09,,,
12/5/05,4.57,4.47,4.16,0.1,,,
12/6/05,4.49,4.42,4.16,0.07,,,
12/7/05,4.52,4.42,4.16,0.1,,,
12/8/05,4.47,4.37,4.16,0.1,,,
12/9/05,4.54,4.43,4.16,0.11,,,
12/12/05,4.56,4.45,4.16,0.11,,,
12/13/05,4.54,4.43,4.16,0.11,,,
12/14/05,4.45,4.37,4.16,0.08,,,
12/15/05,4.47,4.37,4.16,0.1,,,
12/16/05,4.45,4.37,4.16,0.08,,,
12/19/05,4.45,4.38,4.16,0.07,,,
12/20/05,4.47,4.42,4.16,0.05,,,
12/21/05,4.49,4.43,4.16,0.06,,,
12/22/05,4.44,4.4,4.16,0.04,,,
12/23/05,4.38,4.37,4.16,0.01,,,
12/26/05,4.38,4.37,4.16,0.01,,,
12/27/05,4.34,4.35,4.16,-0.01,,,
12/28/05,4.38,4.37,4.16,0.01,,,
12/29/05,4.37,4.38,4.16,-0.01,,,
12/30/05,4.39,4.41,4.16,-0.02,,,
1/2/06,4.39,4.41,4.29,-0.02,,,
1/3/06,4.37,4.34,4.29,0.03,,,
1/4/06,4.36,4.31,4.29,0.05,,,
1/5/06,4.36,4.32,4.29,0.04,,,
1/6/06,4.38,4.36,4.29,0.02,,,
1/9/06,4.38,4.36,4.29,0.02,,,
1/10/06,4.43,4.41,4.29,0.02,,,
1/11/06,4.46,4.44,4.29,0.02,,,
1/12/06,4.42,4.39,4.29,0.03,,,
1/13/06,4.36,4.34,4.29,0.02,,,
1/16/06,4.36,4.34,4.29,0.02,,,
1/17/06,4.34,4.33,4.29,0.01,,,
1/18/06,4.34,4.33,4.29,0.01,,,
1/19/06,4.38,4.37,4.29,0.01,,,
1/20/06,4.37,4.37,4.29,0,,,
1/23/06,4.36,4.35,4.29,0.01,,,
1/24/06,4.4,4.37,4.29,0.03,,,
1/25/06,4.49,4.46,4.29,0.03,,,
1/26/06,4.53,4.49,4.29,0.04,,,
1/27/06,4.52,4.51,4.29,0.01,,,
1/30/06,4.54,4.52,4.29,0.02,,,
1/31/06,4.53,4.54,4.29,-0.01,,,
2/1/06,4.57,4.59,4.49,-0.02,,,
2/2/06,4.57,4.59,4.49,-0.02,,,
2/3/06,4.54,4.59,4.49,-0.05,,,
2/6/06,4.55,4.62,4.49,-0.07,,,
2/7/06,4.57,4.61,4.49,-0.04,,,
2/8/06,4.56,4.64,4.49,-0.08,,,
2/9/06,4.54,4.66,4.49,-0.12,,,
2/10/06,4.59,4.69,4.49,-0.1,,,
2/13/06,4.58,4.68,4.49,-0.1,,,
2/14/06,4.62,4.69,4.49,-0.07,,,
2/15/06,4.61,4.71,4.49,-0.1,,,
2/16/06,4.59,4.69,4.49,-0.1,,,
2/17/06,4.54,4.66,4.49,-0.12,,,
2/20/06,4.54,4.66,4.49,-0.12,,,
2/21/06,4.57,4.71,4.49,-0.14,,,
2/22/06,4.53,4.68,4.49,-0.15,,,
2/23/06,4.56,4.72,4.49,-0.16,,,
2/24/06,4.58,4.74,4.49,-0.16,,,
2/27/06,4.59,4.74,4.49,-0.15,,,
2/28/06,4.55,4.69,4.49,-0.14,,,
3/1/06,4.59,4.71,4.59,-0.12,,,
3/2/06,4.64,4.72,4.59,-0.08,,,
3/3/06,4.68,4.76,4.59,-0.08,,,
3/6/06,4.74,4.77,4.59,-0.03,,,
3/7/06,4.74,4.77,4.59,-0.03,,,
3/8/06,4.73,4.72,4.59,0.01,,,
3/9/06,4.74,4.72,4.59,0.02,,,
3/10/06,4.76,4.74,4.59,0.02,,,
3/13/06,4.77,4.74,4.59,0.03,,,
3/14/06,4.71,4.66,4.59,0.05,,,
3/15/06,4.73,4.69,4.59,0.04,,,
3/16/06,4.65,4.62,4.59,0.03,,,
3/17/06,4.68,4.65,4.59,0.03,,,
3/20/06,4.66,4.65,4.59,0.01,,,
3/21/06,4.71,4.72,4.59,-0.01,,,
3/22/06,4.7,4.74,4.59,-0.04,,,
3/23/06,4.73,4.77,4.59,-0.04,,,
3/24/06,4.67,4.72,4.59,-0.05,,,
3/27/06,4.7,4.72,4.59,-0.02,,,
3/28/06,4.79,4.81,4.59,-0.02,,,
3/29/06,4.81,4.82,4.59,-0.01,,,
3/30/06,4.86,4.84,4.59,0.02,,,
3/31/06,4.86,4.82,4.59,0.04,,,
4/3/06,4.88,4.86,4.79,0.02,,,
4/4/06,4.87,4.84,4.79,0.03,,,
4/5/06,4.84,4.81,4.79,0.03,,,
4/6/06,4.9,4.84,4.79,0.06,,,
4/7/06,4.97,4.89,4.79,0.08,,,
4/10/06,4.97,4.89,4.79,0.08,,,
4/11/06,4.93,4.88,4.79,0.05,,,
4/12/06,4.98,4.91,4.79,0.07,,,
4/13/06,5.05,4.96,4.79,0.09,,,
4/14/06,5.05,4.96,4.79,0.09,,,
4/17/06,5.01,4.91,4.79,0.1,,,
4/18/06,4.99,4.84,4.79,0.15,,,
4/19/06,5.04,4.86,4.79,0.18,,,
4/20/06,5.04,4.89,4.79,0.15,,,
4/21/06,5.01,4.9,4.79,0.11,,,
4/24/06,4.99,4.89,4.79,0.1,,,
4/25/06,5.07,4.95,4.79,0.12,,,
4/26/06,5.12,4.99,4.79,0.13,,,
4/27/06,5.09,4.91,4.79,0.18,,,
4/28/06,5.07,4.87,4.79,0.2,,,
5/1/06,5.14,4.94,4.94,0.2,,,
5/2/06,5.12,4.92,4.94,0.2,,,
5/3/06,5.15,4.94,4.94,0.21,,,
5/4/06,5.16,4.97,4.94,0.19,,,
5/5/06,5.12,4.94,4.94,0.18,,,
5/8/06,5.12,4.97,4.94,0.15,,,
5/9/06,5.13,4.97,4.94,0.16,,,
5/10/06,5.13,5.01,4.94,0.12,,,
5/11/06,5.14,4.99,4.94,0.15,,,
5/12/06,5.19,5.01,4.94,0.18,,,
5/15/06,5.15,4.99,4.94,0.16,,,
5/16/06,5.1,4.96,4.94,0.14,,,
5/17/06,5.16,4.97,4.94,0.19,,,
5/18/06,5.08,4.94,4.94,0.14,,,
5/19/06,5.05,4.96,4.94,0.09,,,
5/22/06,5.04,4.94,4.94,0.1,,,
5/23/06,5.07,4.97,4.94,0.1,,,
5/24/06,5.03,4.94,4.94,0.09,,,
5/25/06,5.07,4.98,4.94,0.09,,,
5/26/06,5.06,4.96,4.94,0.1,,,
5/29/06,5.06,4.96,4.94,0.1,,,
5/30/06,5.09,4.99,4.94,0.1,,,
5/31/06,5.12,5.04,4.94,0.08,,,
6/1/06,5.11,5.04,4.99,0.07,,,
6/2/06,5,4.92,4.99,0.08,,,
6/5/06,5.02,4.99,4.99,0.03,,,
6/6/06,5.01,4.99,4.99,0.02,,,
6/7/06,5.02,5.02,4.99,0,,,
6/8/06,5,5.01,4.99,-0.01,,,
6/9/06,4.98,5.01,4.99,-0.03,,,
6/12/06,4.99,5.02,4.99,-0.03,,,
6/13/06,4.97,5.02,4.99,-0.05,,,
6/14/06,5.05,5.11,4.99,-0.06,,,
6/15/06,5.1,5.14,4.99,-0.04,,,
6/16/06,5.13,5.16,4.99,-0.03,,,
6/19/06,5.14,5.19,4.99,-0.05,,,
6/20/06,5.15,5.19,4.99,-0.04,,,
6/21/06,5.16,5.2,4.99,-0.04,,,
6/22/06,5.2,5.23,4.99,-0.03,,,
6/23/06,5.23,5.27,4.99,-0.04,,,
6/26/06,5.25,5.27,4.99,-0.02,,,
6/27/06,5.21,5.24,4.99,-0.03,,,
6/28/06,5.25,5.29,4.99,-0.04,,,
6/29/06,5.22,5.21,4.99,0.01,,,
6/30/06,5.15,5.16,4.99,-0.01,,,
7/3/06,5.15,5.17,5.24,-0.02,,,
7/4/06,5.15,5.17,5.24,-0.02,,,
7/5/06,5.23,5.24,5.24,-0.01,,,
7/6/06,5.19,5.22,5.24,-0.03,,,
7/7/06,5.14,5.17,5.24,-0.03,,,
7/10/06,5.13,5.17,5.24,-0.04,,,
7/11/06,5.1,5.17,5.24,-0.07,,,
7/12/06,5.1,5.17,5.24,-0.07,,,
7/13/06,5.08,5.12,5.24,-0.04,,,
7/14/06,5.07,5.08,5.24,-0.01,,,
7/17/06,5.07,5.12,5.24,-0.05,,,
7/18/06,5.13,5.19,5.24,-0.06,,,
7/19/06,5.06,5.12,5.24,-0.06,,,
7/20/06,5.03,5.06,5.24,-0.03,,,
7/21/06,5.05,5.08,5.24,-0.03,,,
7/24/06,5.05,5.1,5.24,-0.05,,,
7/25/06,5.07,5.11,5.24,-0.04,,,
7/26/06,5.04,5.06,5.24,-0.02,,,
7/27/06,5.07,5.07,5.24,0,,,
7/28/06,5,4.98,5.24,0.02,,,
7/31/06,4.99,4.97,5.24,0.02,,,
8/1/06,4.99,4.97,5.25,0.02,,,
8/2/06,4.96,4.97,5.25,-0.01,,,
8/3/06,4.96,4.98,5.25,-0.02,,,
8/4/06,4.91,4.91,5.25,0,,,
8/7/06,4.93,4.96,5.25,-0.03,,,
8/8/06,4.93,4.91,5.25,0.02,,,
8/9/06,4.92,4.91,5.25,0.01,,,
8/10/06,4.93,4.93,5.25,0,,,
8/11/06,4.97,4.96,5.25,0.01,,,
8/14/06,5,5.01,5.25,-0.01,,,
8/15/06,4.93,4.94,5.25,-0.01,,,
8/16/06,4.87,4.87,5.25,0,,,
8/17/06,4.87,4.89,5.25,-0.02,,,
8/18/06,4.84,4.87,5.25,-0.03,,,
8/21/06,4.82,4.85,5.25,-0.03,,,
8/22/06,4.82,4.87,5.25,-0.05,,,
8/23/06,4.82,4.87,5.25,-0.05,,,
8/24/06,4.81,4.88,5.25,-0.07,,,
8/25/06,4.79,4.86,5.25,-0.07,,,
8/28/06,4.8,4.88,5.25,-0.08,,,
8/29/06,4.79,4.87,5.25,-0.08,,,
8/30/06,4.76,4.83,5.25,-0.07,,,
8/31/06,4.74,4.79,5.25,-0.05,,,
9/1/06,4.73,4.77,5.25,-0.04,,,
9/4/06,4.73,4.77,5.25,-0.04,,,
9/5/06,4.78,4.8,5.25,-0.02,,,
9/6/06,4.8,4.82,5.25,-0.02,,,
9/7/06,4.8,4.82,5.25,-0.02,,,
9/8/06,4.78,4.8,5.25,-0.02,,,
9/11/06,4.8,4.83,5.25,-0.03,,,
9/12/06,4.78,4.82,5.25,-0.04,,,
9/13/06,4.77,4.8,5.25,-0.03,,,
9/14/06,4.79,4.83,5.25,-0.04,,,
9/15/06,4.8,4.87,5.25,-0.07,,,
9/18/06,4.81,4.88,5.25,-0.07,,,
9/19/06,4.74,4.79,5.25,-0.05,,,
9/20/06,4.73,4.81,5.25,-0.08,,,
9/21/06,4.65,4.71,5.25,-0.06,,,
9/22/06,4.6,4.67,5.25,-0.07,,,
9/25/06,4.56,4.63,5.25,-0.07,,,
9/26/06,4.59,4.68,5.25,-0.09,,,
9/27/06,4.6,4.66,5.25,-0.06,,,
9/28/06,4.63,4.68,5.25,-0.05,,,
9/29/06,4.64,4.71,5.25,-0.07,,,
10/2/06,4.62,4.66,5.25,-0.04,,,
10/3/06,4.62,4.67,5.25,-0.05,,,
10/4/06,4.57,4.6,5.25,-0.03,,,
10/5/06,4.61,4.65,5.25,-0.04,,,
10/6/06,4.7,4.74,5.25,-0.04,,,
10/9/06,4.7,4.74,5.25,-0.04,,,
10/10/06,4.75,4.82,5.25,-0.07,,,
10/11/06,4.78,4.85,5.25,-0.07,,,
10/12/06,4.79,4.85,5.25,-0.06,,,
10/13/06,4.81,4.87,5.25,-0.06,,,
10/16/06,4.79,4.85,5.25,-0.06,,,
10/17/06,4.78,4.83,5.25,-0.05,,,
10/18/06,4.77,4.85,5.25,-0.08,,,
10/19/06,4.79,4.85,5.25,-0.06,,,
10/20/06,4.79,4.87,5.25,-0.08,,,
10/23/06,4.83,4.9,5.25,-0.07,,,
10/24/06,4.83,4.91,5.25,-0.08,,,
10/25/06,4.78,4.88,5.25,-0.1,,,
10/26/06,4.73,4.81,5.25,-0.08,,,
10/27/06,4.68,4.76,5.25,-0.08,,,
10/30/06,4.68,4.78,5.25,-0.1,,,
10/31/06,4.61,4.71,5.25,-0.1,,,
11/1/06,4.57,4.66,5.25,-0.09,,,
11/2/06,4.6,4.67,5.25,-0.07,,,
11/3/06,4.72,4.82,5.25,-0.1,,,
11/6/06,4.71,4.82,5.25,-0.11,,,
11/7/06,4.66,4.77,5.25,-0.11,,,
11/8/06,4.64,4.75,5.25,-0.11,,,
11/9/06,4.62,4.75,5.25,-0.13,,,
11/10/06,4.59,4.73,5.25,-0.14,,,
11/13/06,4.61,4.76,5.25,-0.15,,,
11/14/06,4.57,4.74,5.25,-0.17,,,
11/15/06,4.61,4.8,5.25,-0.19,,,
11/16/06,4.66,4.85,5.25,-0.19,,,
11/17/06,4.61,4.76,5.25,-0.15,,,
11/20/06,4.6,4.76,5.25,-0.16,,,
11/21/06,4.58,4.75,5.25,-0.17,,,
11/22/06,4.57,4.74,5.25,-0.17,,,
11/23/06,4.57,4.74,5.25,-0.17,,,
11/24/06,4.55,4.73,5.25,-0.18,,,
11/27/06,4.54,4.71,5.25,-0.17,,,
11/28/06,4.51,4.67,5.25,-0.16,,,
11/29/06,4.52,4.69,5.25,-0.17,,,
11/30/06,4.46,4.62,5.25,-0.16,,,
12/1/06,4.43,4.52,5.24,-0.09,,,
12/4/06,4.43,4.52,5.24,-0.09,,,
12/5/06,4.45,4.52,5.24,-0.07,,,
12/6/06,4.48,4.59,5.24,-0.11,,,
12/7/06,4.49,4.58,5.24,-0.09,,,
12/8/06,4.56,4.68,5.24,-0.12,,,
12/11/06,4.52,4.67,5.24,-0.15,,,
12/12/06,4.49,4.61,5.24,-0.12,,,
12/13/06,4.58,4.7,5.24,-0.12,,,
12/14/06,4.6,4.73,5.24,-0.13,,,
12/15/06,4.6,4.73,5.24,-0.13,,,
12/18/06,4.6,4.71,5.24,-0.11,,,
12/19/06,4.6,4.71,5.24,-0.11,,,
12/20/06,4.6,4.71,5.24,-0.11,,,
12/21/06,4.55,4.66,5.24,-0.11,,,
12/22/06,4.63,4.71,5.24,-0.08,,,
12/25/06,4.63,4.71,5.24,-0.08,,,
12/26/06,4.61,4.71,5.24,-0.1,,,
12/27/06,4.66,4.77,5.24,-0.11,,,
12/28/06,4.7,4.82,5.24,-0.12,,,
12/29/06,4.71,4.82,5.24,-0.11,,,
1/1/07,4.71,4.82,5.25,-0.11,,,
1/2/07,4.68,4.8,5.25,-0.12,,,
1/3/07,4.67,4.76,5.25,-0.09,,,
1/4/07,4.62,4.71,5.25,-0.09,,,
1/5/07,4.65,4.76,5.25,-0.11,,,
1/8/07,4.66,4.78,5.25,-0.12,,,
1/9/07,4.66,4.79,5.25,-0.13,,,
1/10/07,4.69,4.81,5.25,-0.12,,,
1/11/07,4.74,4.86,5.25,-0.12,,,
1/12/07,4.77,4.88,5.25,-0.11,,,
1/15/07,4.77,4.88,5.25,-0.11,,,
1/16/07,4.75,4.86,5.25,-0.11,,,
1/17/07,4.79,4.91,5.25,-0.12,,,
1/18/07,4.75,4.89,5.25,-0.14,,,
1/19/07,4.78,4.93,5.25,-0.15,,,
1/22/07,4.76,4.91,5.25,-0.15,,,
1/23/07,4.81,4.94,5.25,-0.13,,,
1/24/07,4.81,4.93,5.25,-0.12,,,
1/25/07,4.87,4.98,5.25,-0.11,,,
1/26/07,4.88,4.99,5.25,-0.11,,,
1/29/07,4.9,4.99,5.25,-0.09,,,
1/30/07,4.88,4.98,5.25,-0.1,,,
1/31/07,4.83,4.94,5.25,-0.11,,,
2/1/07,4.84,4.96,5.26,-0.12,,,
2/2/07,4.83,4.94,5.26,-0.11,,,
2/5/07,4.81,4.92,5.26,-0.11,,,
2/6/07,4.77,4.9,5.26,-0.13,,,
2/7/07,4.74,4.87,5.26,-0.13,,,
2/8/07,4.73,4.87,5.26,-0.14,,,
2/9/07,4.79,4.92,5.26,-0.13,,,
2/12/07,4.8,4.94,5.26,-0.14,,,
2/13/07,4.82,4.95,5.26,-0.13,,,
2/14/07,4.74,4.87,5.26,-0.13,,,
2/15/07,4.7,4.83,5.26,-0.13,,,
2/16/07,4.69,4.83,5.26,-0.14,,,
2/19/07,4.69,4.83,5.26,-0.14,,,
2/20/07,4.68,4.81,5.26,-0.13,,,
2/21/07,4.69,4.82,5.26,-0.13,,,
2/22/07,4.73,4.87,5.26,-0.14,,,
2/23/07,4.68,4.82,5.26,-0.14,,,
2/26/07,4.63,4.77,5.26,-0.14,,,
2/27/07,4.5,4.59,5.26,-0.09,,,
2/28/07,4.56,4.65,5.26,-0.09,,,
3/1/07,4.56,4.63,5.26,-0.07,,,
3/2/07,4.52,4.56,5.26,-0.04,,,
3/5/07,4.51,4.53,5.26,-0.02,,,
3/6/07,4.53,4.58,5.26,-0.05,,,
3/7/07,4.5,4.54,5.26,-0.04,,,
3/8/07,4.51,4.56,5.26,-0.05,,,
3/9/07,4.59,4.66,5.26,-0.07,,,
3/12/07,4.56,4.62,5.26,-0.06,,,
3/13/07,4.5,4.52,5.26,-0.02,,,
3/14/07,4.53,4.54,5.26,-0.01,,,
3/15/07,4.54,4.57,5.26,-0.03,,,
3/16/07,4.55,4.58,5.26,-0.03,,,
3/19/07,4.58,4.61,5.26,-0.03,,,
3/20/07,4.56,4.6,5.26,-0.04,,,
3/21/07,4.53,4.51,5.26,0.02,,,
3/22/07,4.6,4.58,5.26,0.02,,,
3/23/07,4.62,4.6,5.26,0.02,,,
3/26/07,4.6,4.56,5.26,0.04,,,
3/27/07,4.62,4.58,5.26,0.04,,,
3/28/07,4.62,4.53,5.26,0.09,,,
3/29/07,4.64,4.58,5.26,0.06,,,
3/30/07,4.65,4.58,5.26,0.07,,,
4/2/07,4.65,4.6,5.25,0.05,,,
4/3/07,4.67,4.63,5.25,0.04,,,
4/4/07,4.66,4.61,5.25,0.05,,,
4/5/07,4.68,4.63,5.25,0.05,,,
4/6/07,4.76,4.75,5.25,0.01,,,
4/9/07,4.75,4.73,5.25,0.02,,,
4/10/07,4.73,4.71,5.25,0.02,,,
4/11/07,4.74,4.73,5.25,0.01,,,
4/12/07,4.74,4.73,5.25,0.01,,,
4/13/07,4.76,4.76,5.25,0,,,
4/16/07,4.74,4.74,5.25,0,,,
4/17/07,4.69,4.68,5.25,0.01,,,
4/18/07,4.66,4.64,5.25,0.02,,,
4/19/07,4.68,4.64,5.25,0.04,,,
4/20/07,4.68,4.64,5.25,0.04,,,
4/23/07,4.66,4.62,5.25,0.04,,,
4/24/07,4.63,4.58,5.25,0.05,,,
4/25/07,4.66,4.63,5.25,0.03,,,
4/26/07,4.69,4.67,5.25,0.02,,,
4/27/07,4.71,4.67,5.25,0.04,,,
4/30/07,4.63,4.6,5.25,0.03,,,
5/1/07,4.64,4.63,5.25,0.01,,,
5/2/07,4.65,4.65,5.25,0,,,
5/3/07,4.68,4.71,5.25,-0.03,,,
5/4/07,4.65,4.68,5.25,-0.03,,,
5/7/07,4.64,4.68,5.25,-0.04,,,
5/8/07,4.63,4.68,5.25,-0.05,,,
5/9/07,4.67,4.73,5.25,-0.06,,,
5/10/07,4.65,4.7,5.25,-0.05,,,
5/11/07,4.67,4.71,5.25,-0.04,,,
5/14/07,4.69,4.73,5.25,-0.04,,,
5/15/07,4.71,4.75,5.25,-0.04,,,
5/16/07,4.71,4.73,5.25,-0.02,,,
5/17/07,4.76,4.78,5.25,-0.02,,,
5/18/07,4.81,4.82,5.25,-0.01,,,
5/21/07,4.79,4.81,5.25,-0.02,,,
5/22/07,4.83,4.83,5.25,0,,,
5/23/07,4.86,4.85,5.25,0.01,,,
5/24/07,4.86,4.85,5.25,0.01,,,
5/25/07,4.86,4.85,5.25,0.01,,,
5/28/07,4.86,4.85,5.25,0.01,,,
5/29/07,4.88,4.88,5.25,0,,,
5/30/07,4.88,4.89,5.25,-0.01,,,
5/31/07,4.9,4.92,5.25,-0.02,,,
6/1/07,4.95,4.97,5.25,-0.02,,,
6/4/07,4.93,4.97,5.25,-0.04,,,
6/5/07,4.98,4.99,5.25,-0.01,,,
6/6/07,4.97,4.97,5.25,0,,,
6/7/07,5.11,5.03,5.25,0.08,,,
6/8/07,5.12,5.01,5.25,0.11,,,
6/11/07,5.14,5.01,5.25,0.13,,,
6/12/07,5.26,5.08,5.25,0.18,,,
6/13/07,5.2,5.08,5.25,0.12,,,
6/14/07,5.23,5.1,5.25,0.13,,,
6/15/07,5.16,5.05,5.25,0.11,,,
6/18/07,5.15,5.01,5.25,0.14,,,
6/19/07,5.09,4.94,5.25,0.15,,,
6/20/07,5.14,4.97,5.25,0.17,,,
6/21/07,5.16,4.98,5.25,0.18,,,
6/22/07,5.14,4.92,5.25,0.22,,,
6/25/07,5.09,4.87,5.25,0.22,,,
6/26/07,5.1,4.9,5.25,0.2,,,
6/27/07,5.09,4.91,5.25,0.18,,,
6/28/07,5.12,4.96,5.25,0.16,,,
6/29/07,5.03,4.87,5.25,0.16,,,
7/2/07,5,4.86,5.26,0.14,,,
7/3/07,5.05,4.89,5.26,0.16,,,
7/4/07,5.05,4.89,5.26,0.16,,,
7/5/07,5.16,4.99,5.26,0.17,,,
7/6/07,5.19,4.99,5.26,0.2,,,
7/9/07,5.16,4.97,5.26,0.19,,,
7/10/07,5.03,4.85,5.26,0.18,,,
7/11/07,5.09,4.89,5.26,0.2,,,
7/12/07,5.13,4.94,5.26,0.19,,,
7/13/07,5.11,4.94,5.26,0.17,,,
7/16/07,5.05,4.89,5.26,0.16,,,
7/17/07,5.08,4.91,5.26,0.17,,,
7/18/07,5.02,4.84,5.26,0.18,,,
7/19/07,5.04,4.87,5.26,0.17,,,
7/20/07,4.96,4.79,5.26,0.17,,,
7/23/07,4.97,4.8,5.26,0.17,,,
7/24/07,4.94,4.77,5.26,0.17,,,
7/25/07,4.92,4.74,5.26,0.18,,,
7/26/07,4.79,4.56,5.26,0.23,,,
7/27/07,4.8,4.56,5.26,0.24,,,
7/30/07,4.82,4.59,5.26,0.23,,,
7/31/07,4.78,4.56,5.26,0.22,,,
8/1/07,4.76,4.56,5.02,0.2,,,
8/2/07,4.77,4.59,5.02,0.18,,,
8/3/07,4.71,4.46,5.02,0.25,,,
8/6/07,4.72,4.46,5.02,0.26,,,
8/7/07,4.77,4.56,5.02,0.21,,,
8/8/07,4.84,4.64,5.02,0.2,,,
8/9/07,4.79,4.49,5.02,0.3,,,
8/10/07,4.81,4.47,5.02,0.34,,,
8/13/07,4.78,4.46,5.02,0.32,,,
8/14/07,4.73,4.39,5.02,0.34,,,
8/15/07,4.69,4.27,5.02,0.42,,,
8/16/07,4.6,4.08,5.02,0.52,,,
8/17/07,4.68,4.18,5.02,0.5,,,
8/20/07,4.64,4.11,5.02,0.53,,,
8/21/07,4.6,4.05,5.02,0.55,,,
8/22/07,4.63,4.15,5.02,0.48,,,
8/23/07,4.62,4.2,5.02,0.42,,,
8/24/07,4.63,4.3,5.02,0.33,,,
8/27/07,4.6,4.28,5.02,0.32,,,
8/28/07,4.53,4.13,5.02,0.4,,,
8/29/07,4.57,4.14,5.02,0.43,,,
8/30/07,4.51,4.08,5.02,0.43,,,
8/31/07,4.54,4.15,5.02,0.39,,,
9/3/07,4.54,4.15,4.94,0.39,,,
9/4/07,4.56,4.13,4.94,0.43,,,
9/5/07,4.48,4.03,4.94,0.45,,,
9/6/07,4.51,4.08,4.94,0.43,,,
9/7/07,4.38,3.9,4.94,0.48,,,
9/10/07,4.34,3.87,4.94,0.47,,,
9/11/07,4.37,3.95,4.94,0.42,,,
9/12/07,4.41,3.95,4.94,0.46,,,
9/13/07,4.49,4.08,4.94,0.41,,,
9/14/07,4.47,4.05,4.94,0.42,,,
9/17/07,4.48,4.08,4.94,0.4,,,
9/18/07,4.5,4,4.94,0.5,,,
9/19/07,4.53,4,4.94,0.53,,,
9/20/07,4.69,4.1,4.94,0.59,,,
9/21/07,4.64,4.06,4.94,0.58,,,
9/24/07,4.63,4.05,4.94,0.58,,,
9/25/07,4.63,4,4.94,0.63,,,
9/26/07,4.63,3.97,4.94,0.66,,,
9/27/07,4.58,3.95,4.94,0.63,,,
9/28/07,4.59,3.97,4.94,0.62,,,
10/1/07,4.56,4.02,4.76,0.54,,,
10/2/07,4.54,3.98,4.76,0.56,,,
10/3/07,4.55,4.02,4.76,0.53,,,
10/4/07,4.54,4,4.76,0.54,,,
10/5/07,4.65,4.08,4.76,0.57,,,
10/8/07,4.65,4.08,4.76,0.57,,,
10/9/07,4.67,4.15,4.76,0.52,,,
10/10/07,4.65,4.15,4.76,0.5,,,
10/11/07,4.66,4.13,4.76,0.53,,,
10/12/07,4.7,4.23,4.76,0.47,,,
10/15/07,4.69,4.22,4.76,0.47,,,
10/16/07,4.66,4.12,4.76,0.54,,,
10/17/07,4.57,4,4.76,0.57,,,
10/18/07,4.52,3.93,4.76,0.59,,,
10/19/07,4.41,3.8,4.76,0.61,,,
10/22/07,4.42,3.85,4.76,0.57,,,
10/23/07,4.41,3.81,4.76,0.6,,,
10/24/07,4.36,3.74,4.76,0.62,,,
10/25/07,4.37,3.74,4.76,0.63,,,
10/26/07,4.41,3.77,4.76,0.64,,,
10/29/07,4.39,3.79,4.76,0.6,,,
10/30/07,4.4,3.82,4.76,0.58,,,
10/31/07,4.48,3.94,4.76,0.54,,,
11/1/07,4.36,3.77,4.49,0.59,,,
11/2/07,4.31,3.66,4.49,0.65,,,
11/5/07,4.35,3.69,4.49,0.66,,,
11/6/07,4.38,3.7,4.49,0.68,,,
11/7/07,4.34,3.61,4.49,0.73,,,
11/8/07,4.28,3.47,4.49,0.81,,,
11/9/07,4.23,3.42,4.49,0.81,,,
11/12/07,4.23,3.42,4.49,0.81,,,
11/13/07,4.26,3.54,4.49,0.72,,,
11/14/07,4.28,3.57,4.49,0.71,,,
11/15/07,4.17,3.35,4.49,0.82,,,
11/16/07,4.15,3.33,4.49,0.82,,,
11/19/07,4.07,3.18,4.49,0.89,,,
11/20/07,4.06,3.14,4.49,0.92,,,
11/21/07,4,2.99,4.49,1.01,,,
11/22/07,4,2.99,4.49,1.01,,,
11/23/07,4.01,3.07,4.49,0.94,,,
11/26/07,3.83,2.92,4.49,0.91,,,
11/27/07,3.95,3.05,4.49,0.9,,,
11/28/07,4.03,3.17,4.49,0.86,,,
11/29/07,3.94,3.06,4.49,0.88,,,
11/30/07,3.97,3.04,4.49,0.93,,,
12/3/07,3.89,2.9,4.24,0.99,,,
12/4/07,3.89,2.9,4.24,0.99,,,
12/5/07,3.92,2.9,4.24,1.02,,,
12/6/07,4.02,3.03,4.24,0.99,,,
12/7/07,4.12,3.12,4.24,1,,,
12/10/07,4.15,3.17,4.24,0.98,,,
12/11/07,3.98,2.94,4.24,1.04,,,
12/12/07,4.05,3.07,4.24,0.98,,,
12/13/07,4.18,3.21,4.24,0.97,,,
12/14/07,4.24,3.31,4.24,0.93,,,
12/17/07,4.2,3.24,4.24,0.96,,,
12/18/07,4.14,3.19,4.24,0.95,,,
12/19/07,4.06,3.12,4.24,0.94,,,
12/20/07,4.04,3.09,4.24,0.95,,,
12/21/07,4.18,3.19,4.24,0.99,,,
12/24/07,4.23,3.24,4.24,0.99,,,
12/25/07,4.23,3.24,4.24,0.99,,,
12/26/07,4.3,3.31,4.24,0.99,,,
12/27/07,4.21,3.24,4.24,0.97,,,
12/28/07,4.11,3.12,4.24,0.99,,,
12/31/07,4.04,3.05,4.24,0.99,,,
1/1/08,4.04,3.05,3.94,0.99,,,
1/2/08,3.91,2.88,3.94,1.03,,,
1/3/08,3.91,2.83,3.94,1.08,,,
1/4/08,3.88,2.74,3.94,1.14,,,
1/7/08,3.86,2.76,3.94,1.1,,,
1/8/08,3.86,2.76,3.94,1.1,,,
1/9/08,3.82,2.69,3.94,1.13,,,
1/10/08,3.91,2.71,3.94,1.2,,,
1/11/08,3.82,2.59,3.94,1.23,,,
1/14/08,3.81,2.58,3.94,1.23,,,
1/15/08,3.72,2.53,3.94,1.19,,,
1/16/08,3.74,2.51,3.94,1.23,,,
1/17/08,3.66,2.44,3.94,1.22,,,
1/18/08,3.66,2.36,3.94,1.3,,,
1/21/08,3.66,2.36,3.94,1.3,,,
1/22/08,3.52,2.08,3.94,1.44,,,
1/23/08,3.51,2.09,3.94,1.42,,,
1/24/08,3.68,2.25,3.94,1.43,,,
1/25/08,3.61,2.23,3.94,1.38,,,
1/28/08,3.61,2.2,3.94,1.41,,,
1/29/08,3.69,2.29,3.94,1.4,,,
1/30/08,3.78,2.3,3.94,1.48,,,
1/31/08,3.67,2.17,3.94,1.5,,,
2/1/08,3.62,2.09,2.98,1.53,,,
2/4/08,3.68,2.08,2.98,1.6,,,
2/5/08,3.61,1.93,2.98,1.68,,,
2/6/08,3.61,1.96,2.98,1.65,,,
2/7/08,3.74,1.99,2.98,1.75,,,
2/8/08,3.64,1.93,2.98,1.71,,,
2/11/08,3.62,1.93,2.98,1.69,,,
2/12/08,3.66,1.94,2.98,1.72,,,
2/13/08,3.7,1.91,2.98,1.79,,,
2/14/08,3.85,1.93,2.98,1.92,,,
2/15/08,3.76,1.91,2.98,1.85,,,
2/18/08,3.76,1.91,2.98,1.85,,,
2/19/08,3.89,2.06,2.98,1.83,,,
2/20/08,3.93,2.14,2.98,1.79,,,
2/21/08,3.77,1.98,2.98,1.79,,,
2/22/08,3.79,1.98,2.98,1.81,,,
2/25/08,3.91,2.13,2.98,1.78,,,
2/26/08,3.88,2.04,2.98,1.84,,,
2/27/08,3.85,2.01,2.98,1.84,,,
2/28/08,3.71,1.87,2.98,1.84,,,
2/29/08,3.53,1.65,2.98,1.88,,,
3/3/08,3.54,1.61,2.61,1.93,,,
3/4/08,3.63,1.65,2.61,1.98,,,
3/5/08,3.7,1.66,2.61,2.04,,,
3/6/08,3.62,1.53,2.61,2.09,,,
3/7/08,3.56,1.53,2.61,2.03,,,
3/10/08,3.46,1.47,2.61,1.99,,,
3/11/08,3.6,1.74,2.61,1.86,,,
3/12/08,3.49,1.63,2.61,1.86,,,
3/13/08,3.56,1.63,2.61,1.93,,,
3/14/08,3.44,1.47,2.61,1.97,,,
3/17/08,3.34,1.35,2.61,1.99,,,
3/18/08,3.48,1.58,2.61,1.9,,,
3/19/08,3.38,1.54,2.61,1.84,,,
3/20/08,3.34,1.59,2.61,1.75,,,
3/21/08,3.34,1.59,2.61,1.75,,,
3/24/08,3.56,1.84,2.61,1.72,,,
3/25/08,3.51,1.79,2.61,1.72,,,
3/26/08,3.51,1.71,2.61,1.8,,,
3/27/08,3.56,1.73,2.61,1.83,,,
3/28/08,3.47,1.67,2.61,1.8,,,
3/31/08,3.45,1.62,2.61,1.83,,,
4/1/08,3.57,1.8,2.28,1.77,,,
4/2/08,3.6,1.88,2.28,1.72,,,
4/3/08,3.61,1.91,2.28,1.7,,,
4/4/08,3.5,1.83,2.28,1.67,,,
4/7/08,3.57,1.95,2.28,1.62,,,
4/8/08,3.58,1.87,2.28,1.71,,,
4/9/08,3.49,1.77,2.28,1.72,,,
4/10/08,3.55,1.84,2.28,1.71,,,
4/11/08,3.49,1.76,2.28,1.73,,,
4/14/08,3.53,1.78,2.28,1.75,,,
4/15/08,3.6,1.84,2.28,1.76,,,
4/16/08,3.72,1.98,2.28,1.74,,,
4/17/08,3.75,2.13,2.28,1.62,,,
4/18/08,3.77,2.19,2.28,1.58,,,
4/21/08,3.75,2.2,2.28,1.55,,,
4/22/08,3.74,2.24,2.28,1.5,,,
4/23/08,3.77,2.22,2.28,1.55,,,
4/24/08,3.87,2.41,2.28,1.46,,,
4/25/08,3.91,2.44,2.28,1.47,,,
4/28/08,3.86,2.36,2.28,1.5,,,
4/29/08,3.85,2.35,2.28,1.5,,,
4/30/08,3.77,2.29,2.28,1.48,,,
5/1/08,3.78,2.37,1.98,1.41,,,
5/2/08,3.89,2.47,1.98,1.42,,,
5/5/08,3.88,2.42,1.98,1.46,,,
5/6/08,3.93,2.38,1.98,1.55,,,
5/7/08,3.87,2.31,1.98,1.56,,,
5/8/08,3.79,2.25,1.98,1.54,,,
5/9/08,3.77,2.25,1.98,1.52,,,
5/12/08,3.78,2.3,1.98,1.48,,,
5/13/08,3.9,2.47,1.98,1.43,,,
5/14/08,3.92,2.53,1.98,1.39,,,
5/15/08,3.83,2.45,1.98,1.38,,,
5/16/08,3.85,2.47,1.98,1.38,,,
5/19/08,3.83,2.42,1.98,1.41,,,
5/20/08,3.78,2.34,1.98,1.44,,,
5/21/08,3.81,2.41,1.98,1.4,,,
5/22/08,3.92,2.56,1.98,1.36,,,
5/23/08,3.85,2.46,1.98,1.39,,,
5/26/08,3.85,2.46,1.98,1.39,,,
5/27/08,3.93,2.55,1.98,1.38,,,
5/28/08,4.03,2.62,1.98,1.41,,,
5/29/08,4.08,2.67,1.98,1.41,,,
5/30/08,4.06,2.66,1.98,1.4,,,
6/2/08,3.98,2.51,2,1.47,,,
6/3/08,3.92,2.45,2,1.47,,,
6/4/08,3.98,2.47,2,1.51,,,
6/5/08,4.06,2.52,2,1.54,,,
6/6/08,3.94,2.4,2,1.54,,,
6/9/08,4.02,2.73,2,1.29,,,
6/10/08,4.11,2.91,2,1.2,,,
6/11/08,4.1,2.83,2,1.27,,,
6/12/08,4.23,3.03,2,1.2,,,
6/13/08,4.27,3.05,2,1.22,,,
6/16/08,4.25,3.02,2,1.23,,,
6/17/08,4.23,2.94,2,1.29,,,
6/18/08,4.16,2.89,2,1.27,,,
6/19/08,4.22,2.99,2,1.23,,,
6/20/08,4.16,2.88,2,1.28,,,
6/23/08,4.19,2.98,2,1.21,,,
6/24/08,4.1,2.87,2,1.23,,,
6/25/08,4.12,2.82,2,1.3,,,
6/26/08,4.07,2.68,2,1.39,,,
6/27/08,3.99,2.65,2,1.34,,,
6/30/08,3.99,2.63,2,1.36,,,
7/1/08,4.01,2.63,2.01,1.38,,,
7/2/08,3.99,2.6,2.01,1.39,,,
7/3/08,3.99,2.54,2.01,1.45,,,
7/4/08,3.99,2.54,2.01,1.45,,,
7/7/08,3.95,2.47,2.01,1.48,,,
7/8/08,3.91,2.47,2.01,1.44,,,
7/9/08,3.85,2.41,2.01,1.44,,,
7/10/08,3.83,2.44,2.01,1.39,,,
7/11/08,3.96,2.59,2.01,1.37,,,
7/14/08,3.9,2.47,2.01,1.43,,,
7/15/08,3.87,2.39,2.01,1.48,,,
7/16/08,3.97,2.44,2.01,1.53,,,
7/17/08,4.07,2.58,2.01,1.49,,,
7/18/08,4.11,2.66,2.01,1.45,,,
7/21/08,4.09,2.66,2.01,1.43,,,
7/22/08,4.14,2.74,2.01,1.4,,,
7/23/08,4.16,2.81,2.01,1.35,,,
7/24/08,4.03,2.61,2.01,1.42,,,
7/25/08,4.13,2.7,2.01,1.43,,,
7/28/08,4.06,2.59,2.01,1.47,,,
7/29/08,4.09,2.65,2.01,1.44,,,
7/30/08,4.07,2.64,2.01,1.43,,,
7/31/08,3.99,2.52,2.01,1.47,,,
8/1/08,3.97,2.51,2,1.46,,,
8/4/08,3.98,2.53,2,1.45,,,
8/5/08,4.04,2.54,2,1.5,,,
8/6/08,4.06,2.56,2,1.5,,,
8/7/08,3.92,2.43,2,1.49,,,
8/8/08,3.94,2.51,2,1.43,,,
8/11/08,3.99,2.56,2,1.43,,,
8/12/08,3.91,2.45,2,1.46,,,
8/13/08,3.94,2.5,2,1.44,,,
8/14/08,3.89,2.45,2,1.44,,,
8/15/08,3.84,2.4,2,1.44,,,
8/18/08,3.82,2.35,2,1.47,,,
8/19/08,3.83,2.32,2,1.51,,,
8/20/08,3.79,2.25,2,1.54,,,
8/21/08,3.84,2.33,2,1.51,,,
8/22/08,3.87,2.42,2,1.45,,,
8/25/08,3.79,2.33,2,1.46,,,
8/26/08,3.79,2.35,2,1.44,,,
8/27/08,3.77,2.31,2,1.46,,,
8/28/08,3.79,2.37,2,1.42,,,
8/29/08,3.83,2.36,2,1.47,,,
9/1/08,3.83,2.36,1.81,1.47,,,
9/2/08,3.74,2.26,1.81,1.48,,,
9/3/08,3.71,2.26,1.81,1.45,,,
9/4/08,3.64,2.2,1.81,1.44,,,
9/5/08,3.66,2.23,1.81,1.43,,,
9/8/08,3.66,2.3,1.81,1.36,,,
9/9/08,3.62,2.23,1.81,1.39,,,
9/10/08,3.65,2.22,1.81,1.43,,,
9/11/08,3.64,2.18,1.81,1.46,,,
9/12/08,3.74,2.23,1.81,1.51,,,
9/15/08,3.47,1.78,1.81,1.69,,,
9/16/08,3.48,1.89,1.81,1.59,,,
9/17/08,3.41,1.64,1.81,1.77,,,
9/18/08,3.54,1.78,1.81,1.76,,,
9/19/08,3.78,2.16,1.81,1.62,,,
9/22/08,3.83,2.13,1.81,1.7,,,
9/23/08,3.85,2.11,1.81,1.74,,,
9/24/08,3.8,2.03,1.81,1.77,,,
9/25/08,3.88,2.16,1.81,1.72,,,
9/26/08,3.85,2.11,1.81,1.74,,,
9/29/08,3.61,1.7,1.81,1.91,,,
9/30/08,3.85,2,1.81,1.85,,,
10/1/08,3.77,1.82,0.97,1.95,,,
10/2/08,3.66,1.62,0.97,2.04,,,
10/3/08,3.63,1.6,0.97,2.03,,,
10/6/08,3.48,1.43,0.97,2.05,,,
10/7/08,3.5,1.47,0.97,2.03,,,
10/8/08,3.72,1.65,0.97,2.07,,,
10/9/08,3.84,1.65,0.97,2.19,,,
10/10/08,3.89,1.62,0.97,2.27,,,
10/13/08,3.89,1.62,0.97,2.27,,,
10/14/08,4.08,1.82,0.97,2.26,,,
10/15/08,4.04,1.64,0.97,2.4,,,
10/16/08,3.99,1.61,0.97,2.38,,,
10/17/08,3.98,1.64,0.97,2.34,,,
10/20/08,3.91,1.71,0.97,2.2,,,
10/21/08,3.76,1.58,0.97,2.18,,,
10/22/08,3.65,1.53,0.97,2.12,,,
10/23/08,3.63,1.54,0.97,2.09,,,
10/24/08,3.76,1.57,0.97,2.19,,,
10/27/08,3.79,1.59,0.97,2.2,,,
10/28/08,3.89,1.65,0.97,2.24,,,
10/29/08,3.93,1.58,0.97,2.35,,,
10/30/08,4,1.59,0.97,2.41,,,
10/31/08,4.01,1.56,0.97,2.45,,,
11/3/08,3.96,1.45,0.39,2.51,,,
11/4/08,3.81,1.39,0.39,2.42,,,
11/5/08,3.73,1.36,0.39,2.37,,,
11/6/08,3.75,1.28,0.39,2.47,,,
11/7/08,3.83,1.33,0.39,2.5,,,
11/10/08,3.82,1.27,0.39,2.55,,,
11/11/08,3.82,1.27,0.39,2.55,,,
11/12/08,3.75,1.19,0.39,2.56,,,
11/13/08,3.84,1.24,0.39,2.6,,,
11/14/08,3.72,1.22,0.39,2.5,,,
11/17/08,3.68,1.22,0.39,2.46,,,
11/18/08,3.53,1.15,0.39,2.38,,,
11/19/08,3.38,1.09,0.39,2.29,,,
11/20/08,3.1,1,0.39,2.1,,,
11/21/08,3.2,1.09,0.39,2.11,,,
11/24/08,3.35,1.31,0.39,2.04,,,
11/25/08,3.11,1.15,0.39,1.96,,,
11/26/08,2.99,1.09,0.39,1.9,,,
11/27/08,2.99,1.09,0.39,1.9,,,
11/28/08,2.93,1,0.39,1.93,,,
12/1/08,2.72,0.9,0.16,1.82,,,
12/2/08,2.68,0.9,0.16,1.78,,,
12/3/08,2.67,0.87,0.16,1.8,,,
12/4/08,2.55,0.82,0.16,1.73,,,
12/5/08,2.67,0.93,0.16,1.74,,,
12/8/08,2.77,0.97,0.16,1.8,,,
12/9/08,2.67,0.84,0.16,1.83,,,
12/10/08,2.69,0.86,0.16,1.83,,,
12/11/08,2.64,0.79,0.16,1.85,,,
12/12/08,2.6,0.78,0.16,1.82,,,
12/15/08,2.53,0.75,0.16,1.78,,,
12/16/08,2.37,0.65,0.16,1.72,,,
12/17/08,2.2,0.73,0.16,1.47,,,
12/18/08,2.08,0.68,0.16,1.4,,,
12/19/08,2.13,0.74,0.16,1.39,,,
12/22/08,2.16,0.87,0.16,1.29,,,
12/23/08,2.18,0.9,0.16,1.28,,,
12/24/08,2.2,0.9,0.16,1.3,,,
12/25/08,2.2,0.9,0.16,1.3,,,
12/26/08,2.16,0.89,0.16,1.27,,,
12/29/08,2.13,0.78,0.16,1.35,,,
12/30/08,2.11,0.75,0.16,1.36,,,
12/31/08,2.25,0.76,0.16,1.49,,,
1/1/09,2.25,0.76,0.15,1.49,,,
1/2/09,2.46,0.88,0.15,1.58,,,
1/5/09,2.49,0.78,0.15,1.71,,,
1/6/09,2.51,0.8,0.15,1.71,,,
1/7/09,2.52,0.82,0.15,1.7,,,
1/8/09,2.47,0.83,0.15,1.64,,,
1/9/09,2.43,0.75,0.15,1.68,,,
1/12/09,2.34,0.74,0.15,1.6,,,
1/13/09,2.33,0.76,0.15,1.57,,,
1/14/09,2.24,0.73,0.15,1.51,,,
1/15/09,2.23,0.73,0.15,1.5,,,
1/16/09,2.36,0.73,0.15,1.63,,,
1/19/09,2.36,0.73,0.15,1.63,,,
1/20/09,2.4,0.73,0.15,1.67,,,
1/21/09,2.56,0.78,0.15,1.78,,,
1/22/09,2.62,0.75,0.15,1.87,,,
1/23/09,2.65,0.83,0.15,1.82,,,
1/26/09,2.7,0.85,0.15,1.85,,,
1/27/09,2.59,0.87,0.15,1.72,,,
1/28/09,2.71,0.89,0.15,1.82,,,
1/29/09,2.87,0.95,0.15,1.92,,,
1/30/09,2.87,0.94,0.15,1.93,,,
2/2/09,2.76,0.89,0.22,1.87,,,
2/3/09,2.89,0.96,0.22,1.93,,,
2/4/09,2.95,0.98,0.22,1.97,,,
2/5/09,2.95,0.98,0.22,1.97,,,
2/6/09,3.05,0.99,0.22,2.06,,,
2/9/09,3.07,1.05,0.22,2.02,,,
2/10/09,2.9,0.92,0.22,1.98,,,
2/11/09,2.78,0.93,0.22,1.85,,,
2/12/09,2.75,0.89,0.22,1.86,,,
2/13/09,2.89,0.97,0.22,1.92,,,
2/16/09,2.89,0.97,0.22,1.92,,,
2/17/09,2.64,0.87,0.22,1.77,,,
2/18/09,2.74,0.97,0.22,1.77,,,
2/19/09,2.85,1.01,0.22,1.84,,,
2/20/09,2.78,0.96,0.22,1.82,,,
2/23/09,2.78,0.96,0.22,1.82,,,
2/24/09,2.8,1.03,0.22,1.77,,,
2/25/09,2.95,1.09,0.22,1.86,,,
2/26/09,2.98,1.08,0.22,1.9,,,
2/27/09,3.02,1,0.22,2.02,,,
3/2/09,2.91,0.89,0.18,2.02,,,
3/3/09,2.93,0.91,0.18,2.02,,,
3/4/09,3.01,0.97,0.18,2.04,,,
3/5/09,2.83,0.9,0.18,1.93,,,
3/6/09,2.83,0.91,0.18,1.92,,,
3/9/09,2.89,0.96,0.18,1.93,,,
3/10/09,2.99,1.01,0.18,1.98,,,
3/11/09,2.95,1.03,0.18,1.92,,,
3/12/09,2.89,1.03,0.18,1.86,,,
3/13/09,2.89,0.98,0.18,1.91,,,
3/16/09,2.97,1,0.18,1.97,,,
3/17/09,3.02,1.05,0.18,1.97,,,
3/18/09,2.51,0.82,0.18,1.69,,,
3/19/09,2.61,0.87,0.18,1.74,,,
3/20/09,2.65,0.89,0.18,1.76,,,
3/23/09,2.68,0.93,0.18,1.75,,,
3/24/09,2.68,0.93,0.18,1.75,,,
3/25/09,2.81,0.96,0.18,1.85,,,
3/26/09,2.76,0.9,0.18,1.86,,,
3/27/09,2.78,0.9,0.18,1.88,,,
3/30/09,2.73,0.84,0.18,1.89,,,
3/31/09,2.71,0.81,0.18,1.9,,,
4/1/09,2.68,0.83,0.15,1.85,,,
4/2/09,2.77,0.88,0.15,1.89,,,
4/3/09,2.91,0.96,0.15,1.95,,,
4/6/09,2.95,0.94,0.15,2.01,,,
4/7/09,2.93,0.91,0.15,2.02,,,
4/8/09,2.86,0.93,0.15,1.93,,,
4/9/09,2.96,0.96,0.15,2,,,
4/10/09,2.96,0.96,0.15,2,,,
4/13/09,2.88,0.89,0.15,1.99,,,
4/14/09,2.8,0.86,0.15,1.94,,,
4/15/09,2.82,0.86,0.15,1.96,,,
4/16/09,2.86,0.91,0.15,1.95,,,
4/17/09,2.98,0.99,0.15,1.99,,,
4/20/09,2.88,0.93,0.15,1.95,,,
4/21/09,2.94,0.96,0.15,1.98,,,
4/22/09,2.98,1,0.15,1.98,,,
4/23/09,2.96,0.97,0.15,1.99,,,
4/24/09,3.03,0.99,0.15,2.04,,,
4/27/09,2.95,0.9,0.15,2.05,,,
4/28/09,3.05,0.95,0.15,2.1,,,
4/29/09,3.12,0.94,0.15,2.18,,,
4/30/09,3.16,0.91,0.15,2.25,,,
5/1/09,3.21,0.92,0.18,2.29,,,
5/4/09,3.19,0.94,0.18,2.25,,,
5/5/09,3.2,0.98,0.18,2.22,,,
5/6/09,3.18,0.96,0.18,2.22,,,
5/7/09,3.29,1,0.18,2.29,,,
5/8/09,3.29,1,0.18,2.29,,,
5/11/09,3.17,0.92,0.18,2.25,,,
5/12/09,3.17,0.9,0.18,2.27,,,
5/13/09,3.11,0.89,0.18,2.22,,,
5/14/09,3.1,0.87,0.18,2.23,,,
5/15/09,3.14,0.88,0.18,2.26,,,
5/18/09,3.22,0.93,0.18,2.29,,,
5/19/09,3.25,0.91,0.18,2.34,,,
5/20/09,3.19,0.87,0.18,2.32,,,
5/21/09,3.35,0.89,0.18,2.46,,,
5/22/09,3.45,0.92,0.18,2.53,,,
5/25/09,3.45,0.92,0.18,2.53,,,
5/26/09,3.5,0.96,0.18,2.54,,,
5/27/09,3.71,0.96,0.18,2.75,,,
5/28/09,3.67,0.97,0.18,2.7,,,
5/29/09,3.47,0.92,0.18,2.55,,,
6/1/09,3.71,0.97,0.21,2.74,,,
6/2/09,3.65,0.96,0.21,2.69,,,
6/3/09,3.56,0.91,0.21,2.65,,,
6/4/09,3.72,0.96,0.21,2.76,,,
6/5/09,3.84,1.32,0.21,2.52,,,
6/8/09,3.91,1.42,0.21,2.49,,,
6/9/09,3.86,1.33,0.21,2.53,,,
6/10/09,3.98,1.38,0.21,2.6,,,
6/11/09,3.88,1.35,0.21,2.53,,,
6/12/09,3.81,1.3,0.21,2.51,,,
6/15/09,3.76,1.26,0.21,2.5,,,
6/16/09,3.67,1.23,0.21,2.44,,,
6/17/09,3.68,1.19,0.21,2.49,,,
6/18/09,3.86,1.28,0.21,2.58,,,
6/19/09,3.79,1.25,0.21,2.54,,,
6/22/09,3.72,1.17,0.21,2.55,,,
6/23/09,3.65,1.14,0.21,2.51,,,
6/24/09,3.72,1.19,0.21,2.53,,,
6/25/09,3.55,1.12,0.21,2.43,,,
6/26/09,3.52,1.1,0.21,2.42,,,
6/29/09,3.51,1.11,0.21,2.4,,,
6/30/09,3.53,1.11,0.21,2.42,,,
7/1/09,3.55,1.05,0.16,2.5,,,
7/2/09,3.51,0.98,0.16,2.53,,,
7/3/09,3.51,0.98,0.16,2.53,,,
7/6/09,3.52,0.96,0.16,2.56,,,
7/7/09,3.47,0.98,0.16,2.49,,,
7/8/09,3.33,0.91,0.16,2.42,,,
7/9/09,3.44,0.94,0.16,2.5,,,
7/10/09,3.32,0.91,0.16,2.41,,,
7/13/09,3.38,0.92,0.16,2.46,,,
7/14/09,3.5,0.97,0.16,2.53,,,
7/15/09,3.63,1.03,0.16,2.6,,,
7/16/09,3.59,1,0.16,2.59,,,
7/17/09,3.67,1.02,0.16,2.65,,,
7/20/09,3.61,0.99,0.16,2.62,,,
7/21/09,3.5,0.96,0.16,2.54,,,
7/22/09,3.58,0.98,0.16,2.6,,,
7/23/09,3.72,1.08,0.16,2.64,,,
7/24/09,3.7,1.05,0.16,2.65,,,
7/27/09,3.75,1.08,0.16,2.67,,,
7/28/09,3.72,1.12,0.16,2.6,,,
7/29/09,3.69,1.17,0.16,2.52,,,
7/30/09,3.67,1.19,0.16,2.48,,,
7/31/09,3.52,1.13,0.16,2.39,,,
8/3/09,3.66,1.18,0.16,2.48,,,
8/4/09,3.7,1.2,0.16,2.5,,,
8/5/09,3.8,1.23,0.16,2.57,,,
8/6/09,3.79,1.22,0.16,2.57,,,
8/7/09,3.89,1.32,0.16,2.57,,,
8/10/09,3.8,1.24,0.16,2.56,,,
8/11/09,3.71,1.21,0.16,2.5,,,
8/12/09,3.72,1.18,0.16,2.54,,,
8/13/09,3.59,1.12,0.16,2.47,,,
8/14/09,3.55,1.07,0.16,2.48,,,
8/17/09,3.48,1.04,0.16,2.44,,,
8/18/09,3.51,1.06,0.16,2.45,,,
8/19/09,3.45,1.01,0.16,2.44,,,
8/20/09,3.42,1.03,0.16,2.39,,,
8/21/09,3.56,1.13,0.16,2.43,,,
8/24/09,3.48,1.05,0.16,2.43,,,
8/25/09,3.45,1.05,0.16,2.4,,,
8/26/09,3.44,1.06,0.16,2.38,,,
8/27/09,3.47,1.04,0.16,2.43,,,
8/28/09,3.46,1.01,0.16,2.45,,,
8/31/09,3.4,0.97,0.16,2.43,,,
9/1/09,3.38,0.92,0.15,2.46,,,
9/2/09,3.29,0.89,0.15,2.4,,,
9/3/09,3.33,0.91,0.15,2.42,,,
9/4/09,3.45,0.94,0.15,2.51,,,
9/7/09,3.45,0.94,0.15,2.51,,,
9/8/09,3.47,0.93,0.15,2.54,,,
9/9/09,3.48,0.93,0.15,2.55,,,
9/10/09,3.36,0.9,0.15,2.46,,,
9/11/09,3.34,0.9,0.15,2.44,,,
9/14/09,3.42,0.94,0.15,2.48,,,
9/15/09,3.47,0.96,0.15,2.51,,,
9/16/09,3.48,1.01,0.15,2.47,,,
9/17/09,3.42,0.98,0.15,2.44,,,
9/18/09,3.49,1.03,0.15,2.46,,,
9/21/09,3.49,1.02,0.15,2.47,,,
9/22/09,3.46,1.02,0.15,2.44,,,
9/23/09,3.44,0.96,0.15,2.48,,,
9/24/09,3.4,0.93,0.15,2.47,,,
9/25/09,3.34,0.98,0.15,2.36,,,
9/28/09,3.31,0.98,0.15,2.33,,,
9/29/09,3.31,1,0.15,2.31,,,
9/30/09,3.31,0.95,0.15,2.36,,,
10/1/09,3.21,0.87,0.12,2.34,,,
10/2/09,3.24,0.88,0.12,2.36,,,
10/5/09,3.24,0.88,0.12,2.36,,,
10/6/09,3.27,0.91,0.12,2.36,,,
10/7/09,3.21,0.87,0.12,2.34,,,
10/8/09,3.27,0.9,0.12,2.37,,,
10/9/09,3.4,0.98,0.12,2.42,,,
10/12/09,3.4,0.98,0.12,2.42,,,
10/13/09,3.34,0.91,0.12,2.43,,,
10/14/09,3.45,0.96,0.12,2.49,,,
10/15/09,3.49,0.97,0.12,2.52,,,
10/16/09,3.43,0.97,0.12,2.46,,,
10/19/09,3.41,0.99,0.12,2.42,,,
10/20/09,3.35,0.95,0.12,2.4,,,
10/21/09,3.42,1,0.12,2.42,,,
10/22/09,3.44,0.97,0.12,2.47,,,
10/23/09,3.51,1.04,0.12,2.47,,,
10/26/09,3.59,1.06,0.12,2.53,,,
10/27/09,3.49,0.99,0.12,2.5,,,
10/28/09,3.44,0.95,0.12,2.49,,,
10/29/09,3.53,0.98,0.12,2.55,,,
10/30/09,3.41,0.9,0.12,2.51,,,
11/2/09,3.45,0.92,0.12,2.53,,,
11/3/09,3.5,0.92,0.12,2.58,,,
11/4/09,3.57,0.91,0.12,2.66,,,
11/5/09,3.57,0.9,0.12,2.67,,,
11/6/09,3.54,0.86,0.12,2.68,,,
11/9/09,3.52,0.87,0.12,2.65,,,
11/10/09,3.5,0.85,0.12,2.65,,,
11/11/09,3.5,0.85,0.12,2.65,,,
11/12/09,3.45,0.82,0.12,2.63,,,
11/13/09,3.43,0.82,0.12,2.61,,,
11/16/09,3.33,0.78,0.12,2.55,,,
11/17/09,3.33,0.78,0.12,2.55,,,
11/18/09,3.36,0.77,0.12,2.59,,,
11/19/09,3.35,0.73,0.12,2.62,,,
11/20/09,3.36,0.75,0.12,2.61,,,
11/23/09,3.37,0.77,0.12,2.6,,,
11/24/09,3.32,0.73,0.12,2.59,,,
11/25/09,3.28,0.73,0.12,2.55,,,
11/26/09,3.28,0.73,0.12,2.55,,,
11/27/09,3.21,0.68,0.12,2.53,,,
11/30/09,3.21,0.67,0.12,2.54,,,
12/1/09,3.28,0.67,0.12,2.61,,,
12/2/09,3.32,0.72,0.12,2.6,,,
12/3/09,3.39,0.74,0.12,2.65,,,
12/4/09,3.48,0.84,0.12,2.64,,,
12/7/09,3.44,0.78,0.12,2.66,,,
12/8/09,3.4,0.73,0.12,2.67,,,
12/9/09,3.45,0.76,0.12,2.69,,,
12/10/09,3.49,0.78,0.12,2.71,,,
12/11/09,3.55,0.83,0.12,2.72,,,
12/14/09,3.56,0.87,0.12,2.69,,,
12/15/09,3.6,0.88,0.12,2.72,,,
12/16/09,3.61,0.85,0.12,2.76,,,
12/17/09,3.5,0.77,0.12,2.73,,,
12/18/09,3.55,0.82,0.12,2.73,,,
12/21/09,3.69,0.89,0.12,2.8,,,
12/22/09,3.76,0.95,0.12,2.81,,,
12/23/09,3.77,0.96,0.12,2.81,,,
12/24/09,3.82,1,0.12,2.82,,,
12/25/09,3.82,1,0.12,2.82,,,
12/28/09,3.85,1.09,0.12,2.76,,,
12/29/09,3.82,1.09,0.12,2.73,,,
12/30/09,3.8,1.08,0.12,2.72,,,
12/31/09,3.85,1.14,0.12,2.71,,,
1/1/10,3.85,1.14,0.11,2.71,,,
1/4/10,3.85,1.09,0.11,2.76,,,
1/5/10,3.77,1.01,0.11,2.76,,,
1/6/10,3.85,1.01,0.11,2.84,,,
1/7/10,3.85,1.03,0.11,2.82,,,
1/8/10,3.83,0.96,0.11,2.87,,,
1/11/10,3.85,0.95,0.11,2.9,,,
1/12/10,3.74,0.92,0.11,2.82,,,
1/13/10,3.8,0.97,0.11,2.83,,,
1/14/10,3.76,0.94,0.11,2.82,,,
1/15/10,3.7,0.89,0.11,2.81,,,
1/18/10,3.7,0.89,0.11,2.81,,,
1/19/10,3.73,0.93,0.11,2.8,,,
1/20/10,3.68,0.92,0.11,2.76,,,
1/21/10,3.62,0.87,0.11,2.75,,,
1/22/10,3.62,0.84,0.11,2.78,,,
1/25/10,3.66,0.86,0.11,2.8,,,
1/26/10,3.65,0.87,0.11,2.78,,,
1/27/10,3.66,0.9,0.11,2.76,,,
1/28/10,3.68,0.87,0.11,2.81,,,
1/29/10,3.63,0.82,0.11,2.81,,,
2/1/10,3.68,0.86,0.13,2.82,,,
2/2/10,3.67,0.86,0.13,2.81,,,
2/3/10,3.73,0.88,0.13,2.85,,,
2/4/10,3.62,0.8,0.13,2.82,,,
2/5/10,3.59,0.77,0.13,2.82,,,
2/8/10,3.62,0.79,0.13,2.83,,,
2/9/10,3.67,0.84,0.13,2.83,,,
2/10/10,3.72,0.91,0.13,2.81,,,
2/11/10,3.73,0.91,0.13,2.82,,,
2/12/10,3.69,0.84,0.13,2.85,,,
2/15/10,3.69,0.84,0.13,2.85,,,
2/16/10,3.66,0.82,0.13,2.84,,,
2/17/10,3.74,0.87,0.13,2.87,,,
2/18/10,3.79,0.9,0.13,2.89,,,
2/19/10,3.78,0.95,0.13,2.83,,,
2/22/10,3.8,0.91,0.13,2.89,,,
2/23/10,3.69,0.87,0.13,2.82,,,
2/24/10,3.7,0.87,0.13,2.83,,,
2/25/10,3.64,0.82,0.13,2.82,,,
2/26/10,3.61,0.81,0.13,2.8,,,
3/1/10,3.61,0.8,0.16,2.81,,,
3/2/10,3.62,0.8,0.16,2.82,,,
3/3/10,3.63,0.82,0.16,2.81,,,
3/4/10,3.61,0.86,0.16,2.75,,,
3/5/10,3.69,0.91,0.16,2.78,,,
3/8/10,3.72,0.9,0.16,2.82,,,
3/9/10,3.71,0.89,0.16,2.82,,,
3/10/10,3.73,0.92,0.16,2.81,,,
3/11/10,3.73,0.97,0.16,2.76,,,
3/12/10,3.71,0.97,0.16,2.74,,,
3/15/10,3.71,0.96,0.16,2.75,,,
3/16/10,3.66,0.93,0.16,2.73,,,
3/17/10,3.65,0.95,0.16,2.7,,,
3/18/10,3.68,0.98,0.16,2.7,,,
3/19/10,3.7,1.02,0.16,2.68,,,
3/22/10,3.67,1.01,0.16,2.66,,,
3/23/10,3.69,1.02,0.16,2.67,,,
3/24/10,3.84,1.08,0.16,2.76,,,
3/25/10,3.91,1.1,0.16,2.81,,,
3/26/10,3.86,1.04,0.16,2.82,,,
3/29/10,3.88,1.04,0.16,2.84,,,
3/30/10,3.88,1.06,0.16,2.82,,,
3/31/10,3.84,1.02,0.16,2.82,,,
4/1/10,3.89,1.05,0.2,2.84,,,
4/2/10,3.96,1.11,0.2,2.85,,,
4/5/10,4.01,1.18,0.2,2.83,,,
4/6/10,3.98,1.14,0.2,2.84,,,
4/7/10,3.89,1.06,0.2,2.83,,,
4/8/10,3.91,1.09,0.2,2.82,,,
4/9/10,3.9,1.08,0.2,2.82,,,
4/12/10,3.87,1.07,0.2,2.8,,,
4/13/10,3.84,1.07,0.2,2.77,,,
4/14/10,3.88,1.07,0.2,2.81,,,
4/15/10,3.86,1.04,0.2,2.82,,,
4/16/10,3.79,0.98,0.2,2.81,,,
4/19/10,3.83,1.01,0.2,2.82,,,
4/20/10,3.82,1.05,0.2,2.77,,,
4/21/10,3.77,1.03,0.2,2.74,,,
4/22/10,3.8,1.07,0.2,2.73,,,
4/23/10,3.84,1.1,0.2,2.74,,,
4/26/10,3.83,1.09,0.2,2.74,,,
4/27/10,3.71,1.03,0.2,2.68,,,
4/28/10,3.8,1.03,0.2,2.77,,,
4/29/10,3.76,1.01,0.2,2.75,,,
4/30/10,3.69,0.97,0.2,2.72,,,
5/3/10,3.72,1,0.2,2.72,,,
5/4/10,3.63,0.96,0.2,2.67,,,
5/5/10,3.58,0.88,0.2,2.7,,,
5/6/10,3.41,0.75,0.2,2.66,,,
5/7/10,3.45,0.83,0.2,2.62,,,
5/10/10,3.57,0.87,0.2,2.7,,,
5/11/10,3.56,0.85,0.2,2.71,,,
5/12/10,3.56,0.89,0.2,2.67,,,
5/13/10,3.55,0.87,0.2,2.68,,,
5/14/10,3.44,0.79,0.2,2.65,,,
5/17/10,3.47,0.81,0.2,2.66,,,
5/18/10,3.38,0.76,0.2,2.62,,,
5/19/10,3.36,0.8,0.2,2.56,,,
5/20/10,3.25,0.76,0.2,2.49,,,
5/21/10,3.2,0.76,0.2,2.44,,,
5/24/10,3.23,0.77,0.2,2.46,,,
5/25/10,3.18,0.81,0.2,2.37,,,
5/26/10,3.21,0.82,0.2,2.39,,,
5/27/10,3.34,0.87,0.2,2.47,,,
5/28/10,3.31,0.76,0.2,2.55,,,
5/31/10,3.31,0.76,0.2,2.55,,,
6/1/10,3.29,0.78,0.18,2.51,,,
6/2/10,3.35,0.82,0.18,2.53,,,
6/3/10,3.39,0.82,0.18,2.57,,,
6/4/10,3.2,0.72,0.18,2.48,,,
6/7/10,3.17,0.74,0.18,2.43,,,
6/8/10,3.18,0.74,0.18,2.44,,,
6/9/10,3.2,0.74,0.18,2.46,,,
6/10/10,3.33,0.79,0.18,2.54,,,
6/11/10,3.24,0.75,0.18,2.49,,,
6/14/10,3.28,0.77,0.18,2.51,,,
6/15/10,3.32,0.79,0.18,2.53,,,
6/16/10,3.27,0.75,0.18,2.52,,,
6/17/10,3.21,0.72,0.18,2.49,,,
6/18/10,3.24,0.74,0.18,2.5,,,
6/21/10,3.26,0.74,0.18,2.52,,,
6/22/10,3.18,0.71,0.18,2.47,,,
6/23/10,3.13,0.66,0.18,2.47,,,
6/24/10,3.14,0.67,0.18,2.47,,,
6/25/10,3.12,0.65,0.18,2.47,,,
6/28/10,3.05,0.62,0.18,2.43,,,
6/29/10,2.97,0.61,0.18,2.36,,,
6/30/10,2.97,0.61,0.18,2.36,,,
7/1/10,2.96,0.63,0.18,2.33,,,
7/2/10,3,0.63,0.18,2.37,,,
7/5/10,3,0.63,0.18,2.37,,,
7/6/10,2.95,0.62,0.18,2.33,,,
7/7/10,3,0.63,0.18,2.37,,,
7/8/10,3.04,0.63,0.18,2.41,,,
7/9/10,3.07,0.63,0.18,2.44,,,
7/12/10,3.08,0.65,0.18,2.43,,,
7/13/10,3.15,0.67,0.18,2.48,,,
7/14/10,3.07,0.62,0.18,2.45,,,
7/15/10,3,0.61,0.18,2.39,,,
7/16/10,2.96,0.61,0.18,2.35,,,
7/19/10,2.99,0.61,0.18,2.38,,,
7/20/10,2.98,0.61,0.18,2.37,,,
7/21/10,2.9,0.58,0.18,2.32,,,
7/22/10,2.96,0.6,0.18,2.36,,,
7/23/10,3.02,0.6,0.18,2.42,,,
7/26/10,3.03,0.62,0.18,2.41,,,
7/27/10,3.08,0.65,0.18,2.43,,,
7/28/10,3.03,0.61,0.18,2.42,,,
7/29/10,3.03,0.59,0.18,2.44,,,
7/30/10,2.94,0.55,0.18,2.39,,,
8/2/10,2.99,0.56,0.19,2.43,,,
8/3/10,2.94,0.53,0.19,2.41,,,
8/4/10,2.98,0.56,0.19,2.42,,,
8/5/10,2.94,0.53,0.19,2.41,,,
8/6/10,2.86,0.5,0.19,2.36,,,
8/9/10,2.86,0.54,0.19,2.32,,,
8/10/10,2.79,0.52,0.19,2.27,,,
8/11/10,2.72,0.54,0.19,2.18,,,
8/12/10,2.74,0.55,0.19,2.19,,,
8/13/10,2.68,0.54,0.19,2.14,,,
8/16/10,2.58,0.51,0.19,2.07,,,
8/17/10,2.64,0.52,0.19,2.12,,,
8/18/10,2.64,0.51,0.19,2.13,,,
8/19/10,2.58,0.49,0.19,2.09,,,
8/20/10,2.62,0.49,0.19,2.13,,,
8/23/10,2.6,0.49,0.19,2.11,,,
8/24/10,2.5,0.5,0.19,2,,,
8/25/10,2.54,0.53,0.19,2.01,,,
8/26/10,2.5,0.51,0.19,1.99,,,
8/27/10,2.66,0.56,0.19,2.1,,,
8/30/10,2.54,0.5,0.19,2.04,,,
8/31/10,2.47,0.47,0.19,2,,,
9/1/10,2.58,0.5,0.19,2.08,,,
9/2/10,2.63,0.5,0.19,2.13,,,
9/3/10,2.72,0.52,0.19,2.2,,,
9/6/10,2.72,0.52,0.19,2.2,,,
9/7/10,2.61,0.49,0.19,2.12,,,
9/8/10,2.66,0.52,0.19,2.14,,,
9/9/10,2.77,0.57,0.19,2.2,,,
9/10/10,2.81,0.58,0.19,2.23,,,
9/13/10,2.74,0.53,0.19,2.21,,,
9/14/10,2.68,0.5,0.19,2.18,,,
9/15/10,2.74,0.5,0.19,2.24,,,
9/16/10,2.77,0.48,0.19,2.29,,,
9/17/10,2.75,0.48,0.19,2.27,,,
9/20/10,2.72,0.47,0.19,2.25,,,
9/21/10,2.61,0.43,0.19,2.18,,,
9/22/10,2.56,0.44,0.19,2.12,,,
9/23/10,2.56,0.45,0.19,2.11,,,
9/24/10,2.62,0.45,0.19,2.17,,,
9/27/10,2.54,0.44,0.19,2.1,,,
9/28/10,2.48,0.37,0.19,2.11,,,
9/29/10,2.52,0.44,0.19,2.08,,,
9/30/10,2.53,0.42,0.19,2.11,,,
10/1/10,2.54,0.42,0.19,2.12,,,
10/4/10,2.5,0.41,0.19,2.09,,,
10/5/10,2.5,0.41,0.19,2.09,,,
10/6/10,2.41,0.38,0.19,2.03,,,
10/7/10,2.41,0.36,0.19,2.05,,,
10/8/10,2.41,0.35,0.19,2.06,,,
10/11/10,2.41,0.35,0.19,2.06,,,
10/12/10,2.44,0.37,0.19,2.07,,,
10/13/10,2.46,0.37,0.19,2.09,,,
10/14/10,2.52,0.38,0.19,2.14,,,
10/15/10,2.59,0.37,0.19,2.22,,,
10/18/10,2.52,0.38,0.19,2.14,,,
10/19/10,2.5,0.37,0.19,2.13,,,
10/20/10,2.51,0.35,0.19,2.16,,,
10/21/10,2.57,0.37,0.19,2.2,,,
10/22/10,2.59,0.35,0.19,2.24,,,
10/25/10,2.59,0.37,0.19,2.22,,,
10/26/10,2.67,0.4,0.19,2.27,,,
10/27/10,2.75,0.4,0.19,2.35,,,
10/28/10,2.69,0.37,0.19,2.32,,,
10/29/10,2.63,0.34,0.19,2.29,,,
11/1/10,2.66,0.34,0.19,2.32,,,
11/2/10,2.63,0.34,0.19,2.29,,,
11/3/10,2.67,0.34,0.19,2.33,,,
11/4/10,2.53,0.33,0.19,2.2,,,
11/5/10,2.58,0.38,0.19,2.2,,,
11/8/10,2.6,0.41,0.19,2.19,,,
11/9/10,2.72,0.46,0.19,2.26,,,
11/10/10,2.65,0.44,0.19,2.21,,,
11/11/10,2.65,0.44,0.19,2.21,,,
11/12/10,2.76,0.51,0.19,2.25,,,
11/15/10,2.92,0.53,0.19,2.39,,,
11/16/10,2.85,0.51,0.19,2.34,,,
11/17/10,2.89,0.5,0.19,2.39,,,
11/18/10,2.9,0.52,0.19,2.38,,,
11/19/10,2.88,0.52,0.19,2.36,,,
11/22/10,2.8,0.49,0.19,2.31,,,
11/23/10,2.77,0.45,0.19,2.32,,,
11/24/10,2.93,0.53,0.19,2.4,,,
11/25/10,2.93,0.53,0.19,2.4,,,
11/26/10,2.87,0.51,0.19,2.36,,,
11/29/10,2.84,0.52,0.19,2.32,,,
11/30/10,2.81,0.45,0.19,2.36,,,
12/1/10,2.97,0.53,0.18,2.44,,,
12/2/10,3.01,0.55,0.18,2.46,,,
12/3/10,3.03,0.49,0.18,2.54,,,
12/6/10,2.95,0.42,0.18,2.53,,,
12/7/10,3.15,0.54,0.18,2.61,,,
12/8/10,3.26,0.63,0.18,2.63,,,
12/9/10,3.23,0.64,0.18,2.59,,,
12/10/10,3.32,0.64,0.18,2.68,,,
12/13/10,3.29,0.61,0.18,2.68,,,
12/14/10,3.49,0.66,0.18,2.83,,,
12/15/10,3.53,0.68,0.18,2.85,,,
12/16/10,3.47,0.66,0.18,2.81,,,
12/17/10,3.33,0.61,0.18,2.72,,,
12/20/10,3.36,0.62,0.18,2.74,,,
12/21/10,3.35,0.63,0.18,2.72,,,
12/22/10,3.36,0.65,0.18,2.71,,,
12/23/10,3.41,0.67,0.18,2.74,,,
12/24/10,3.41,0.67,0.18,2.74,,,
12/27/10,3.36,0.71,0.18,2.65,,,
12/28/10,3.5,0.75,0.18,2.75,,,
12/29/10,3.35,0.64,0.18,2.71,,,
12/30/10,3.38,0.66,0.18,2.72,,,
12/31/10,3.3,0.61,0.18,2.69,,,
1/3/11,3.36,0.61,0.17,2.75,,,
1/4/11,3.36,0.63,0.17,2.73,,,
1/5/11,3.5,0.71,0.17,2.79,,,
1/6/11,3.44,0.68,0.17,2.76,,,
1/7/11,3.34,0.6,0.17,2.74,,,
1/10/11,3.32,0.59,0.17,2.73,,,
1/11/11,3.37,0.6,0.17,2.77,,,
1/12/11,3.4,0.61,0.17,2.79,,,
1/13/11,3.34,0.59,0.17,2.75,,,
1/14/11,3.35,0.59,0.17,2.76,,,
1/17/11,3.35,0.59,0.17,2.76,,,
1/18/11,3.39,0.6,0.17,2.79,,,
1/19/11,3.37,0.6,0.17,2.77,,,
1/20/11,3.47,0.65,0.17,2.82,,,
1/21/11,3.44,0.63,0.17,2.81,,,
1/24/11,3.43,0.65,0.17,2.78,,,
1/25/11,3.35,0.62,0.17,2.73,,,
1/26/11,3.45,0.62,0.17,2.83,,,
1/27/11,3.42,0.59,0.17,2.83,,,
1/28/11,3.36,0.54,0.17,2.82,,,
1/31/11,3.42,0.58,0.17,2.84,,,
2/1/11,3.48,0.61,0.16,2.87,,,
2/2/11,3.52,0.67,0.16,2.85,,,
2/3/11,3.58,0.71,0.16,2.87,,,
2/4/11,3.68,0.77,0.16,2.91,,,
2/7/11,3.68,0.78,0.16,2.9,,,
2/8/11,3.75,0.86,0.16,2.89,,,
2/9/11,3.65,0.81,0.16,2.84,,,
2/10/11,3.7,0.85,0.16,2.85,,,
2/11/11,3.64,0.85,0.16,2.79,,,
2/14/11,3.62,0.87,0.16,2.75,,,
2/15/11,3.61,0.84,0.16,2.77,,,
2/16/11,3.62,0.86,0.16,2.76,,,
2/17/11,3.58,0.8,0.16,2.78,,,
2/18/11,3.59,0.78,0.16,2.81,,,
2/21/11,3.59,0.78,0.16,2.81,,,
2/22/11,3.46,0.74,0.16,2.72,,,
2/23/11,3.49,0.74,0.16,2.75,,,
2/24/11,3.46,0.73,0.16,2.73,,,
2/25/11,3.42,0.72,0.16,2.7,,,
2/28/11,3.42,0.69,0.16,2.73,,,
3/1/11,3.41,0.66,0.14,2.75,,,
3/2/11,3.46,0.69,0.14,2.77,,,
3/3/11,3.58,0.79,0.14,2.79,,,
3/4/11,3.49,0.68,0.14,2.81,,,
3/7/11,3.51,0.7,0.14,2.81,,,
3/8/11,3.56,0.73,0.14,2.83,,,
3/9/11,3.48,0.7,0.14,2.78,,,
3/10/11,3.37,0.65,0.14,2.72,,,
3/11/11,3.4,0.64,0.14,2.76,,,
3/14/11,3.36,0.61,0.14,2.75,,,
3/15/11,3.33,0.63,0.14,2.7,,,
3/16/11,3.22,0.58,0.14,2.64,,,
3/17/11,3.25,0.6,0.14,2.65,,,
3/18/11,3.28,0.61,0.14,2.67,,,
3/21/11,3.34,0.67,0.14,2.67,,,
3/22/11,3.34,0.68,0.14,2.66,,,
3/23/11,3.36,0.69,0.14,2.67,,,
3/24/11,3.42,0.72,0.14,2.7,,,
3/25/11,3.46,0.79,0.14,2.67,,,
3/28/11,3.47,0.81,0.14,2.66,,,
3/29/11,3.5,0.81,0.14,2.69,,,
3/30/11,3.47,0.8,0.14,2.67,,,
3/31/11,3.47,0.8,0.14,2.67,,,
4/1/11,3.46,0.8,0.1,2.66,,,
4/4/11,3.45,0.77,0.1,2.68,,,
4/5/11,3.5,0.84,0.1,2.66,,,
4/6/11,3.56,0.85,0.1,2.71,,,
4/7/11,3.58,0.81,0.1,2.77,,,
4/8/11,3.59,0.83,0.1,2.76,,,
4/11/11,3.59,0.85,0.1,2.74,,,
4/12/11,3.52,0.77,0.1,2.75,,,
4/13/11,3.49,0.75,0.1,2.74,,,
4/14/11,3.51,0.77,0.1,2.74,,,
4/15/11,3.43,0.71,0.1,2.72,,,
4/18/11,3.4,0.69,0.1,2.71,,,
4/19/11,3.39,0.68,0.1,2.71,,,
4/20/11,3.43,0.69,0.1,2.74,,,
4/21/11,3.42,0.68,0.1,2.74,,,
4/22/11,3.42,0.68,0.1,2.74,,,
4/25/11,3.39,0.67,0.1,2.72,,,
4/26/11,3.34,0.65,0.1,2.69,,,
4/27/11,3.39,0.65,0.1,2.74,,,
4/28/11,3.34,0.62,0.1,2.72,,,
4/29/11,3.32,0.61,0.1,2.71,,,
5/2/11,3.31,0.61,0.09,2.7,,,
5/3/11,3.28,0.61,0.09,2.67,,,
5/4/11,3.25,0.6,0.09,2.65,,,
5/5/11,3.18,0.58,0.09,2.6,,,
5/6/11,3.19,0.57,0.09,2.62,,,
5/9/11,3.17,0.57,0.09,2.6,,,
5/10/11,3.23,0.59,0.09,2.64,,,
5/11/11,3.19,0.56,0.09,2.63,,,
5/12/11,3.22,0.57,0.09,2.65,,,
5/13/11,3.18,0.57,0.09,2.61,,,
5/16/11,3.15,0.54,0.09,2.61,,,
5/17/11,3.12,0.55,0.09,2.57,,,
5/18/11,3.18,0.58,0.09,2.6,,,
5/19/11,3.17,0.55,0.09,2.62,,,
5/20/11,3.15,0.55,0.09,2.6,,,
5/23/11,3.13,0.55,0.09,2.58,,,
5/24/11,3.12,0.56,0.09,2.56,,,
5/25/11,3.13,0.54,0.09,2.59,,,
5/26/11,3.07,0.48,0.09,2.59,,,
5/27/11,3.07,0.48,0.09,2.59,,,
5/30/11,3.07,0.48,0.09,2.59,,,
5/31/11,3.05,0.45,0.09,2.6,,,
6/1/11,2.96,0.44,0.09,2.52,,,
6/2/11,3.04,0.45,0.09,2.59,,,
6/3/11,2.99,0.42,0.09,2.57,,,
6/6/11,3.01,0.43,0.09,2.58,,,
6/7/11,3.01,0.39,0.09,2.62,,,
6/8/11,2.98,0.39,0.09,2.59,,,
6/9/11,3.01,0.43,0.09,2.58,,,
6/10/11,2.99,0.41,0.09,2.58,,,
6/13/11,3,0.4,0.09,2.6,,,
6/14/11,3.11,0.45,0.09,2.66,,,
6/15/11,2.98,0.38,0.09,2.6,,,
6/16/11,2.93,0.38,0.09,2.55,,,
6/17/11,2.94,0.38,0.09,2.56,,,
6/20/11,2.97,0.38,0.09,2.59,,,
6/21/11,2.99,0.4,0.09,2.59,,,
6/22/11,3.01,0.39,0.09,2.62,,,
6/23/11,2.93,0.35,0.09,2.58,,,
6/24/11,2.88,0.35,0.09,2.53,,,
6/27/11,2.95,0.41,0.09,2.54,,,
6/28/11,3.05,0.48,0.09,2.57,,,
6/29/11,3.14,0.47,0.09,2.67,,,
6/30/11,3.18,0.45,0.09,2.73,,,
7/1/11,3.22,0.5,0.07,2.72,,,
7/4/11,3.22,0.5,0.07,2.72,,,
7/5/11,3.16,0.44,0.07,2.72,,,
7/6/11,3.12,0.43,0.07,2.69,,,
7/7/11,3.17,0.49,0.07,2.68,,,
7/8/11,3.03,0.4,0.07,2.63,,,
7/11/11,2.94,0.37,0.07,2.57,,,
7/12/11,2.92,0.37,0.07,2.55,,,
7/13/11,2.92,0.37,0.07,2.55,,,
7/14/11,2.98,0.38,0.07,2.6,,,
7/15/11,2.94,0.37,0.07,2.57,,,
7/18/11,2.94,0.37,0.07,2.57,,,
7/19/11,2.91,0.39,0.07,2.52,,,
7/20/11,2.96,0.4,0.07,2.56,,,
7/21/11,3.03,0.4,0.07,2.63,,,
7/22/11,2.99,0.4,0.07,2.59,,,
7/25/11,3.03,0.42,0.07,2.61,,,
7/26/11,2.99,0.41,0.07,2.58,,,
7/27/11,3.01,0.44,0.07,2.57,,,
7/28/11,2.98,0.42,0.07,2.56,,,
7/29/11,2.82,0.36,0.07,2.46,,,
8/1/11,2.77,0.38,0.1,2.39,,,
8/2/11,2.66,0.33,0.1,2.33,,,
8/3/11,2.64,0.33,0.1,2.31,,,
8/4/11,2.47,0.27,0.1,2.2,,,
8/5/11,2.58,0.28,0.1,2.3,,,
8/8/11,2.4,0.27,0.1,2.13,,,
8/9/11,2.2,0.19,0.1,2.01,,,
8/10/11,2.17,0.19,0.1,1.98,,,
8/11/11,2.34,0.19,0.1,2.15,,,
8/12/11,2.24,0.2,0.1,2.04,,,
8/15/11,2.29,0.19,0.1,2.1,,,
8/16/11,2.23,0.2,0.1,2.03,,,
8/17/11,2.17,0.19,0.1,1.98,,,
8/18/11,2.08,0.2,0.1,1.88,,,
8/19/11,2.07,0.2,0.1,1.87,,,
8/22/11,2.1,0.22,0.1,1.88,,,
8/23/11,2.15,0.22,0.1,1.93,,,
8/24/11,2.29,0.23,0.1,2.06,,,
8/25/11,2.23,0.22,0.1,2.01,,,
8/26/11,2.19,0.2,0.1,1.99,,,
8/29/11,2.28,0.2,0.1,2.08,,,
8/30/11,2.19,0.2,0.1,1.99,,,
8/31/11,2.23,0.2,0.1,2.03,,,
9/1/11,2.15,0.19,0.08,1.96,,,
9/2/11,2.02,0.2,0.08,1.82,,,
9/5/11,2.02,0.2,0.08,1.82,,,
9/6/11,1.98,0.21,0.08,1.77,,,
9/7/11,2.05,0.21,0.08,1.84,,,
9/8/11,2,0.19,0.08,1.81,,,
9/9/11,1.93,0.17,0.08,1.76,,,
9/12/11,1.94,0.21,0.08,1.73,,,
9/13/11,2,0.21,0.08,1.79,,,
9/14/11,2.03,0.19,0.08,1.84,,,
9/15/11,2.09,0.21,0.08,1.88,,,
9/16/11,2.08,0.18,0.08,1.9,,,
9/19/11,1.97,0.16,0.08,1.81,,,
9/20/11,1.95,0.18,0.08,1.77,,,
9/21/11,1.88,0.21,0.08,1.67,,,
9/22/11,1.72,0.2,0.08,1.52,,,
9/23/11,1.84,0.23,0.08,1.61,,,
9/26/11,1.91,0.25,0.08,1.66,,,
9/27/11,2,0.25,0.08,1.75,,,
9/28/11,2.03,0.27,0.08,1.76,,,
9/29/11,1.99,0.27,0.08,1.72,,,
9/30/11,1.92,0.25,0.08,1.67,,,
10/3/11,1.8,0.24,0.07,1.56,,,
10/4/11,1.81,0.25,0.07,1.56,,,
10/5/11,1.92,0.25,0.07,1.67,,,
10/6/11,2.01,0.29,0.07,1.72,,,
10/7/11,2.1,0.3,0.07,1.8,,,
10/10/11,2.1,0.3,0.07,1.8,,,
10/11/11,2.18,0.32,0.07,1.86,,,
10/12/11,2.24,0.29,0.07,1.95,,,
10/13/11,2.19,0.29,0.07,1.9,,,
10/14/11,2.26,0.28,0.07,1.98,,,
10/17/11,2.18,0.28,0.07,1.9,,,
10/18/11,2.19,0.28,0.07,1.91,,,
10/19/11,2.18,0.28,0.07,1.9,,,
10/20/11,2.2,0.28,0.07,1.92,,,
10/21/11,2.23,0.3,0.07,1.93,,,
10/24/11,2.25,0.3,0.07,1.95,,,
10/25/11,2.14,0.26,0.07,1.88,,,
10/26/11,2.23,0.28,0.07,1.95,,,
10/27/11,2.42,0.31,0.07,2.11,,,
10/28/11,2.34,0.28,0.07,2.06,,,
10/31/11,2.17,0.25,0.07,1.92,,,
11/1/11,2.01,0.23,0.08,1.78,,,
11/2/11,2.03,0.23,0.08,1.8,,,
11/3/11,2.09,0.24,0.08,1.85,,,
11/4/11,2.06,0.22,0.08,1.84,,,
11/7/11,2.04,0.25,0.08,1.79,,,
11/8/11,2.1,0.25,0.08,1.85,,,
11/9/11,2,0.24,0.08,1.76,,,
11/10/11,2.04,0.24,0.08,1.8,,,
11/11/11,2.04,0.24,0.08,1.8,,,
11/14/11,2.04,0.24,0.08,1.8,,,
11/15/11,2.06,0.26,0.08,1.8,,,
11/16/11,2.01,0.26,0.08,1.75,,,
11/17/11,1.96,0.27,0.08,1.69,,,
11/18/11,2.01,0.29,0.08,1.72,,,
11/21/11,1.97,0.27,0.08,1.7,,,
11/22/11,1.94,0.26,0.08,1.68,,,
11/23/11,1.89,0.26,0.08,1.63,,,
11/24/11,1.89,0.26,0.08,1.63,,,
11/25/11,1.97,0.28,0.08,1.69,,,
11/28/11,1.97,0.26,0.08,1.71,,,
11/29/11,2,0.27,0.08,1.73,,,
11/30/11,2.08,0.25,0.08,1.83,,,
12/1/11,2.11,0.27,0.07,1.84,,,
12/2/11,2.05,0.25,0.07,1.8,,,
12/5/11,2.04,0.27,0.07,1.77,,,
12/6/11,2.08,0.25,0.07,1.83,,,
12/7/11,2.02,0.24,0.07,1.78,,,
12/8/11,1.99,0.22,0.07,1.77,,,
12/9/11,2.07,0.22,0.07,1.85,,,
12/12/11,2.03,0.24,0.07,1.79,,,
12/13/11,1.96,0.24,0.07,1.72,,,
12/14/11,1.92,0.25,0.07,1.67,,,
12/15/11,1.92,0.26,0.07,1.66,,,
12/16/11,1.86,0.24,0.07,1.62,,,
12/19/11,1.82,0.24,0.07,1.58,,,
12/20/11,1.94,0.26,0.07,1.68,,,
12/21/11,1.98,0.28,0.07,1.7,,,
12/22/11,1.97,0.28,0.07,1.69,,,
12/23/11,2.03,0.28,0.07,1.75,,,
12/26/11,2.03,0.28,0.07,1.75,,,
12/27/11,2.02,0.3,0.07,1.72,,,
12/28/11,1.93,0.28,0.07,1.65,,,
12/29/11,1.91,0.28,0.07,1.63,,,
12/30/11,1.89,0.25,0.07,1.64,,,
1/2/12,1.89,0.25,0.08,1.64,,,
1/3/12,1.97,0.27,0.08,1.7,,,
1/4/12,2,0.25,0.08,1.75,,,
1/5/12,2.02,0.27,0.08,1.75,,,
1/6/12,1.98,0.25,0.08,1.73,,,
1/9/12,1.98,0.26,0.08,1.72,,,
1/10/12,2,0.24,0.08,1.76,,,
1/11/12,1.93,0.24,0.08,1.69,,,
1/12/12,1.94,0.22,0.08,1.72,,,
1/13/12,1.89,0.24,0.08,1.65,,,
1/16/12,1.89,0.24,0.08,1.65,,,
1/17/12,1.87,0.21,0.08,1.66,,,
1/18/12,1.92,0.24,0.08,1.68,,,
1/19/12,2.01,0.26,0.08,1.75,,,
1/20/12,2.05,0.26,0.08,1.79,,,
1/23/12,2.09,0.26,0.08,1.83,,,
1/24/12,2.08,0.24,0.08,1.84,,,
1/25/12,2.01,0.22,0.08,1.79,,,
1/26/12,1.96,0.22,0.08,1.74,,,
1/27/12,1.93,0.22,0.08,1.71,,,
1/30/12,1.87,0.22,0.08,1.65,,,
1/31/12,1.83,0.22,0.08,1.61,,,
2/1/12,1.87,0.23,0.1,1.64,,,
2/2/12,1.86,0.23,0.1,1.63,,,
2/3/12,1.97,0.23,0.1,1.74,,,
2/6/12,1.93,0.24,0.1,1.69,,,
2/7/12,2,0.25,0.1,1.75,,,
2/8/12,2.01,0.27,0.1,1.74,,,
2/9/12,2.04,0.27,0.1,1.77,,,
2/10/12,1.96,0.27,0.1,1.69,,,
2/13/12,1.99,0.29,0.1,1.7,,,
2/14/12,1.92,0.29,0.1,1.63,,,
2/15/12,1.93,0.29,0.1,1.64,,,
2/16/12,1.99,0.29,0.1,1.7,,,
2/17/12,2.01,0.29,0.1,1.72,,,
2/20/12,2.01,0.29,0.1,1.72,,,
2/21/12,2.05,0.31,0.1,1.74,,,
2/22/12,2.01,0.29,0.1,1.72,,,
2/23/12,1.99,0.31,0.1,1.68,,,
2/24/12,1.98,0.31,0.1,1.67,,,
2/27/12,1.92,0.3,0.1,1.62,,,
2/28/12,1.94,0.3,0.1,1.64,,,
2/29/12,1.98,0.3,0.1,1.68,,,
3/1/12,2.03,0.3,0.13,1.73,,,
3/2/12,1.99,0.28,0.13,1.71,,,
3/5/12,2,0.31,0.13,1.69,,,
3/6/12,1.96,0.3,0.13,1.66,,,
3/7/12,1.98,0.3,0.13,1.68,,,
3/8/12,2.03,0.32,0.13,1.71,,,
3/9/12,2.04,0.33,0.13,1.71,,,
3/12/12,2.04,0.33,0.13,1.71,,,
3/13/12,2.14,0.35,0.13,1.79,,,
3/14/12,2.29,0.4,0.13,1.89,,,
3/15/12,2.29,0.37,0.13,1.92,,,
3/16/12,2.31,0.37,0.13,1.94,,,
3/19/12,2.39,0.39,0.13,2,,,
3/20/12,2.38,0.41,0.13,1.97,,,
3/21/12,2.31,0.39,0.13,1.92,,,
3/22/12,2.29,0.37,0.13,1.92,,,
3/23/12,2.25,0.37,0.13,1.88,,,
3/26/12,2.26,0.36,0.13,1.9,,,
3/27/12,2.2,0.33,0.13,1.87,,,
3/28/12,2.21,0.34,0.13,1.87,,,
3/29/12,2.18,0.33,0.13,1.85,,,
3/30/12,2.23,0.33,0.13,1.9,,,
4/2/12,2.22,0.33,0.14,1.89,,,
4/3/12,2.3,0.36,0.14,1.94,,,
4/4/12,2.25,0.35,0.14,1.9,,,
4/5/12,2.19,0.35,0.14,1.84,,,
4/6/12,2.07,0.32,0.14,1.75,,,
4/9/12,2.06,0.32,0.14,1.74,,,
4/10/12,2.01,0.28,0.14,1.73,,,
4/11/12,2.05,0.3,0.14,1.75,,,
4/12/12,2.08,0.29,0.14,1.79,,,
4/13/12,2.02,0.27,0.14,1.75,,,
4/16/12,2,0.27,0.14,1.73,,,
4/17/12,2.03,0.27,0.14,1.76,,,
4/18/12,2,0.27,0.14,1.73,,,
4/19/12,1.98,0.27,0.14,1.71,,,
4/20/12,1.99,0.29,0.14,1.7,,,
4/23/12,1.96,0.27,0.14,1.69,,,
4/24/12,2,0.27,0.14,1.73,,,
4/25/12,2.01,0.26,0.14,1.75,,,
4/26/12,1.98,0.26,0.14,1.72,,,
4/27/12,1.96,0.26,0.14,1.7,,,
4/30/12,1.95,0.27,0.14,1.68,,,
5/1/12,1.98,0.27,0.16,1.71,,,
5/2/12,1.96,0.27,0.16,1.69,,,
5/3/12,1.96,0.28,0.16,1.68,,,
5/4/12,1.91,0.27,0.16,1.64,,,
5/7/12,1.92,0.27,0.16,1.65,,,
5/8/12,1.88,0.27,0.16,1.61,,,
5/9/12,1.87,0.27,0.16,1.6,,,
5/10/12,1.89,0.27,0.16,1.62,,,
5/11/12,1.84,0.27,0.16,1.57,,,
5/14/12,1.78,0.29,0.16,1.49,,,
5/15/12,1.76,0.29,0.16,1.47,,,
5/16/12,1.76,0.3,0.16,1.46,,,
5/17/12,1.7,0.32,0.16,1.38,,,
5/18/12,1.71,0.32,0.16,1.39,,,
5/21/12,1.75,0.3,0.16,1.45,,,
5/22/12,1.79,0.3,0.16,1.49,,,
5/23/12,1.73,0.28,0.16,1.45,,,
5/24/12,1.77,0.29,0.16,1.48,,,
5/25/12,1.75,0.3,0.16,1.45,,,
5/28/12,1.75,0.3,0.16,1.45,,,
5/29/12,1.74,0.3,0.16,1.44,,,
5/30/12,1.63,0.27,0.16,1.36,,,
5/31/12,1.59,0.27,0.16,1.32,,,
6/1/12,1.47,0.25,0.16,1.22,,,
6/4/12,1.53,0.25,0.16,1.28,,,
6/5/12,1.57,0.25,0.16,1.32,,,
6/6/12,1.66,0.26,0.16,1.4,,,
6/7/12,1.66,0.27,0.16,1.39,,,
6/8/12,1.65,0.28,0.16,1.37,,,
6/11/12,1.6,0.27,0.16,1.33,,,
6/12/12,1.67,0.3,0.16,1.37,,,
6/13/12,1.61,0.3,0.16,1.31,,,
6/14/12,1.64,0.3,0.16,1.34,,,
6/15/12,1.6,0.29,0.16,1.31,,,
6/18/12,1.59,0.29,0.16,1.3,,,
6/19/12,1.64,0.3,0.16,1.34,,,
6/20/12,1.65,0.32,0.16,1.33,,,
6/21/12,1.63,0.32,0.16,1.31,,,
6/22/12,1.69,0.31,0.16,1.38,,,
6/25/12,1.63,0.31,0.16,1.32,,,
6/26/12,1.66,0.31,0.16,1.35,,,
6/27/12,1.65,0.31,0.16,1.34,,,
6/28/12,1.6,0.31,0.16,1.29,,,
6/29/12,1.67,0.33,0.16,1.34,,,
7/2/12,1.61,0.3,0.16,1.31,,,
7/3/12,1.65,0.3,0.16,1.35,,,
7/4/12,1.65,0.3,0.16,1.35,,,
7/5/12,1.62,0.28,0.16,1.34,,,
7/6/12,1.57,0.27,0.16,1.3,,,
7/9/12,1.53,0.27,0.16,1.26,,,
7/10/12,1.53,0.27,0.16,1.26,,,
7/11/12,1.54,0.27,0.16,1.27,,,
7/12/12,1.5,0.25,0.16,1.25,,,
7/13/12,1.52,0.25,0.16,1.27,,,
7/16/12,1.5,0.24,0.16,1.26,,,
7/17/12,1.53,0.25,0.16,1.28,,,
7/18/12,1.52,0.22,0.16,1.3,,,
7/19/12,1.54,0.22,0.16,1.32,,,
7/20/12,1.49,0.22,0.16,1.27,,,
7/23/12,1.47,0.22,0.16,1.25,,,
7/24/12,1.44,0.22,0.16,1.22,,,
7/25/12,1.43,0.22,0.16,1.21,,,
7/26/12,1.45,0.23,0.16,1.22,,,
7/27/12,1.58,0.25,0.16,1.33,,,
7/30/12,1.53,0.23,0.16,1.3,,,
7/31/12,1.51,0.23,0.16,1.28,,,
8/1/12,1.56,0.24,0.13,1.32,,,
8/2/12,1.51,0.24,0.13,1.27,,,
8/3/12,1.6,0.24,0.13,1.36,,,
8/6/12,1.59,0.24,0.13,1.35,,,
8/7/12,1.66,0.27,0.13,1.39,,,
8/8/12,1.68,0.29,0.13,1.39,,,
8/9/12,1.69,0.29,0.13,1.4,,,
8/10/12,1.65,0.27,0.13,1.38,,,
8/13/12,1.65,0.27,0.13,1.38,,,
8/14/12,1.73,0.27,0.13,1.46,,,
8/15/12,1.8,0.27,0.13,1.53,,,
8/16/12,1.83,0.29,0.13,1.54,,,
8/17/12,1.81,0.29,0.13,1.52,,,
8/20/12,1.82,0.29,0.13,1.53,,,
8/21/12,1.8,0.31,0.13,1.49,,,
8/22/12,1.71,0.26,0.13,1.45,,,
8/23/12,1.68,0.26,0.13,1.42,,,
8/24/12,1.68,0.28,0.13,1.4,,,
8/27/12,1.65,0.28,0.13,1.37,,,
8/28/12,1.64,0.27,0.13,1.37,,,
8/29/12,1.66,0.27,0.13,1.39,,,
8/30/12,1.63,0.27,0.13,1.36,,,
8/31/12,1.57,0.22,0.13,1.35,,,
9/3/12,1.57,0.22,0.14,1.35,,,
9/4/12,1.59,0.23,0.14,1.36,,,
9/5/12,1.6,0.25,0.14,1.35,,,
9/6/12,1.68,0.27,0.14,1.41,,,
9/7/12,1.67,0.25,0.14,1.42,,,
9/10/12,1.68,0.25,0.14,1.43,,,
9/11/12,1.7,0.25,0.14,1.45,,,
9/12/12,1.77,0.25,0.14,1.52,,,
9/13/12,1.75,0.24,0.14,1.51,,,
9/14/12,1.88,0.27,0.14,1.61,,,
9/17/12,1.85,0.25,0.14,1.6,,,
9/18/12,1.82,0.25,0.14,1.57,,,
9/19/12,1.79,0.27,0.14,1.52,,,
9/20/12,1.8,0.27,0.14,1.53,,,
9/21/12,1.77,0.27,0.14,1.5,,,
9/24/12,1.74,0.27,0.14,1.47,,,
9/25/12,1.7,0.27,0.14,1.43,,,
9/26/12,1.64,0.26,0.14,1.38,,,
9/27/12,1.66,0.25,0.14,1.41,,,
9/28/12,1.65,0.23,0.14,1.42,,,
10/1/12,1.64,0.25,0.16,1.39,,,
10/2/12,1.64,0.23,0.16,1.41,,,
10/3/12,1.64,0.23,0.16,1.41,,,
10/4/12,1.7,0.23,0.16,1.47,,,
10/5/12,1.75,0.27,0.16,1.48,,,
10/8/12,1.75,0.27,0.16,1.48,,,
10/9/12,1.74,0.25,0.16,1.49,,,
10/10/12,1.72,0.27,0.16,1.45,,,
10/11/12,1.7,0.28,0.16,1.42,,,
10/12/12,1.69,0.27,0.16,1.42,,,
10/15/12,1.7,0.27,0.16,1.43,,,
10/16/12,1.75,0.27,0.16,1.48,,,
10/17/12,1.83,0.3,0.16,1.53,,,
10/18/12,1.86,0.29,0.16,1.57,,,
10/19/12,1.79,0.3,0.16,1.49,,,
10/22/12,1.83,0.32,0.16,1.51,,,
10/23/12,1.79,0.29,0.16,1.5,,,
10/24/12,1.8,0.29,0.16,1.51,,,
10/25/12,1.86,0.31,0.16,1.55,,,
10/26/12,1.78,0.3,0.16,1.48,,,
10/29/12,1.74,0.3,0.16,1.44,,,
10/30/12,1.74,0.3,0.16,1.44,,,
10/31/12,1.72,0.3,0.16,1.42,,,
11/1/12,1.75,0.3,0.16,1.45,,,
11/2/12,1.75,0.28,0.16,1.47,,,
11/5/12,1.72,0.28,0.16,1.44,,,
11/6/12,1.78,0.3,0.16,1.48,,,
11/7/12,1.68,0.27,0.16,1.41,,,
11/8/12,1.62,0.27,0.16,1.35,,,
11/9/12,1.61,0.27,0.16,1.34,,,
11/12/12,1.61,0.27,0.16,1.34,,,
11/13/12,1.59,0.27,0.16,1.32,,,
11/14/12,1.59,0.25,0.16,1.34,,,
11/15/12,1.58,0.24,0.16,1.34,,,
11/16/12,1.58,0.24,0.16,1.34,,,
11/19/12,1.61,0.25,0.16,1.36,,,
11/20/12,1.66,0.27,0.16,1.39,,,
11/21/12,1.69,0.27,0.16,1.42,,,
11/22/12,1.69,0.27,0.16,1.42,,,
11/23/12,1.7,0.29,0.16,1.41,,,
11/26/12,1.66,0.27,0.16,1.39,,,
11/27/12,1.64,0.27,0.16,1.37,,,
11/28/12,1.63,0.27,0.16,1.36,,,
11/29/12,1.62,0.25,0.16,1.37,,,
11/30/12,1.62,0.25,0.16,1.37,,,
12/3/12,1.63,0.25,0.16,1.38,,,
12/4/12,1.62,0.25,0.16,1.37,,,
12/5/12,1.6,0.25,0.16,1.35,,,
12/6/12,1.59,0.25,0.16,1.34,,,
12/7/12,1.64,0.25,0.16,1.39,,,
12/10/12,1.63,0.24,0.16,1.39,,,
12/11/12,1.66,0.24,0.16,1.42,,,
12/12/12,1.72,0.25,0.16,1.47,,,
12/13/12,1.74,0.27,0.16,1.47,,,
12/14/12,1.72,0.24,0.16,1.48,,,
12/17/12,1.78,0.25,0.16,1.53,,,
12/18/12,1.84,0.28,0.16,1.56,,,
12/19/12,1.82,0.28,0.16,1.54,,,
12/20/12,1.81,0.28,0.16,1.53,,,
12/21/12,1.77,0.26,0.16,1.51,,,
12/24/12,1.79,0.26,0.16,1.53,,,
12/25/12,1.79,0.26,0.16,1.53,,,
12/26/12,1.77,0.26,0.16,1.51,,,
12/27/12,1.74,0.26,0.16,1.48,,,
12/28/12,1.73,0.27,0.16,1.46,,,
12/31/12,1.78,0.25,0.16,1.53,,,
1/1/13,1.78,0.25,0.14,1.53,,,
1/2/13,1.86,0.27,0.14,1.59,,,
1/3/13,1.92,0.27,0.14,1.65,,,
1/4/13,1.93,0.27,0.14,1.66,,,
1/7/13,1.92,0.27,0.14,1.65,,,
1/8/13,1.89,0.25,0.14,1.64,,,
1/9/13,1.88,0.24,0.14,1.64,,,
1/10/13,1.91,0.26,0.14,1.65,,,
1/11/13,1.89,0.26,0.14,1.63,,,
1/14/13,1.89,0.26,0.14,1.63,,,
1/15/13,1.86,0.26,0.14,1.6,,,
1/16/13,1.84,0.26,0.14,1.58,,,
1/17/13,1.89,0.28,0.14,1.61,,,
1/18/13,1.87,0.26,0.14,1.61,,,
1/21/13,1.87,0.26,0.14,1.61,,,
1/22/13,1.86,0.26,0.14,1.6,,,
1/23/13,1.86,0.26,0.14,1.6,,,
1/24/13,1.88,0.23,0.14,1.65,,,
1/25/13,1.98,0.28,0.14,1.7,,,
1/28/13,2,0.29,0.14,1.71,,,
1/29/13,2.03,0.3,0.14,1.73,,,
1/30/13,2.03,0.27,0.14,1.76,,,
1/31/13,2.02,0.27,0.14,1.75,,,
2/1/13,2.04,0.27,0.15,1.77,,,
2/4/13,2,0.25,0.15,1.75,,,
2/5/13,2.04,0.27,0.15,1.77,,,
2/6/13,2,0.27,0.15,1.73,,,
2/7/13,1.99,0.25,0.15,1.74,,,
2/8/13,1.99,0.25,0.15,1.74,,,
2/11/13,1.99,0.27,0.15,1.72,,,
2/12/13,2.02,0.29,0.15,1.73,,,
2/13/13,2.05,0.29,0.15,1.76,,,
2/14/13,2,0.27,0.15,1.73,,,
2/15/13,2.01,0.29,0.15,1.72,,,
2/18/13,2.01,0.29,0.15,1.72,,,
2/19/13,2.03,0.29,0.15,1.74,,,
2/20/13,2.02,0.27,0.15,1.75,,,
2/21/13,1.99,0.26,0.15,1.73,,,
2/22/13,1.97,0.27,0.15,1.7,,,
2/25/13,1.88,0.25,0.15,1.63,,,
2/26/13,1.88,0.25,0.15,1.63,,,
2/27/13,1.91,0.27,0.15,1.64,,,
2/28/13,1.89,0.25,0.15,1.64,,,
3/1/13,1.86,0.25,0.14,1.61,,,
3/4/13,1.88,0.24,0.14,1.64,,,
3/5/13,1.9,0.25,0.14,1.65,,,
3/6/13,1.95,0.25,0.14,1.7,,,
3/7/13,2,0.25,0.14,1.75,,,
3/8/13,2.06,0.27,0.14,1.79,,,
3/11/13,2.07,0.27,0.14,1.8,,,
3/12/13,2.03,0.27,0.14,1.76,,,
3/13/13,2.04,0.27,0.14,1.77,,,
3/14/13,2.04,0.27,0.14,1.77,,,
3/15/13,2.01,0.25,0.14,1.76,,,
3/18/13,1.96,0.26,0.14,1.7,,,
3/19/13,1.92,0.24,0.14,1.68,,,
3/20/13,1.96,0.26,0.14,1.7,,,
3/21/13,1.95,0.27,0.14,1.68,,,
3/22/13,1.93,0.26,0.14,1.67,,,
3/25/13,1.93,0.24,0.14,1.69,,,
3/26/13,1.92,0.25,0.14,1.67,,,
3/27/13,1.87,0.25,0.14,1.62,,,
3/28/13,1.87,0.25,0.14,1.62,,,
3/29/13,1.87,0.25,0.14,1.62,,,
4/1/13,1.86,0.23,0.15,1.63,,,
4/2/13,1.88,0.25,0.15,1.63,,,
4/3/13,1.83,0.24,0.15,1.59,,,
4/4/13,1.78,0.22,0.15,1.56,,,
4/5/13,1.72,0.24,0.15,1.48,,,
4/8/13,1.76,0.24,0.15,1.52,,,
4/9/13,1.78,0.24,0.15,1.54,,,
4/10/13,1.84,0.24,0.15,1.6,,,
4/11/13,1.82,0.24,0.15,1.58,,,
4/12/13,1.75,0.22,0.15,1.53,,,
4/15/13,1.72,0.22,0.15,1.5,,,
4/16/13,1.75,0.24,0.15,1.51,,,
4/17/13,1.73,0.24,0.15,1.49,,,
4/18/13,1.72,0.24,0.15,1.48,,,
4/19/13,1.73,0.24,0.15,1.49,,,
4/22/13,1.72,0.24,0.15,1.48,,,
4/23/13,1.74,0.23,0.15,1.51,,,
4/24/13,1.73,0.23,0.15,1.5,,,
4/25/13,1.74,0.23,0.15,1.51,,,
4/26/13,1.7,0.22,0.15,1.48,,,
4/29/13,1.7,0.2,0.15,1.5,,,
4/30/13,1.7,0.22,0.15,1.48,,,
5/1/13,1.66,0.2,0.11,1.46,,,
5/2/13,1.66,0.2,0.11,1.46,,,
5/3/13,1.78,0.22,0.11,1.56,,,
5/6/13,1.8,0.22,0.11,1.58,,,
5/7/13,1.82,0.22,0.11,1.6,,,
5/8/13,1.81,0.22,0.11,1.59,,,
5/9/13,1.81,0.22,0.11,1.59,,,
5/10/13,1.9,0.26,0.11,1.64,,,
5/13/13,1.92,0.24,0.11,1.68,,,
5/14/13,1.96,0.26,0.11,1.7,,,
5/15/13,1.94,0.26,0.11,1.68,,,
5/16/13,1.87,0.23,0.11,1.64,,,
5/17/13,1.95,0.26,0.11,1.69,,,
5/20/13,1.97,0.26,0.11,1.71,,,
5/21/13,1.94,0.26,0.11,1.68,,,
5/22/13,2.03,0.26,0.11,1.77,,,
5/23/13,2.02,0.26,0.11,1.76,,,
5/24/13,2.01,0.26,0.11,1.75,,,
5/27/13,2.01,0.26,0.11,1.75,,,
5/28/13,2.15,0.29,0.11,1.86,,,
5/29/13,2.13,0.3,0.11,1.83,,,
5/30/13,2.13,0.31,0.11,1.82,,,
5/31/13,2.16,0.3,0.11,1.86,,,
6/3/13,2.13,0.3,0.09,1.83,,,
6/4/13,2.14,0.32,0.09,1.82,,,
6/5/13,2.1,0.3,0.09,1.8,,,
6/6/13,2.08,0.3,0.09,1.78,,,
6/7/13,2.17,0.32,0.09,1.85,,,
6/10/13,2.22,0.32,0.09,1.9,,,
6/11/13,2.2,0.34,0.09,1.86,,,
6/12/13,2.25,0.34,0.09,1.91,,,
6/13/13,2.19,0.32,0.09,1.87,,,
6/14/13,2.14,0.29,0.09,1.85,,,
6/17/13,2.19,0.27,0.09,1.92,,,
6/18/13,2.2,0.27,0.09,1.93,,,
6/19/13,2.33,0.31,0.09,2.02,,,
6/20/13,2.41,0.33,0.09,2.08,,,
6/21/13,2.52,0.38,0.09,2.14,,,
6/24/13,2.57,0.42,0.09,2.15,,,
6/25/13,2.6,0.43,0.09,2.17,,,
6/26/13,2.55,0.39,0.09,2.16,,,
6/27/13,2.49,0.36,0.09,2.13,,,
6/28/13,2.52,0.36,0.09,2.16,,,
7/1/13,2.5,0.34,0.09,2.16,,,
7/2/13,2.48,0.34,0.09,2.14,,,
7/3/13,2.52,0.36,0.09,2.16,,,
7/4/13,2.52,0.36,0.09,2.16,,,
7/5/13,2.73,0.4,0.09,2.33,,,
7/8/13,2.65,0.37,0.09,2.28,,,
7/9/13,2.65,0.37,0.09,2.28,,,
7/10/13,2.7,0.38,0.09,2.32,,,
7/11/13,2.6,0.34,0.09,2.26,,,
7/12/13,2.61,0.37,0.09,2.24,,,
7/15/13,2.57,0.34,0.09,2.23,,,
7/16/13,2.55,0.34,0.09,2.21,,,
7/17/13,2.52,0.32,0.09,2.2,,,
7/18/13,2.56,0.32,0.09,2.24,,,
7/19/13,2.5,0.32,0.09,2.18,,,
7/22/13,2.5,0.32,0.09,2.18,,,
7/23/13,2.53,0.33,0.09,2.2,,,
7/24/13,2.61,0.34,0.09,2.27,,,
7/25/13,2.61,0.32,0.09,2.29,,,
7/26/13,2.58,0.31,0.09,2.27,,,
7/29/13,2.61,0.33,0.09,2.28,,,
7/30/13,2.63,0.33,0.09,2.3,,,
7/31/13,2.6,0.31,0.09,2.29,,,
8/1/13,2.74,0.35,0.08,2.39,,,
8/2/13,2.63,0.3,0.08,2.33,,,
8/5/13,2.67,0.32,0.08,2.35,,,
8/6/13,2.67,0.32,0.08,2.35,,,
8/7/13,2.61,0.32,0.08,2.29,,,
8/8/13,2.58,0.3,0.08,2.28,,,
8/9/13,2.57,0.32,0.08,2.25,,,
8/12/13,2.61,0.32,0.08,2.29,,,
8/13/13,2.71,0.34,0.08,2.37,,,
8/14/13,2.71,0.34,0.08,2.37,,,
8/15/13,2.77,0.36,0.08,2.41,,,
8/16/13,2.84,0.36,0.08,2.48,,,
8/19/13,2.88,0.36,0.08,2.52,,,
8/20/13,2.82,0.36,0.08,2.46,,,
8/21/13,2.87,0.38,0.08,2.49,,,
8/22/13,2.9,0.42,0.08,2.48,,,
8/23/13,2.82,0.4,0.08,2.42,,,
8/26/13,2.79,0.41,0.08,2.38,,,
8/27/13,2.72,0.38,0.08,2.34,,,
8/28/13,2.78,0.4,0.08,2.38,,,
8/29/13,2.75,0.39,0.08,2.36,,,
8/30/13,2.78,0.39,0.08,2.39,,,
9/2/13,2.78,0.39,0.08,2.39,,,
9/3/13,2.86,0.43,0.08,2.43,,,
9/4/13,2.9,0.46,0.08,2.44,,,
9/5/13,2.98,0.52,0.08,2.46,,,
9/6/13,2.94,0.46,0.08,2.48,,,
9/9/13,2.9,0.45,0.08,2.45,,,
9/10/13,2.96,0.5,0.08,2.46,,,
9/11/13,2.93,0.47,0.08,2.46,,,
9/12/13,2.92,0.45,0.08,2.47,,,
9/13/13,2.9,0.45,0.08,2.45,,,
9/16/13,2.88,0.41,0.08,2.47,,,
9/17/13,2.86,0.39,0.08,2.47,,,
9/18/13,2.69,0.34,0.08,2.35,,,
9/19/13,2.76,0.34,0.08,2.42,,,
9/20/13,2.75,0.34,0.08,2.41,,,
9/23/13,2.72,0.35,0.08,2.37,,,
9/24/13,2.67,0.35,0.08,2.32,,,
9/25/13,2.63,0.36,0.08,2.27,,,
9/26/13,2.66,0.34,0.08,2.32,,,
9/27/13,2.64,0.34,0.08,2.3,,,
9/30/13,2.64,0.33,0.08,2.31,,,
10/1/13,2.66,0.33,0.09,2.33,,,
10/2/13,2.63,0.31,0.09,2.32,,,
10/3/13,2.62,0.33,0.09,2.29,,,
10/4/13,2.66,0.33,0.09,2.33,,,
10/7/13,2.65,0.37,0.09,2.28,,,
10/8/13,2.66,0.4,0.09,2.26,,,
10/9/13,2.68,0.37,0.09,2.31,,,
10/10/13,2.71,0.35,0.09,2.36,,,
10/11/13,2.7,0.35,0.09,2.35,,,
10/14/13,2.7,0.35,0.09,2.35,,,
10/15/13,2.75,0.37,0.09,2.38,,,
10/16/13,2.69,0.34,0.09,2.35,,,
10/17/13,2.61,0.33,0.09,2.28,,,
10/18/13,2.6,0.33,0.09,2.27,,,
10/21/13,2.63,0.33,0.09,2.3,,,
10/22/13,2.54,0.31,0.09,2.23,,,
10/23/13,2.51,0.31,0.09,2.2,,,
10/24/13,2.53,0.33,0.09,2.2,,,
10/25/13,2.53,0.32,0.09,2.21,,,
10/28/13,2.54,0.32,0.09,2.22,,,
10/29/13,2.53,0.31,0.09,2.22,,,
10/30/13,2.55,0.33,0.09,2.22,,,
10/31/13,2.57,0.31,0.09,2.26,,,
11/1/13,2.65,0.33,0.08,2.32,,,
11/4/13,2.63,0.32,0.08,2.31,,,
11/5/13,2.69,0.32,0.08,2.37,,,
11/6/13,2.67,0.3,0.08,2.37,,,
11/7/13,2.63,0.29,0.08,2.34,,,
11/8/13,2.77,0.32,0.08,2.45,,,
11/11/13,2.77,0.32,0.08,2.45,,,
11/12/13,2.8,0.34,0.08,2.46,,,
11/13/13,2.75,0.32,0.08,2.43,,,
11/14/13,2.69,0.29,0.08,2.4,,,
11/15/13,2.71,0.31,0.08,2.4,,,
11/18/13,2.67,0.31,0.08,2.36,,,
11/19/13,2.71,0.29,0.08,2.42,,,
11/20/13,2.8,0.28,0.08,2.52,,,
11/21/13,2.79,0.29,0.08,2.5,,,
11/22/13,2.75,0.31,0.08,2.44,,,
11/25/13,2.74,0.3,0.08,2.44,,,
11/26/13,2.71,0.29,0.08,2.42,,,
11/27/13,2.74,0.28,0.08,2.46,,,
11/28/13,2.74,0.28,0.08,2.46,,,
11/29/13,2.75,0.28,0.08,2.47,,,
12/2/13,2.81,0.3,0.09,2.51,,,
12/3/13,2.79,0.28,0.09,2.51,,,
12/4/13,2.84,0.3,0.09,2.54,,,
12/5/13,2.88,0.3,0.09,2.58,,,
12/6/13,2.88,0.3,0.09,2.58,,,
12/9/13,2.86,0.3,0.09,2.56,,,
12/10/13,2.81,0.3,0.09,2.51,,,
12/11/13,2.86,0.31,0.09,2.55,,,
12/12/13,2.89,0.34,0.09,2.55,,,
12/13/13,2.88,0.34,0.09,2.54,,,
12/16/13,2.89,0.34,0.09,2.55,,,
12/17/13,2.85,0.34,0.09,2.51,,,
12/18/13,2.89,0.32,0.09,2.57,,,
12/19/13,2.94,0.35,0.09,2.59,,,
12/20/13,2.89,0.37,0.09,2.52,,,
12/23/13,2.94,0.38,0.09,2.56,,,
12/24/13,2.99,0.38,0.09,2.61,,,
12/25/13,2.99,0.38,0.09,2.61,,,
12/26/13,3,0.42,0.09,2.58,,,
12/27/13,3.02,0.4,0.09,2.62,,,
12/30/13,2.99,0.39,0.09,2.6,,,
12/31/13,3.04,0.38,0.09,2.66,,,
1/1/14,3.04,0.38,0.07,2.66,,,
1/2/14,3,0.39,0.07,2.61,,,
1/3/14,3.01,0.41,0.07,2.6,,,
1/6/14,2.98,0.4,0.07,2.58,,,
1/7/14,2.96,0.4,0.07,2.56,,,
1/8/14,3.01,0.43,0.07,2.58,,,
1/9/14,2.97,0.44,0.07,2.53,,,
1/10/14,2.88,0.39,0.07,2.49,,,
1/13/14,2.84,0.39,0.07,2.45,,,
1/14/14,2.88,0.39,0.07,2.49,,,
1/15/14,2.9,0.41,0.07,2.49,,,
1/16/14,2.86,0.41,0.07,2.45,,,
1/17/14,2.84,0.4,0.07,2.44,,,
1/20/14,2.84,0.4,0.07,2.44,,,
1/21/14,2.85,0.4,0.07,2.45,,,
1/22/14,2.87,0.44,0.07,2.43,,,
1/23/14,2.79,0.39,0.07,2.4,,,
1/24/14,2.75,0.37,0.07,2.38,,,
1/27/14,2.78,0.37,0.07,2.41,,,
1/28/14,2.77,0.38,0.07,2.39,,,
1/29/14,2.69,0.36,0.07,2.33,,,
1/30/14,2.72,0.36,0.07,2.36,,,
1/31/14,2.67,0.34,0.07,2.33,,,
2/3/14,2.61,0.3,0.07,2.31,,,
2/4/14,2.64,0.31,0.07,2.33,,,
2/5/14,2.7,0.32,0.07,2.38,,,
2/6/14,2.73,0.33,0.07,2.4,,,
2/7/14,2.71,0.3,0.07,2.41,,,
2/10/14,2.7,0.32,0.07,2.38,,,
2/11/14,2.75,0.35,0.07,2.4,,,
2/12/14,2.8,0.35,0.07,2.45,,,
2/13/14,2.73,0.32,0.07,2.41,,,
2/14/14,2.75,0.32,0.07,2.43,,,
2/17/14,2.75,0.32,0.07,2.43,,,
2/18/14,2.71,0.31,0.07,2.4,,,
2/19/14,2.73,0.33,0.07,2.4,,,
2/20/14,2.76,0.34,0.07,2.42,,,
2/21/14,2.73,0.33,0.07,2.4,,,
2/24/14,2.75,0.35,0.07,2.4,,,
2/25/14,2.7,0.34,0.07,2.36,,,
2/26/14,2.67,0.33,0.07,2.34,,,
2/27/14,2.65,0.33,0.07,2.32,,,
2/28/14,2.66,0.33,0.07,2.33,,,
3/3/14,2.6,0.32,0.08,2.28,,,
3/4/14,2.7,0.33,0.08,2.37,,,
3/5/14,2.7,0.33,0.08,2.37,,,
3/6/14,2.74,0.37,0.08,2.37,,,
3/7/14,2.8,0.38,0.08,2.42,,,
3/10/14,2.79,0.37,0.08,2.42,,,
3/11/14,2.77,0.37,0.08,2.4,,,
3/12/14,2.73,0.37,0.08,2.36,,,
3/13/14,2.66,0.34,0.08,2.32,,,
3/14/14,2.65,0.36,0.08,2.29,,,
3/17/14,2.7,0.38,0.08,2.32,,,
3/18/14,2.68,0.36,0.08,2.32,,,
3/19/14,2.78,0.47,0.08,2.31,,,
3/20/14,2.79,0.45,0.08,2.34,,,
3/21/14,2.75,0.45,0.08,2.3,,,
3/24/14,2.74,0.47,0.08,2.27,,,
3/25/14,2.75,0.47,0.08,2.28,,,
3/26/14,2.71,0.45,0.08,2.26,,,
3/27/14,2.69,0.45,0.08,2.24,,,
3/28/14,2.73,0.45,0.08,2.28,,,
3/31/14,2.73,0.44,0.08,2.29,,,
4/1/14,2.77,0.44,0.09,2.33,,,
4/2/14,2.82,0.47,0.09,2.35,,,
4/3/14,2.8,0.46,0.09,2.34,,,
4/4/14,2.74,0.43,0.09,2.31,,,
4/7/14,2.71,0.41,0.09,2.3,,,
4/8/14,2.69,0.4,0.09,2.29,,,
4/9/14,2.71,0.37,0.09,2.34,,,
4/10/14,2.65,0.37,0.09,2.28,,,
4/11/14,2.63,0.37,0.09,2.26,,,
4/14/14,2.65,0.37,0.09,2.28,,,
4/15/14,2.64,0.39,0.09,2.25,,,
4/16/14,2.65,0.39,0.09,2.26,,,
4/17/14,2.73,0.43,0.09,2.3,,,
4/18/14,2.73,0.43,0.09,2.3,,,
4/21/14,2.73,0.42,0.09,2.31,,,
4/22/14,2.73,0.45,0.09,2.28,,,
4/23/14,2.7,0.43,0.09,2.27,,,
4/24/14,2.7,0.43,0.09,2.27,,,
4/25/14,2.68,0.43,0.09,2.25,,,
4/28/14,2.7,0.44,0.09,2.26,,,
4/29/14,2.71,0.44,0.09,2.27,,,
4/30/14,2.67,0.42,0.09,2.25,,,
5/1/14,2.63,0.41,0.09,2.22,,,
5/2/14,2.6,0.42,0.09,2.18,,,
5/5/14,2.63,0.43,0.09,2.2,,,
5/6/14,2.61,0.43,0.09,2.18,,,
5/7/14,2.62,0.41,0.09,2.21,,,
5/8/14,2.61,0.4,0.09,2.21,,,
5/9/14,2.62,0.4,0.09,2.22,,,
5/12/14,2.66,0.41,0.09,2.25,,,
5/13/14,2.61,0.39,0.09,2.22,,,
5/14/14,2.54,0.39,0.09,2.15,,,
5/15/14,2.5,0.38,0.09,2.12,,,
5/16/14,2.52,0.38,0.09,2.14,,,
5/19/14,2.54,0.36,0.09,2.18,,,
5/20/14,2.52,0.35,0.09,2.17,,,
5/21/14,2.54,0.37,0.09,2.17,,,
5/22/14,2.56,0.37,0.09,2.19,,,
5/23/14,2.54,0.37,0.09,2.17,,,
5/26/14,2.54,0.37,0.09,2.17,,,
5/27/14,2.52,0.39,0.09,2.13,,,
5/28/14,2.44,0.37,0.09,2.07,,,
5/29/14,2.45,0.37,0.09,2.08,,,
5/30/14,2.48,0.37,0.09,2.11,,,
6/2/14,2.54,0.39,0.1,2.15,,,
6/3/14,2.6,0.41,0.1,2.19,,,
6/4/14,2.61,0.41,0.1,2.2,,,
6/5/14,2.59,0.4,0.1,2.19,,,
6/6/14,2.6,0.41,0.1,2.19,,,
6/9/14,2.62,0.43,0.1,2.19,,,
6/10/14,2.64,0.45,0.1,2.19,,,
6/11/14,2.65,0.44,0.1,2.21,,,
6/12/14,2.58,0.42,0.1,2.16,,,
6/13/14,2.6,0.45,0.1,2.15,,,
6/16/14,2.61,0.49,0.1,2.12,,,
6/17/14,2.66,0.51,0.1,2.15,,,
6/18/14,2.61,0.48,0.1,2.13,,,
6/19/14,2.64,0.48,0.1,2.16,,,
6/20/14,2.63,0.5,0.1,2.13,,,
6/23/14,2.63,0.48,0.1,2.15,,,
6/24/14,2.59,0.49,0.1,2.1,,,
6/25/14,2.57,0.48,0.1,2.09,,,
6/26/14,2.53,0.46,0.1,2.07,,,
6/27/14,2.54,0.45,0.1,2.09,,,
6/30/14,2.53,0.47,0.1,2.06,,,
7/1/14,2.58,0.47,0.09,2.11,,,
7/2/14,2.64,0.49,0.09,2.15,,,
7/3/14,2.65,0.52,0.09,2.13,,,
7/4/14,2.65,0.52,0.09,2.13,,,
7/7/14,2.63,0.52,0.09,2.11,,,
7/8/14,2.58,0.51,0.09,2.07,,,
7/9/14,2.57,0.51,0.09,2.06,,,
7/10/14,2.55,0.46,0.09,2.09,,,
7/11/14,2.53,0.48,0.09,2.05,,,
7/14/14,2.55,0.48,0.09,2.07,,,
7/15/14,2.56,0.49,0.09,2.07,,,
7/16/14,2.55,0.5,0.09,2.05,,,
7/17/14,2.47,0.47,0.09,2,,,
7/18/14,2.5,0.51,0.09,1.99,,,
7/21/14,2.49,0.51,0.09,1.98,,,
7/22/14,2.48,0.49,0.09,1.99,,,
7/23/14,2.48,0.5,0.09,1.98,,,
7/24/14,2.52,0.53,0.09,1.99,,,
7/25/14,2.48,0.53,0.09,1.95,,,
7/28/14,2.5,0.54,0.09,1.96,,,
7/29/14,2.47,0.54,0.09,1.93,,,
7/30/14,2.57,0.56,0.09,2.01,,,
7/31/14,2.58,0.53,0.09,2.05,,,
8/1/14,2.52,0.47,0.09,2.05,,,
8/4/14,2.51,0.47,0.09,2.04,,,
8/5/14,2.49,0.47,0.09,2.02,,,
8/6/14,2.49,0.48,0.09,2.01,,,
8/7/14,2.43,0.44,0.09,1.99,,,
8/8/14,2.44,0.45,0.09,1.99,,,
8/11/14,2.44,0.47,0.09,1.97,,,
8/12/14,2.46,0.45,0.09,2.01,,,
8/13/14,2.43,0.43,0.09,2,,,
8/14/14,2.4,0.42,0.09,1.98,,,
8/15/14,2.34,0.42,0.09,1.92,,,
8/18/14,2.39,0.44,0.09,1.95,,,
8/19/14,2.4,0.46,0.09,1.94,,,
8/20/14,2.43,0.49,0.09,1.94,,,
8/21/14,2.41,0.49,0.09,1.92,,,
8/22/14,2.4,0.53,0.09,1.87,,,
8/25/14,2.39,0.53,0.09,1.86,,,
8/26/14,2.39,0.52,0.09,1.87,,,
8/27/14,2.37,0.51,0.09,1.86,,,
8/28/14,2.34,0.5,0.09,1.84,,,
8/29/14,2.35,0.48,0.09,1.87,,,
9/1/14,2.35,0.48,0.09,1.87,,,
9/2/14,2.42,0.53,0.09,1.89,,,
9/3/14,2.41,0.52,0.09,1.89,,,
9/4/14,2.45,0.54,0.09,1.91,,,
9/5/14,2.46,0.52,0.09,1.94,,,
9/8/14,2.48,0.54,0.09,1.94,,,
9/9/14,2.5,0.56,0.09,1.94,,,
9/10/14,2.54,0.58,0.09,1.96,,,
9/11/14,2.54,0.58,0.09,1.96,,,
9/12/14,2.62,0.58,0.09,2.04,,,
9/15/14,2.6,0.58,0.09,2.02,,,
9/16/14,2.6,0.55,0.09,2.05,,,
9/17/14,2.62,0.59,0.09,2.03,,,
9/18/14,2.63,0.59,0.09,2.04,,,
9/19/14,2.59,0.59,0.09,2,,,
9/22/14,2.57,0.58,0.09,1.99,,,
9/23/14,2.54,0.57,0.09,1.97,,,
9/24/14,2.57,0.59,0.09,1.98,,,
9/25/14,2.52,0.56,0.09,1.96,,,
9/26/14,2.54,0.59,0.09,1.95,,,
9/29/14,2.5,0.58,0.09,1.92,,,
9/30/14,2.52,0.58,0.09,1.94,,,
10/1/14,2.42,0.53,0.09,1.89,,,
10/2/14,2.44,0.53,0.09,1.91,,,
10/3/14,2.45,0.57,0.09,1.88,,,
10/6/14,2.43,0.54,0.09,1.89,,,
10/7/14,2.36,0.52,0.09,1.84,,,
10/8/14,2.35,0.46,0.09,1.89,,,
10/9/14,2.34,0.46,0.09,1.88,,,
10/10/14,2.31,0.45,0.09,1.86,,,
10/13/14,2.31,0.45,0.09,1.86,,,
10/14/14,2.21,0.39,0.09,1.82,,,
10/15/14,2.15,0.34,0.09,1.81,,,
10/16/14,2.17,0.35,0.09,1.82,,,
10/17/14,2.22,0.39,0.09,1.83,,,
10/20/14,2.2,0.37,0.09,1.83,,,
10/21/14,2.23,0.38,0.09,1.85,,,
10/22/14,2.25,0.41,0.09,1.84,,,
10/23/14,2.29,0.41,0.09,1.88,,,
10/24/14,2.29,0.41,0.09,1.88,,,
10/27/14,2.27,0.41,0.09,1.86,,,
10/28/14,2.3,0.42,0.09,1.88,,,
10/29/14,2.34,0.48,0.09,1.86,,,
10/30/14,2.32,0.48,0.09,1.84,,,
10/31/14,2.35,0.5,0.09,1.85,,,
11/3/14,2.36,0.52,0.09,1.84,,,
11/4/14,2.35,0.52,0.09,1.83,,,
11/5/14,2.36,0.52,0.09,1.84,,,
11/6/14,2.39,0.54,0.09,1.85,,,
11/7/14,2.32,0.51,0.09,1.81,,,
11/10/14,2.38,0.55,0.09,1.83,,,
11/11/14,2.38,0.55,0.09,1.83,,,
11/12/14,2.37,0.55,0.09,1.82,,,
11/13/14,2.35,0.53,0.09,1.82,,,
11/14/14,2.32,0.54,0.09,1.78,,,
11/17/14,2.34,0.54,0.09,1.8,,,
11/18/14,2.32,0.53,0.09,1.79,,,
11/19/14,2.36,0.54,0.09,1.82,,,
11/20/14,2.34,0.53,0.09,1.81,,,
11/21/14,2.31,0.53,0.09,1.78,,,
11/24/14,2.3,0.53,0.09,1.77,,,
11/25/14,2.27,0.51,0.09,1.76,,,
11/26/14,2.24,0.53,0.09,1.71,,,
11/27/14,2.24,0.53,0.09,1.71,,,
11/28/14,2.18,0.47,0.09,1.71,,,
12/1/14,2.22,0.49,0.12,1.73,,,
12/2/14,2.28,0.55,0.12,1.73,,,
12/3/14,2.29,0.57,0.12,1.72,,,
12/4/14,2.25,0.55,0.12,1.7,,,
12/5/14,2.31,0.65,0.12,1.66,,,
12/8/14,2.26,0.64,0.12,1.62,,,
12/9/14,2.22,0.64,0.12,1.58,,,
12/10/14,2.18,0.59,0.12,1.59,,,
12/11/14,2.19,0.62,0.12,1.57,,,
12/12/14,2.1,0.56,0.12,1.54,,,
12/15/14,2.12,0.6,0.12,1.52,,,
12/16/14,2.07,0.58,0.12,1.49,,,
12/17/14,2.14,0.62,0.12,1.52,,,
12/18/14,2.22,0.67,0.12,1.55,,,
12/19/14,2.17,0.67,0.12,1.5,,,
12/22/14,2.17,0.71,0.12,1.46,,,
12/23/14,2.26,0.73,0.12,1.53,,,
12/24/14,2.27,0.73,0.12,1.54,,,
12/25/14,2.27,0.73,0.12,1.54,,,
12/26/14,2.25,0.73,0.12,1.52,,,
12/29/14,2.22,0.72,0.12,1.5,,,
12/30/14,2.2,0.69,0.12,1.51,,,
12/31/14,2.17,0.67,0.12,1.5,,,
1/1/15,2.17,0.67,0.11,1.5,,,
1/2/15,2.12,0.66,0.11,1.46,,,
1/5/15,2.04,0.68,0.11,1.36,,,
1/6/15,1.97,0.65,0.11,1.32,,,
1/7/15,1.96,0.62,0.11,1.34,,,
1/8/15,2.03,0.62,0.11,1.41,,,
1/9/15,1.98,0.59,0.11,1.39,,,
1/12/15,1.92,0.56,0.11,1.36,,,
1/13/15,1.91,0.54,0.11,1.37,,,
1/14/15,1.86,0.51,0.11,1.35,,,
1/15/15,1.77,0.44,0.11,1.33,,,
1/16/15,1.83,0.49,0.11,1.34,,,
1/19/15,1.83,0.49,0.11,1.34,,,
1/20/15,1.82,0.53,0.11,1.29,,,
1/21/15,1.87,0.53,0.11,1.34,,,
1/22/15,1.9,0.53,0.11,1.37,,,
1/23/15,1.81,0.52,0.11,1.29,,,
1/26/15,1.83,0.54,0.11,1.29,,,
1/27/15,1.83,0.54,0.11,1.29,,,
1/28/15,1.73,0.5,0.11,1.23,,,
1/29/15,1.77,0.51,0.11,1.26,,,
1/30/15,1.68,0.47,0.11,1.21,,,
2/2/15,1.68,0.49,0.11,1.19,,,
2/3/15,1.79,0.52,0.11,1.27,,,
2/4/15,1.81,0.52,0.11,1.29,,,
2/5/15,1.83,0.52,0.11,1.31,,,
2/6/15,1.95,0.65,0.11,1.3,,,
2/9/15,1.96,0.65,0.11,1.31,,,
2/10/15,2.01,0.67,0.11,1.34,,,
2/11/15,2,0.67,0.11,1.33,,,
2/12/15,1.99,0.61,0.11,1.38,,,
2/13/15,2.02,0.66,0.11,1.36,,,
2/16/15,2.02,0.66,0.11,1.36,,,
2/17/15,2.14,0.7,0.11,1.44,,,
2/18/15,2.07,0.62,0.11,1.45,,,
2/19/15,2.11,0.67,0.11,1.44,,,
2/20/15,2.13,0.67,0.11,1.46,,,
2/23/15,2.06,0.64,0.11,1.42,,,
2/24/15,1.99,0.6,0.11,1.39,,,
2/25/15,1.96,0.61,0.11,1.35,,,
2/26/15,2.03,0.66,0.11,1.37,,,
2/27/15,2,0.63,0.11,1.37,,,
3/2/15,2.08,0.66,0.11,1.42,,,
3/3/15,2.12,0.68,0.11,1.44,,,
3/4/15,2.12,0.66,0.11,1.46,,,
3/5/15,2.11,0.65,0.11,1.46,,,
3/6/15,2.24,0.73,0.11,1.51,,,
3/9/15,2.2,0.7,0.11,1.5,,,
3/10/15,2.14,0.7,0.11,1.44,,,
3/11/15,2.11,0.7,0.11,1.41,,,
3/12/15,2.1,0.67,0.11,1.43,,,
3/13/15,2.13,0.68,0.11,1.45,,,
3/16/15,2.1,0.66,0.11,1.44,,,
3/17/15,2.06,0.7,0.11,1.36,,,
3/18/15,1.93,0.57,0.11,1.36,,,
3/19/15,1.98,0.63,0.11,1.35,,,
3/20/15,1.93,0.6,0.11,1.33,,,
3/23/15,1.92,0.6,0.11,1.32,,,
3/24/15,1.88,0.58,0.11,1.3,,,
3/25/15,1.93,0.59,0.11,1.34,,,
3/26/15,2.01,0.61,0.11,1.4,,,
3/27/15,1.95,0.58,0.11,1.37,,,
3/30/15,1.96,0.58,0.11,1.38,,,
3/31/15,1.94,0.56,0.11,1.38,,,
4/1/15,1.87,0.55,0.12,1.32,,,
4/2/15,1.92,0.55,0.12,1.37,,,
4/3/15,1.85,0.49,0.12,1.36,,,
4/6/15,1.92,0.51,0.12,1.41,,,
4/7/15,1.89,0.52,0.12,1.37,,,
4/8/15,1.92,0.54,0.12,1.38,,,
4/9/15,1.97,0.56,0.12,1.41,,,
4/10/15,1.96,0.57,0.12,1.39,,,
4/13/15,1.94,0.54,0.12,1.4,,,
4/14/15,1.9,0.53,0.12,1.37,,,
4/15/15,1.91,0.51,0.12,1.4,,,
4/16/15,1.9,0.5,0.12,1.4,,,
4/17/15,1.87,0.51,0.12,1.36,,,
4/20/15,1.9,0.55,0.12,1.35,,,
4/21/15,1.92,0.55,0.12,1.37,,,
4/22/15,1.99,0.57,0.12,1.42,,,
4/23/15,1.96,0.55,0.12,1.41,,,
4/24/15,1.93,0.54,0.12,1.39,,,
4/27/15,1.94,0.54,0.12,1.4,,,
4/28/15,2,0.56,0.12,1.44,,,
4/29/15,2.06,0.56,0.12,1.5,,,
4/30/15,2.05,0.58,0.12,1.47,,,
5/1/15,2.12,0.6,0.12,1.52,,,
5/4/15,2.16,0.6,0.12,1.56,,,
5/5/15,2.19,0.62,0.12,1.57,,,
5/6/15,2.25,0.65,0.12,1.6,,,
5/7/15,2.18,0.63,0.12,1.55,,,
5/8/15,2.16,0.59,0.12,1.57,,,
5/11/15,2.28,0.62,0.12,1.66,,,
5/12/15,2.28,0.61,0.12,1.67,,,
5/13/15,2.27,0.59,0.12,1.68,,,
5/14/15,2.23,0.56,0.12,1.67,,,
5/15/15,2.14,0.55,0.12,1.59,,,
5/18/15,2.23,0.58,0.12,1.65,,,
5/19/15,2.27,0.63,0.12,1.64,,,
5/20/15,2.26,0.6,0.12,1.66,,,
5/21/15,2.19,0.6,0.12,1.59,,,
5/22/15,2.21,0.64,0.12,1.57,,,
5/25/15,2.21,0.64,0.12,1.57,,,
5/26/15,2.14,0.64,0.12,1.5,,,
5/27/15,2.14,0.64,0.12,1.5,,,
5/28/15,2.13,0.62,0.12,1.51,,,
5/29/15,2.12,0.61,0.12,1.51,,,
6/1/15,2.19,0.64,0.13,1.55,,,
6/2/15,2.27,0.64,0.13,1.63,,,
6/3/15,2.38,0.69,0.13,1.69,,,
6/4/15,2.31,0.66,0.13,1.65,,,
6/5/15,2.41,0.73,0.13,1.68,,,
6/8/15,2.39,0.7,0.13,1.69,,,
6/9/15,2.42,0.72,0.13,1.7,,,
6/10/15,2.5,0.75,0.13,1.75,,,
6/11/15,2.39,0.73,0.13,1.66,,,
6/12/15,2.39,0.74,0.13,1.65,,,
6/15/15,2.36,0.72,0.13,1.64,,,
6/16/15,2.32,0.71,0.13,1.61,,,
6/17/15,2.32,0.67,0.13,1.65,,,
6/18/15,2.35,0.66,0.13,1.69,,,
6/19/15,2.26,0.65,0.13,1.61,,,
6/22/15,2.37,0.68,0.13,1.69,,,
6/23/15,2.42,0.7,0.13,1.72,,,
6/24/15,2.38,0.68,0.13,1.7,,,
6/25/15,2.4,0.68,0.13,1.72,,,
6/26/15,2.49,0.72,0.13,1.77,,,
6/29/15,2.33,0.64,0.13,1.69,,,
6/30/15,2.35,0.64,0.13,1.71,,,
7/1/15,2.43,0.69,0.13,1.74,,,
7/2/15,2.4,0.64,0.13,1.76,,,
7/3/15,2.4,0.64,0.13,1.76,,,
7/6/15,2.3,0.6,0.13,1.7,,,
7/7/15,2.27,0.58,0.13,1.69,,,
7/8/15,2.22,0.55,0.13,1.67,,,
7/9/15,2.32,0.6,0.13,1.72,,,
7/10/15,2.42,0.65,0.13,1.77,,,
7/13/15,2.44,0.69,0.13,1.75,,,
7/14/15,2.41,0.66,0.13,1.75,,,
7/15/15,2.36,0.64,0.13,1.72,,,
7/16/15,2.36,0.67,0.13,1.69,,,
7/17/15,2.34,0.68,0.13,1.66,,,
7/20/15,2.38,0.71,0.13,1.67,,,
7/21/15,2.35,0.71,0.13,1.64,,,
7/22/15,2.33,0.75,0.13,1.58,,,
7/23/15,2.28,0.71,0.13,1.57,,,
7/24/15,2.27,0.7,0.13,1.57,,,
7/27/15,2.23,0.68,0.13,1.55,,,
7/28/15,2.26,0.69,0.13,1.57,,,
7/29/15,2.29,0.7,0.13,1.59,,,
7/30/15,2.28,0.72,0.13,1.56,,,
7/31/15,2.2,0.67,0.13,1.53,,,
8/3/15,2.16,0.68,0.14,1.48,,,
8/4/15,2.23,0.74,0.14,1.49,,,
8/5/15,2.28,0.73,0.14,1.55,,,
8/6/15,2.23,0.71,0.14,1.52,,,
8/7/15,2.18,0.73,0.14,1.45,,,
8/10/15,2.24,0.73,0.14,1.51,,,
8/11/15,2.15,0.68,0.14,1.47,,,
8/12/15,2.14,0.67,0.14,1.47,,,
8/13/15,2.19,0.72,0.14,1.47,,,
8/14/15,2.2,0.73,0.14,1.47,,,
8/17/15,2.16,0.72,0.14,1.44,,,
8/18/15,2.2,0.74,0.14,1.46,,,
8/19/15,2.12,0.67,0.14,1.45,,,
8/20/15,2.09,0.69,0.14,1.4,,,
8/21/15,2.05,0.64,0.14,1.41,,,
8/24/15,2.01,0.59,0.14,1.42,,,
8/25/15,2.12,0.67,0.14,1.45,,,
8/26/15,2.18,0.67,0.14,1.51,,,
8/27/15,2.18,0.68,0.14,1.5,,,
8/28/15,2.19,0.72,0.14,1.47,,,
8/31/15,2.21,0.74,0.14,1.47,,,
9/1/15,2.17,0.7,0.14,1.47,,,
9/2/15,2.2,0.72,0.14,1.48,,,
9/3/15,2.18,0.71,0.14,1.47,,,
9/4/15,2.13,0.71,0.14,1.42,,,
9/7/15,2.13,0.71,0.14,1.42,,,
9/8/15,2.2,0.74,0.14,1.46,,,
9/9/15,2.21,0.75,0.14,1.46,,,
9/10/15,2.23,0.75,0.14,1.48,,,
9/11/15,2.2,0.71,0.14,1.49,,,
9/14/15,2.18,0.73,0.14,1.45,,,
9/15/15,2.28,0.82,0.14,1.46,,,
9/16/15,2.3,0.82,0.14,1.48,,,
9/17/15,2.21,0.7,0.14,1.51,,,
9/18/15,2.13,0.69,0.14,1.44,,,
9/21/15,2.2,0.72,0.14,1.48,,,
9/22/15,2.14,0.69,0.14,1.45,,,
9/23/15,2.16,0.7,0.14,1.46,,,
9/24/15,2.13,0.67,0.14,1.46,,,
9/25/15,2.17,0.7,0.14,1.47,,,
9/28/15,2.1,0.67,0.14,1.43,,,
9/29/15,2.05,0.64,0.14,1.41,,,
9/30/15,2.06,0.64,0.14,1.42,,,
10/1/15,2.05,0.64,0.12,1.41,,,
10/2/15,1.99,0.58,0.12,1.41,,,
10/5/15,2.07,0.61,0.12,1.46,,,
10/6/15,2.05,0.61,0.12,1.44,,,
10/7/15,2.08,0.65,0.12,1.43,,,
10/8/15,2.12,0.65,0.12,1.47,,,
10/9/15,2.12,0.65,0.12,1.47,,,
10/12/15,2.12,0.65,0.12,1.47,,,
10/13/15,2.06,0.64,0.12,1.42,,,
10/14/15,1.99,0.57,0.12,1.42,,,
10/15/15,2.04,0.61,0.12,1.43,,,
10/16/15,2.04,0.61,0.12,1.43,,,
10/19/15,2.04,0.61,0.12,1.43,,,
10/20/15,2.08,0.66,0.12,1.42,,,
10/21/15,2.04,0.64,0.12,1.4,,,
10/22/15,2.04,0.61,0.12,1.43,,,
10/23/15,2.09,0.66,0.12,1.43,,,
10/26/15,2.07,0.66,0.12,1.41,,,
10/27/15,2.05,0.65,0.12,1.4,,,
10/28/15,2.1,0.73,0.12,1.37,,,
10/29/15,2.19,0.75,0.12,1.44,,,
10/30/15,2.16,0.75,0.12,1.41,,,
11/2/15,2.2,0.77,0.12,1.43,,,
11/3/15,2.23,0.8,0.12,1.43,,,
11/4/15,2.25,0.84,0.12,1.41,,,
11/5/15,2.26,0.85,0.12,1.41,,,
11/6/15,2.34,0.9,0.12,1.44,,,
11/9/15,2.36,0.89,0.12,1.47,,,
11/10/15,2.32,0.87,0.12,1.45,,,
11/11/15,2.32,0.87,0.12,1.45,,,
11/12/15,2.32,0.89,0.12,1.43,,,
11/13/15,2.28,0.86,0.12,1.42,,,
11/16/15,2.27,0.88,0.12,1.39,,,
11/17/15,2.25,0.86,0.12,1.39,,,
11/18/15,2.27,0.9,0.12,1.37,,,
11/19/15,2.24,0.91,0.12,1.33,,,
11/20/15,2.26,0.93,0.12,1.33,,,
11/23/15,2.25,0.94,0.12,1.31,,,
11/24/15,2.24,0.93,0.12,1.31,,,
11/25/15,2.23,0.93,0.12,1.3,,,
11/26/15,2.23,0.93,0.12,1.3,,,
11/27/15,2.22,0.92,0.12,1.3,,,
11/30/15,2.21,0.94,0.12,1.27,,,
12/1/15,2.15,0.91,0.24,1.24,,,
12/2/15,2.18,0.94,0.24,1.24,,,
12/3/15,2.33,0.96,0.24,1.37,,,
12/4/15,2.28,0.96,0.24,1.32,,,
12/7/15,2.23,0.94,0.24,1.29,,,
12/8/15,2.24,0.94,0.24,1.3,,,
12/9/15,2.22,0.93,0.24,1.29,,,
12/10/15,2.24,0.95,0.24,1.29,,,
12/11/15,2.13,0.88,0.24,1.25,,,
12/14/15,2.23,0.97,0.24,1.26,,,
12/15/15,2.28,0.98,0.24,1.3,,,
12/16/15,2.3,1.02,0.24,1.28,,,
12/17/15,2.24,1,0.24,1.24,,,
12/18/15,2.19,0.97,0.24,1.22,,,
12/21/15,2.2,0.96,0.24,1.24,,,
12/22/15,2.24,0.99,0.24,1.25,,,
12/23/15,2.27,1.01,0.24,1.26,,,
12/24/15,2.25,1.03,0.24,1.22,,,
12/25/15,2.25,1.03,0.24,1.22,,,
12/28/15,2.24,1.05,0.24,1.19,,,
12/29/15,2.32,1.09,0.24,1.23,,,
12/30/15,2.31,1.08,0.24,1.23,,,
12/31/15,2.27,1.06,0.24,1.21,,,
1/1/16,2.27,1.06,0.34,1.21,,,
1/4/16,2.24,1.02,0.34,1.22,,,
1/5/16,2.25,1.04,0.34,1.21,,,
1/6/16,2.18,0.99,0.34,1.19,,,
1/7/16,2.16,0.96,0.34,1.2,,,
1/8/16,2.13,0.94,0.34,1.19,,,
1/11/16,2.17,0.94,0.34,1.23,,,
1/12/16,2.12,0.93,0.34,1.19,,,
1/13/16,2.08,0.91,0.34,1.17,,,
1/14/16,2.1,0.9,0.34,1.2,,,
1/15/16,2.03,0.85,0.34,1.18,,,
1/18/16,2.03,0.85,0.34,1.18,,,
1/19/16,2.06,0.88,0.34,1.18,,,
1/20/16,2.01,0.85,0.34,1.16,,,
1/21/16,2.02,0.84,0.34,1.18,,,
1/22/16,2.07,0.88,0.34,1.19,,,
1/25/16,2.03,0.88,0.34,1.15,,,
1/26/16,2.01,0.85,0.34,1.16,,,
1/27/16,2.02,0.84,0.34,1.18,,,
1/28/16,2,0.83,0.34,1.17,,,
1/29/16,1.94,0.76,0.34,1.18,,,
2/1/16,1.97,0.81,0.38,1.16,,,
2/2/16,1.87,0.75,0.38,1.12,,,
2/3/16,1.88,0.72,0.38,1.16,,,
2/4/16,1.87,0.7,0.38,1.17,,,
2/5/16,1.86,0.74,0.38,1.12,,,
2/8/16,1.75,0.66,0.38,1.09,,,
2/9/16,1.74,0.69,0.38,1.05,,,
2/10/16,1.71,0.71,0.38,1,,,
2/11/16,1.63,0.64,0.38,0.99,,,
2/12/16,1.74,0.71,0.38,1.03,,,
2/15/16,1.74,0.71,0.38,1.03,,,
2/16/16,1.78,0.74,0.38,1.04,,,
2/17/16,1.81,0.74,0.38,1.07,,,
2/18/16,1.75,0.71,0.38,1.04,,,
2/19/16,1.76,0.76,0.38,1,,,
2/22/16,1.77,0.78,0.38,0.99,,,
2/23/16,1.74,0.76,0.38,0.98,,,
2/24/16,1.75,0.75,0.38,1,,,
2/25/16,1.71,0.72,0.38,0.99,,,
2/26/16,1.76,0.8,0.38,0.96,,,
2/29/16,1.74,0.78,0.38,0.96,,,
3/1/16,1.83,0.85,0.36,0.98,,,
3/2/16,1.84,0.85,0.36,0.99,,,
3/3/16,1.83,0.85,0.36,0.98,,,
3/4/16,1.88,0.88,0.36,1,,,
3/7/16,1.91,0.91,0.36,1,,,
3/8/16,1.83,0.88,0.36,0.95,,,
3/9/16,1.9,0.9,0.36,1,,,
3/10/16,1.93,0.93,0.36,1,,,
3/11/16,1.98,0.97,0.36,1.01,,,
3/14/16,1.97,0.97,0.36,1,,,
3/15/16,1.97,0.98,0.36,0.99,,,
3/16/16,1.94,0.87,0.36,1.07,,,
3/17/16,1.91,0.87,0.36,1.04,,,
3/18/16,1.88,0.84,0.36,1.04,,,
3/21/16,1.92,0.87,0.36,1.05,,,
3/22/16,1.94,0.91,0.36,1.03,,,
3/23/16,1.88,0.87,0.36,1.01,,,
3/24/16,1.91,0.89,0.36,1.02,,,
3/25/16,1.91,0.89,0.36,1.02,,,
3/28/16,1.89,0.89,0.36,1,,,
3/29/16,1.81,0.78,0.36,1.03,,,
3/30/16,1.83,0.76,0.36,1.07,,,
3/31/16,1.78,0.73,0.36,1.05,,,
4/1/16,1.79,0.76,0.37,1.03,,,
4/4/16,1.78,0.75,0.37,1.03,,,
4/5/16,1.73,0.72,0.37,1.01,,,
4/6/16,1.76,0.73,0.37,1.03,,,
4/7/16,1.7,0.7,0.37,1,,,
4/8/16,1.72,0.7,0.37,1.02,,,
4/11/16,1.73,0.7,0.37,1.03,,,
4/12/16,1.79,0.74,0.37,1.05,,,
4/13/16,1.77,0.75,0.37,1.02,,,
4/14/16,1.8,0.77,0.37,1.03,,,
4/15/16,1.76,0.74,0.37,1.02,,,
4/18/16,1.78,0.75,0.37,1.03,,,
4/19/16,1.79,0.77,0.37,1.02,,,
4/20/16,1.85,0.8,0.37,1.05,,,
4/21/16,1.88,0.82,0.37,1.06,,,
4/22/16,1.89,0.84,0.37,1.05,,,
4/25/16,1.91,0.85,0.37,1.06,,,
4/26/16,1.94,0.86,0.37,1.08,,,
4/27/16,1.87,0.83,0.37,1.04,,,
4/28/16,1.84,0.78,0.37,1.06,,,
4/29/16,1.83,0.77,0.37,1.06,,,
5/2/16,1.88,0.8,0.37,1.08,,,
5/3/16,1.81,0.75,0.37,1.06,,,
5/4/16,1.79,0.75,0.37,1.04,,,
5/5/16,1.76,0.72,0.37,1.04,,,
5/6/16,1.79,0.74,0.37,1.05,,,
5/9/16,1.77,0.72,0.37,1.05,,,
5/10/16,1.77,0.72,0.37,1.05,,,
5/11/16,1.73,0.74,0.37,0.99,,,
5/12/16,1.75,0.76,0.37,0.99,,,
5/13/16,1.71,0.76,0.37,0.95,,,
5/16/16,1.75,0.79,0.37,0.96,,,
5/17/16,1.76,0.82,0.37,0.94,,,
5/18/16,1.87,0.9,0.37,0.97,,,
5/19/16,1.85,0.89,0.37,0.96,,,
5/20/16,1.85,0.89,0.37,0.96,,,
5/23/16,1.84,0.91,0.37,0.93,,,
5/24/16,1.86,0.92,0.37,0.94,,,
5/25/16,1.87,0.92,0.37,0.95,,,
5/26/16,1.83,0.87,0.37,0.96,,,
5/27/16,1.85,0.9,0.37,0.95,,,
5/30/16,1.85,0.9,0.37,0.95,,,
5/31/16,1.84,0.87,0.37,0.97,,,
6/1/16,1.85,0.91,0.38,0.94,,,
6/2/16,1.81,0.89,0.38,0.92,,,
6/3/16,1.71,0.78,0.38,0.93,,,
6/6/16,1.73,0.8,0.38,0.93,,,
6/7/16,1.72,0.78,0.38,0.94,,,
6/8/16,1.71,0.78,0.38,0.93,,,
6/9/16,1.68,0.77,0.38,0.91,,,
6/10/16,1.64,0.73,0.38,0.91,,,
6/13/16,1.62,0.73,0.38,0.89,,,
6/14/16,1.62,0.74,0.38,0.88,,,
6/15/16,1.6,0.69,0.38,0.91,,,
6/16/16,1.57,0.7,0.38,0.87,,,
6/17/16,1.62,0.7,0.38,0.92,,,
6/20/16,1.67,0.74,0.38,0.93,,,
6/21/16,1.71,0.76,0.38,0.95,,,
6/22/16,1.69,0.75,0.38,0.94,,,
6/23/16,1.74,0.78,0.38,0.96,,,
6/24/16,1.57,0.64,0.38,0.93,,,
6/27/16,1.46,0.61,0.38,0.85,,,
6/28/16,1.46,0.61,0.38,0.85,,,
6/29/16,1.5,0.62,0.38,0.88,,,
6/30/16,1.49,0.58,0.38,0.91,,,
7/1/16,1.46,0.59,0.39,0.87,,,
7/4/16,1.46,0.59,0.39,0.87,,,
7/5/16,1.37,0.56,0.39,0.81,,,
7/6/16,1.38,0.58,0.39,0.8,,,
7/7/16,1.4,0.58,0.39,0.82,,,
7/8/16,1.37,0.61,0.39,0.76,,,
7/11/16,1.43,0.66,0.39,0.77,,,
7/12/16,1.53,0.69,0.39,0.84,,,
7/13/16,1.48,0.68,0.39,0.8,,,
7/14/16,1.53,0.68,0.39,0.85,,,
7/15/16,1.6,0.71,0.39,0.89,,,
7/18/16,1.59,0.68,0.39,0.91,,,
7/19/16,1.56,0.7,0.39,0.86,,,
7/20/16,1.59,0.73,0.39,0.86,,,
7/21/16,1.57,0.7,0.39,0.87,,,
7/22/16,1.57,0.71,0.39,0.86,,,
7/25/16,1.58,0.72,0.39,0.86,,,
7/26/16,1.57,0.75,0.39,0.82,,,
7/27/16,1.52,0.73,0.39,0.79,,,
7/28/16,1.52,0.72,0.39,0.8,,,
7/29/16,1.46,0.67,0.39,0.79,,,
8/1/16,1.51,0.67,0.4,0.84,,,
8/2/16,1.55,0.67,0.4,0.88,,,
8/3/16,1.55,0.67,0.4,0.88,,,
8/4/16,1.51,0.64,0.4,0.87,,,
8/5/16,1.59,0.72,0.4,0.87,,,
8/8/16,1.59,0.74,0.4,0.85,,,
8/9/16,1.55,0.71,0.4,0.84,,,
8/10/16,1.5,0.69,0.4,0.81,,,
8/11/16,1.57,0.76,0.4,0.81,,,
8/12/16,1.51,0.71,0.4,0.8,,,
8/15/16,1.55,0.72,0.4,0.83,,,
8/16/16,1.57,0.76,0.4,0.81,,,
8/17/16,1.56,0.74,0.4,0.82,,,
8/18/16,1.53,0.71,0.4,0.82,,,
8/19/16,1.58,0.76,0.4,0.82,,,
8/22/16,1.55,0.76,0.4,0.79,,,
8/23/16,1.55,0.74,0.4,0.81,,,
8/24/16,1.56,0.76,0.4,0.8,,,
8/25/16,1.58,0.78,0.4,0.8,,,
8/26/16,1.62,0.84,0.4,0.78,,,
8/29/16,1.57,0.81,0.4,0.76,,,
8/30/16,1.57,0.8,0.4,0.77,,,
8/31/16,1.58,0.8,0.4,0.78,,,
9/1/16,1.57,0.78,0.4,0.79,,,
9/2/16,1.6,0.8,0.4,0.8,,,
9/5/16,1.6,0.8,0.4,0.8,,,
9/6/16,1.55,0.74,0.4,0.81,,,
9/7/16,1.54,0.74,0.4,0.8,,,
9/8/16,1.61,0.78,0.4,0.83,,,
9/9/16,1.67,0.79,0.4,0.88,,,
9/12/16,1.68,0.79,0.4,0.89,,,
9/13/16,1.73,0.8,0.4,0.93,,,
9/14/16,1.7,0.77,0.4,0.93,,,
9/15/16,1.71,0.74,0.4,0.97,,,
9/16/16,1.7,0.77,0.4,0.93,,,
9/19/16,1.7,0.79,0.4,0.91,,,
9/20/16,1.69,0.79,0.4,0.9,,,
9/21/16,1.66,0.79,0.4,0.87,,,
9/22/16,1.63,0.79,0.4,0.84,,,
9/23/16,1.62,0.77,0.4,0.85,,,
9/26/16,1.59,0.76,0.4,0.83,,,
9/27/16,1.56,0.75,0.4,0.81,,,
9/28/16,1.57,0.75,0.4,0.82,,,
9/29/16,1.56,0.73,0.4,0.83,,,
9/30/16,1.6,0.77,0.4,0.83,,,
10/3/16,1.63,0.8,0.4,0.83,,,
10/4/16,1.69,0.82,0.4,0.87,,,
10/5/16,1.72,0.85,0.4,0.87,,,
10/6/16,1.75,0.86,0.4,0.89,,,
10/7/16,1.73,0.83,0.4,0.9,,,
10/10/16,1.73,0.83,0.4,0.9,,,
10/11/16,1.77,0.87,0.4,0.9,,,
10/12/16,1.79,0.87,0.4,0.92,,,
10/13/16,1.75,0.85,0.4,0.9,,,
10/14/16,1.8,0.84,0.4,0.96,,,
10/17/16,1.77,0.81,0.4,0.96,,,
10/18/16,1.75,0.82,0.4,0.93,,,
10/19/16,1.76,0.81,0.4,0.95,,,
10/20/16,1.76,0.84,0.4,0.92,,,
10/21/16,1.74,0.84,0.4,0.9,,,
10/24/16,1.77,0.84,0.4,0.93,,,
10/25/16,1.77,0.86,0.4,0.91,,,
10/26/16,1.79,0.86,0.4,0.93,,,
10/27/16,1.85,0.87,0.4,0.98,,,
10/28/16,1.86,0.86,0.4,1,,,
10/31/16,1.84,0.86,0.4,0.98,,,
11/1/16,1.83,0.83,0.41,1,,,
11/2/16,1.81,0.81,0.41,1,,,
11/3/16,1.82,0.81,0.41,1.01,,,
11/4/16,1.79,0.8,0.41,0.99,,,
11/7/16,1.83,0.82,0.41,1.01,,,
11/8/16,1.88,0.87,0.41,1.01,,,
11/9/16,2.07,0.9,0.41,1.17,,,
11/10/16,2.15,0.92,0.41,1.23,,,
11/11/16,2.15,0.92,0.41,1.23,,,
11/14/16,2.23,1,0.41,1.23,,,
11/15/16,2.23,1.02,0.41,1.21,,,
11/16/16,2.22,1,0.41,1.22,,,
11/17/16,2.29,1.04,0.41,1.25,,,
11/18/16,2.34,1.07,0.41,1.27,,,
11/21/16,2.33,1.08,0.41,1.25,,,
11/22/16,2.31,1.07,0.41,1.24,,,
11/23/16,2.36,1.12,0.41,1.24,,,
11/24/16,2.36,1.12,0.41,1.24,,,
11/25/16,2.36,1.12,0.41,1.24,,,
11/28/16,2.32,1.11,0.41,1.21,,,
11/29/16,2.3,1.09,0.41,1.21,,,
11/30/16,2.37,1.11,0.41,1.26,,,
12/1/16,2.45,1.14,0.54,1.31,,,
12/2/16,2.4,1.11,0.54,1.29,,,
12/5/16,2.39,1.13,0.54,1.26,,,
12/6/16,2.39,1.12,0.54,1.27,,,
12/7/16,2.34,1.1,0.54,1.24,,,
12/8/16,2.4,1.12,0.54,1.28,,,
12/9/16,2.47,1.15,0.54,1.32,,,
12/12/16,2.49,1.15,0.54,1.34,,,
12/13/16,2.48,1.17,0.54,1.31,,,
12/14/16,2.54,1.27,0.54,1.27,,,
12/15/16,2.6,1.29,0.54,1.31,,,
12/16/16,2.6,1.28,0.54,1.32,,,
12/19/16,2.54,1.24,0.54,1.3,,,
12/20/16,2.57,1.25,0.54,1.32,,,
12/21/16,2.55,1.21,0.54,1.34,,,
12/22/16,2.55,1.22,0.54,1.33,,,
12/23/16,2.55,1.22,0.54,1.33,,,
12/26/16,2.55,1.22,0.54,1.33,,,
12/27/16,2.57,1.28,0.54,1.29,,,
12/28/16,2.51,1.26,0.54,1.25,,,
12/29/16,2.49,1.22,0.54,1.27,,,
12/30/16,2.45,1.2,0.54,1.25,,,
1/2/17,2.45,1.2,0.65,1.25,,,
1/3/17,2.45,1.22,0.65,1.23,,,
1/4/17,2.46,1.24,0.65,1.22,,,
1/5/17,2.37,1.17,0.65,1.2,,,
1/6/17,2.42,1.22,0.65,1.2,,,
1/9/17,2.38,1.21,0.65,1.17,,,
1/10/17,2.38,1.19,0.65,1.19,,,
1/11/17,2.38,1.2,0.65,1.18,,,
1/12/17,2.36,1.18,0.65,1.18,,,
1/13/17,2.4,1.21,0.65,1.19,,,
1/16/17,2.4,1.21,0.65,1.19,,,
1/17/17,2.33,1.17,0.65,1.16,,,
1/18/17,2.42,1.23,0.65,1.19,,,
1/19/17,2.47,1.25,0.65,1.22,,,
1/20/17,2.48,1.2,0.65,1.28,,,
1/23/17,2.41,1.16,0.65,1.25,,,
1/24/17,2.47,1.21,0.65,1.26,,,
1/25/17,2.53,1.23,0.65,1.3,,,
1/26/17,2.51,1.21,0.65,1.3,,,
1/27/17,2.49,1.22,0.65,1.27,,,
1/30/17,2.49,1.22,0.65,1.27,,,
1/31/17,2.45,1.19,0.65,1.26,,,
2/1/17,2.48,1.22,0.66,1.26,,,
2/2/17,2.48,1.21,0.66,1.27,,,
2/3/17,2.49,1.21,0.66,1.28,,,
2/6/17,2.42,1.16,0.66,1.26,,,
2/7/17,2.4,1.16,0.66,1.24,,,
2/8/17,2.34,1.15,0.66,1.19,,,
2/9/17,2.4,1.2,0.66,1.2,,,
2/10/17,2.41,1.2,0.66,1.21,,,
2/13/17,2.43,1.2,0.66,1.23,,,
2/14/17,2.47,1.25,0.66,1.22,,,
2/15/17,2.51,1.27,0.66,1.24,,,
2/16/17,2.45,1.22,0.66,1.23,,,
2/17/17,2.42,1.21,0.66,1.21,,,
2/20/17,2.42,1.21,0.66,1.21,,,
2/21/17,2.43,1.22,0.66,1.21,,,
2/22/17,2.42,1.22,0.66,1.2,,,
2/23/17,2.38,1.18,0.66,1.2,,,
2/24/17,2.31,1.12,0.66,1.19,,,
2/27/17,2.36,1.2,0.66,1.16,,,
2/28/17,2.36,1.22,0.66,1.14,,,
3/1/17,2.46,1.29,0.79,1.17,,,
3/2/17,2.49,1.32,0.79,1.17,,,
3/3/17,2.49,1.32,0.79,1.17,,,
3/6/17,2.49,1.31,0.79,1.18,,,
3/7/17,2.52,1.32,0.79,1.2,,,
3/8/17,2.57,1.36,0.79,1.21,,,
3/9/17,2.6,1.37,0.79,1.23,,,
3/10/17,2.58,1.36,0.79,1.22,,,
3/13/17,2.62,1.4,0.79,1.22,,,
3/14/17,2.6,1.4,0.79,1.2,,,
3/15/17,2.51,1.33,0.79,1.18,,,
3/16/17,2.53,1.35,0.79,1.18,,,
3/17/17,2.5,1.33,0.79,1.17,,,
3/20/17,2.47,1.3,0.79,1.17,,,
3/21/17,2.43,1.27,0.79,1.16,,,
3/22/17,2.4,1.27,0.79,1.13,,,
3/23/17,2.41,1.26,0.79,1.15,,,
3/24/17,2.4,1.26,0.79,1.14,,,
3/27/17,2.38,1.27,0.79,1.11,,,
3/28/17,2.42,1.3,0.79,1.12,,,
3/29/17,2.39,1.26,0.79,1.13,,,
3/30/17,2.42,1.28,0.79,1.14,,,
3/31/17,2.4,1.27,0.79,1.13,,,
4/3/17,2.35,1.24,0.9,1.11,,,
4/4/17,2.36,1.25,0.9,1.11,,,
4/5/17,2.34,1.24,0.9,1.1,,,
4/6/17,2.34,1.24,0.9,1.1,,,
4/7/17,2.38,1.29,0.9,1.09,,,
4/10/17,2.37,1.29,0.9,1.08,,,
4/11/17,2.32,1.24,0.9,1.08,,,
4/12/17,2.28,1.24,0.9,1.04,,,
4/13/17,2.24,1.21,0.9,1.03,,,
4/14/17,2.24,1.21,0.9,1.03,,,
4/17/17,2.26,1.21,0.9,1.05,,,
4/18/17,2.18,1.18,0.9,1,,,
4/19/17,2.21,1.19,0.9,1.02,,,
4/20/17,2.24,1.21,0.9,1.03,,,
4/21/17,2.24,1.2,0.9,1.04,,,
4/24/17,2.28,1.25,0.9,1.03,,,
4/25/17,2.35,1.29,0.9,1.06,,,
4/26/17,2.32,1.28,0.9,1.04,,,
4/27/17,2.3,1.25,0.9,1.05,,,
4/28/17,2.29,1.28,0.9,1.01,,,
5/1/17,2.33,1.28,0.91,1.05,,,
5/2/17,2.29,1.27,0.91,1.02,,,
5/3/17,2.33,1.3,0.91,1.03,,,
5/4/17,2.36,1.32,0.91,1.04,,,
5/5/17,2.36,1.32,0.91,1.04,,,
5/8/17,2.39,1.33,0.91,1.06,,,
5/9/17,2.42,1.37,0.91,1.05,,,
5/10/17,2.41,1.35,0.91,1.06,,,
5/11/17,2.39,1.35,0.91,1.04,,,
5/12/17,2.33,1.29,0.91,1.04,,,
5/15/17,2.34,1.31,0.91,1.03,,,
5/16/17,2.33,1.29,0.91,1.04,,,
5/17/17,2.22,1.26,0.91,0.96,,,
5/18/17,2.23,1.27,0.91,0.96,,,
5/19/17,2.23,1.28,0.91,0.95,,,
5/22/17,2.25,1.29,0.91,0.96,,,
5/23/17,2.29,1.31,0.91,0.98,,,
5/24/17,2.26,1.29,0.91,0.97,,,
5/25/17,2.25,1.3,0.91,0.95,,,
5/26/17,2.25,1.3,0.91,0.95,,,
5/29/17,2.25,1.3,0.91,0.95,,,
5/30/17,2.21,1.28,0.91,0.93,,,
5/31/17,2.21,1.28,0.91,0.93,,,
6/1/17,2.21,1.28,1.04,0.93,,,
6/2/17,2.15,1.28,1.04,0.87,,,
6/5/17,2.18,1.32,1.04,0.86,,,
6/6/17,2.14,1.3,1.04,0.84,,,
6/7/17,2.18,1.32,1.04,0.86,,,
6/8/17,2.19,1.33,1.04,0.86,,,
6/9/17,2.21,1.35,1.04,0.86,,,
6/12/17,2.21,1.35,1.04,0.86,,,
6/13/17,2.21,1.38,1.04,0.83,,,
6/14/17,2.15,1.35,1.04,0.8,,,
6/15/17,2.16,1.35,1.04,0.81,,,
6/16/17,2.16,1.32,1.04,0.84,,,
6/19/17,2.19,1.36,1.04,0.83,,,
6/20/17,2.16,1.36,1.04,0.8,,,
6/21/17,2.16,1.36,1.04,0.8,,,
6/22/17,2.15,1.34,1.04,0.81,,,
6/23/17,2.15,1.34,1.04,0.81,,,
6/26/17,2.14,1.36,1.04,0.78,,,
6/27/17,2.21,1.38,1.04,0.83,,,
6/28/17,2.22,1.34,1.04,0.88,,,
6/29/17,2.27,1.38,1.04,0.89,,,
6/30/17,2.31,1.38,1.04,0.93,,,
7/3/17,2.35,1.41,1.15,0.94,,,
7/4/17,2.35,1.41,1.15,0.94,,,
7/5/17,2.33,1.41,1.15,0.92,,,
7/6/17,2.37,1.4,1.15,0.97,,,
7/7/17,2.39,1.4,1.15,0.99,,,
7/10/17,2.38,1.4,1.15,0.98,,,
7/11/17,2.37,1.37,1.15,1,,,
7/12/17,2.33,1.35,1.15,0.98,,,
7/13/17,2.35,1.37,1.15,0.98,,,
7/14/17,2.33,1.35,1.15,0.98,,,
7/17/17,2.31,1.36,1.15,0.95,,,
7/18/17,2.27,1.36,1.15,0.91,,,
7/19/17,2.27,1.37,1.15,0.9,,,
7/20/17,2.27,1.37,1.15,0.9,,,
7/21/17,2.24,1.36,1.15,0.88,,,
7/24/17,2.26,1.37,1.15,0.89,,,
7/25/17,2.33,1.4,1.15,0.93,,,
7/26/17,2.29,1.36,1.15,0.93,,,
7/27/17,2.32,1.36,1.15,0.96,,,
7/28/17,2.3,1.34,1.15,0.96,,,
7/31/17,2.3,1.34,1.15,0.96,,,
8/1/17,2.26,1.34,1.16,0.92,,,
8/2/17,2.27,1.36,1.16,0.91,,,
8/3/17,2.24,1.34,1.16,0.9,,,
8/4/17,2.27,1.36,1.16,0.91,,,
8/7/17,2.26,1.36,1.16,0.9,,,
8/8/17,2.29,1.36,1.16,0.93,,,
8/9/17,2.24,1.33,1.16,0.91,,,
8/10/17,2.2,1.33,1.16,0.87,,,
8/11/17,2.19,1.3,1.16,0.89,,,
8/14/17,2.22,1.33,1.16,0.89,,,
8/15/17,2.27,1.35,1.16,0.92,,,
8/16/17,2.23,1.33,1.16,0.9,,,
8/17/17,2.19,1.32,1.16,0.87,,,
8/18/17,2.19,1.33,1.16,0.86,,,
8/21/17,2.18,1.32,1.16,0.86,,,
8/22/17,2.22,1.33,1.16,0.89,,,
8/23/17,2.17,1.32,1.16,0.85,,,
8/24/17,2.19,1.33,1.16,0.86,,,
8/25/17,2.17,1.35,1.16,0.82,,,
8/28/17,2.16,1.33,1.16,0.83,,,
8/29/17,2.13,1.33,1.16,0.8,,,
8/30/17,2.15,1.33,1.16,0.82,,,
8/31/17,2.12,1.33,1.16,0.79,,,
9/1/17,2.16,1.35,1.15,0.81,,,
9/4/17,2.16,1.35,1.15,0.81,,,
9/5/17,2.07,1.3,1.15,0.77,,,
9/6/17,2.1,1.3,1.15,0.8,,,
9/7/17,2.05,1.27,1.15,0.78,,,
9/8/17,2.06,1.27,1.15,0.79,,,
9/11/17,2.14,1.32,1.15,0.82,,,
9/12/17,2.17,1.33,1.15,0.84,,,
9/13/17,2.2,1.35,1.15,0.85,,,
9/14/17,2.2,1.37,1.15,0.83,,,
9/15/17,2.2,1.39,1.15,0.81,,,
9/18/17,2.23,1.4,1.15,0.83,,,
9/19/17,2.24,1.4,1.15,0.84,,,
9/20/17,2.28,1.45,1.15,0.83,,,
9/21/17,2.27,1.45,1.15,0.82,,,
9/22/17,2.26,1.46,1.15,0.8,,,
9/25/17,2.22,1.44,1.15,0.78,,,
9/26/17,2.24,1.45,1.15,0.79,,,
9/27/17,2.31,1.47,1.15,0.84,,,
9/28/17,2.31,1.45,1.15,0.86,,,
9/29/17,2.33,1.47,1.15,0.86,,,
10/2/17,2.34,1.49,1.15,0.85,,,
10/3/17,2.33,1.47,1.15,0.86,,,
10/4/17,2.33,1.47,1.15,0.86,,,
10/5/17,2.35,1.49,1.15,0.86,,,
10/6/17,2.37,1.54,1.15,0.83,,,
10/9/17,2.37,1.54,1.15,0.83,,,
10/10/17,2.35,1.51,1.15,0.84,,,
10/11/17,2.35,1.51,1.15,0.84,,,
10/12/17,2.33,1.51,1.15,0.82,,,
10/13/17,2.28,1.51,1.15,0.77,,,
10/16/17,2.3,1.54,1.15,0.76,,,
10/17/17,2.3,1.54,1.15,0.76,,,
10/18/17,2.34,1.59,1.15,0.75,,,
10/19/17,2.33,1.58,1.15,0.75,,,
10/20/17,2.39,1.6,1.15,0.79,,,
10/23/17,2.38,1.58,1.15,0.8,,,
10/24/17,2.42,1.6,1.15,0.82,,,
10/25/17,2.44,1.61,1.15,0.83,,,
10/26/17,2.46,1.63,1.15,0.83,,,
10/27/17,2.42,1.59,1.15,0.83,,,
10/30/17,2.37,1.58,1.15,0.79,,,
10/31/17,2.38,1.6,1.15,0.78,,,
11/1/17,2.37,1.61,1.16,0.76,,,
11/2/17,2.35,1.61,1.16,0.74,,,
11/3/17,2.34,1.63,1.16,0.71,,,
11/6/17,2.32,1.61,1.16,0.71,,,
11/7/17,2.32,1.63,1.16,0.69,,,
11/8/17,2.32,1.65,1.16,0.67,,,
11/9/17,2.33,1.63,1.16,0.7,,,
11/10/17,2.4,1.67,1.16,0.73,,,
11/13/17,2.4,1.7,1.16,0.7,,,
11/14/17,2.38,1.68,1.16,0.7,,,
11/15/17,2.33,1.68,1.16,0.65,,,
11/16/17,2.37,1.72,1.16,0.65,,,
11/17/17,2.35,1.73,1.16,0.62,,,
11/20/17,2.37,1.77,1.16,0.6,,,
11/21/17,2.36,1.77,1.16,0.59,,,
11/22/17,2.32,1.74,1.16,0.58,,,
11/23/17,2.32,1.74,1.16,0.58,,,
11/24/17,2.34,1.75,1.16,0.59,,,
11/27/17,2.32,1.74,1.16,0.58,,,
11/28/17,2.34,1.75,1.16,0.59,,,
11/29/17,2.37,1.78,1.16,0.59,,,
11/30/17,2.42,1.78,1.16,0.64,,,
12/1/17,2.37,1.78,1.3,0.59,,,
12/4/17,2.37,1.8,1.3,0.57,,,
12/5/17,2.36,1.83,1.3,0.53,,,
12/6/17,2.33,1.78,1.3,0.55,,,
12/7/17,2.37,1.8,1.3,0.57,,,
12/8/17,2.38,1.8,1.3,0.58,,,
12/11/17,2.39,1.82,1.3,0.57,,,
12/12/17,2.4,1.83,1.3,0.57,,,
12/13/17,2.36,1.79,1.3,0.57,,,
12/14/17,2.35,1.82,1.3,0.53,,,
12/15/17,2.35,1.84,1.3,0.51,,,
12/18/17,2.39,1.84,1.3,0.55,,,
12/19/17,2.46,1.87,1.3,0.59,,,
12/20/17,2.49,1.87,1.3,0.62,,,
12/21/17,2.48,1.89,1.3,0.59,,,
12/22/17,2.48,1.91,1.3,0.57,,,
12/25/17,2.48,1.91,1.3,0.57,,,
12/26/17,2.47,1.92,1.3,0.55,,,
12/27/17,2.42,1.89,1.3,0.53,,,
12/28/17,2.43,1.91,1.3,0.52,,,
12/29/17,2.4,1.89,1.3,0.51,,,
1/1/18,2.4,1.89,1.41,0.51,,,
1/2/18,2.46,1.92,1.41,0.54,,,
1/3/18,2.44,1.94,1.41,0.5,,,
1/4/18,2.46,1.96,1.41,0.5,,,
1/5/18,2.47,1.96,1.41,0.51,,,
1/8/18,2.49,1.96,1.41,0.53,,,
1/9/18,2.55,1.98,1.41,0.57,,,
1/10/18,2.55,1.98,1.41,0.57,,,
1/11/18,2.54,1.98,1.41,0.56,,,
1/12/18,2.55,1.99,1.41,0.56,,,
1/15/18,2.55,1.99,1.41,0.56,,,
1/16/18,2.54,2.03,1.41,0.51,,,
1/17/18,2.57,2.05,1.41,0.52,,,
1/18/18,2.62,2.05,1.41,0.57,,,
1/19/18,2.64,2.06,1.41,0.58,,,
1/22/18,2.66,2.08,1.41,0.58,,,
1/23/18,2.63,2.06,1.41,0.57,,,
1/24/18,2.65,2.08,1.41,0.57,,,
1/25/18,2.63,2.08,1.41,0.55,,,
1/26/18,2.66,2.13,1.41,0.53,,,
1/29/18,2.7,2.11,1.41,0.59,,,
1/30/18,2.73,2.13,1.41,0.6,,,
1/31/18,2.72,2.14,1.41,0.58,,,
2/1/18,2.78,2.16,1.42,0.62,,,
2/2/18,2.84,2.15,1.42,0.69,,,
2/5/18,2.77,2.08,1.42,0.69,,,
2/6/18,2.79,2.1,1.42,0.69,,,
2/7/18,2.84,2.15,1.42,0.69,,,
2/8/18,2.85,2.13,1.42,0.72,,,
2/9/18,2.83,2.05,1.42,0.78,,,
2/12/18,2.86,2.09,1.42,0.77,,,
2/13/18,2.83,2.1,1.42,0.73,,,
2/14/18,2.91,2.17,1.42,0.74,,,
2/15/18,2.9,2.19,1.42,0.71,,,
2/16/18,2.87,2.21,1.42,0.66,,,
2/19/18,2.87,2.21,1.42,0.66,,,
2/20/18,2.88,2.25,1.42,0.63,,,
2/21/18,2.94,2.26,1.42,0.68,,,
2/22/18,2.92,2.25,1.42,0.67,,,
2/23/18,2.88,2.25,1.42,0.63,,,
2/26/18,2.86,2.22,1.42,0.64,,,
2/27/18,2.9,2.27,1.42,0.63,,,
2/28/18,2.87,2.25,1.42,0.62,,,
3/1/18,2.81,2.22,1.51,0.59,,,
3/2/18,2.86,2.25,1.51,0.61,,,
3/5/18,2.88,2.24,1.51,0.64,,,
3/6/18,2.88,2.25,1.51,0.63,,,
3/7/18,2.89,2.25,1.51,0.64,,,
3/8/18,2.86,2.25,1.51,0.61,,,
3/9/18,2.9,2.27,1.51,0.63,,,
3/12/18,2.87,2.27,1.51,0.6,,,
3/13/18,2.84,2.26,1.51,0.58,,,
3/14/18,2.81,2.26,1.51,0.55,,,
3/15/18,2.82,2.29,1.51,0.53,,,
3/16/18,2.85,2.31,1.51,0.54,,,
3/19/18,2.85,2.31,1.51,0.54,,,
3/20/18,2.89,2.34,1.51,0.55,,,
3/21/18,2.89,2.31,1.51,0.58,,,
3/22/18,2.83,2.29,1.51,0.54,,,
3/23/18,2.82,2.28,1.51,0.54,,,
3/26/18,2.85,2.33,1.51,0.52,,,
3/27/18,2.78,2.26,1.51,0.52,,,
3/28/18,2.77,2.28,1.51,0.49,,,
3/29/18,2.74,2.27,1.51,0.47,,,
3/30/18,2.74,2.27,1.51,0.47,,,
4/2/18,2.73,2.25,1.69,0.48,,,
4/3/18,2.79,2.28,1.69,0.51,,,
4/4/18,2.79,2.28,1.69,0.51,,,
4/5/18,2.83,2.3,1.69,0.53,,,
4/6/18,2.77,2.27,1.69,0.5,,,
4/9/18,2.78,2.29,1.69,0.49,,,
4/10/18,2.8,2.32,1.69,0.48,,,
4/11/18,2.79,2.32,1.69,0.47,,,
4/12/18,2.83,2.34,1.69,0.49,,,
4/13/18,2.82,2.37,1.69,0.45,,,
4/16/18,2.83,2.39,1.69,0.44,,,
4/17/18,2.82,2.41,1.69,0.41,,,
4/18/18,2.87,2.42,1.69,0.45,,,
4/19/18,2.92,2.44,1.69,0.48,,,
4/20/18,2.96,2.46,1.69,0.5,,,
4/23/18,2.98,2.49,1.69,0.49,,,
4/24/18,3,2.48,1.69,0.52,,,
4/25/18,3.03,2.49,1.69,0.54,,,
4/26/18,3,2.49,1.69,0.51,,,
4/27/18,2.96,2.49,1.69,0.47,,,
4/30/18,2.95,2.49,1.69,0.46,,,
5/1/18,2.97,2.5,1.7,0.47,,,
5/2/18,2.97,2.49,1.7,0.48,,,
5/3/18,2.94,2.49,1.7,0.45,,,
5/4/18,2.95,2.51,1.7,0.44,,,
5/7/18,2.95,2.49,1.7,0.46,,,
5/8/18,2.97,2.51,1.7,0.46,,,
5/9/18,3,2.54,1.7,0.46,,,
5/10/18,2.97,2.54,1.7,0.43,,,
5/11/18,2.97,2.54,1.7,0.43,,,
5/14/18,3,2.55,1.7,0.45,,,
5/15/18,3.08,2.58,1.7,0.5,,,
5/16/18,3.09,2.58,1.7,0.51,,,
5/17/18,3.11,2.57,1.7,0.54,,,
5/18/18,3.06,2.55,1.7,0.51,,,
5/21/18,3.06,2.58,1.7,0.48,,,
5/22/18,3.06,2.59,1.7,0.47,,,
5/23/18,3.01,2.53,1.7,0.48,,,
5/24/18,2.98,2.5,1.7,0.48,,,
5/25/18,2.93,2.48,1.7,0.45,,,
5/28/18,2.93,2.48,1.7,0.45,,,
5/29/18,2.77,2.32,1.7,0.45,,,
5/30/18,2.84,2.42,1.7,0.42,,,
5/31/18,2.83,2.4,1.7,0.43,,,
6/1/18,2.89,2.47,1.82,0.42,,,
6/4/18,2.94,2.52,1.82,0.42,,,
6/5/18,2.92,2.49,1.82,0.43,,,
6/6/18,2.97,2.52,1.82,0.45,,,
6/7/18,2.93,2.5,1.82,0.43,,,
6/8/18,2.93,2.5,1.82,0.43,,,
6/11/18,2.96,2.52,1.82,0.44,,,
6/12/18,2.96,2.54,1.82,0.42,,,
6/13/18,2.98,2.59,1.82,0.39,,,
6/14/18,2.94,2.59,1.82,0.35,,,
6/15/18,2.93,2.55,1.82,0.38,,,
6/18/18,2.92,2.56,1.82,0.36,,,
6/19/18,2.89,2.54,1.82,0.35,,,
6/20/18,2.93,2.56,1.82,0.37,,,
6/21/18,2.9,2.56,1.82,0.34,,,
6/22/18,2.9,2.56,1.82,0.34,,,
6/25/18,2.87,2.54,1.82,0.33,,,
6/26/18,2.88,2.53,1.82,0.35,,,
6/27/18,2.83,2.52,1.82,0.31,,,
6/28/18,2.84,2.52,1.82,0.32,,,
6/29/18,2.85,2.52,1.82,0.33,,,
7/2/18,2.87,2.57,1.91,0.3,,,
7/3/18,2.83,2.53,1.91,0.3,,,
7/4/18,2.83,2.53,1.91,0.3,,,
7/5/18,2.84,2.55,1.91,0.29,,,
7/6/18,2.82,2.53,1.91,0.29,,,
7/9/18,2.86,2.57,1.91,0.29,,,
7/10/18,2.87,2.59,1.91,0.28,,,
7/11/18,2.85,2.58,1.91,0.27,,,
7/12/18,2.85,2.6,1.91,0.25,,,
7/13/18,2.83,2.59,1.91,0.24,,,
7/16/18,2.85,2.59,1.91,0.26,,,
7/17/18,2.86,2.62,1.91,0.24,,,
7/18/18,2.88,2.6,1.91,0.28,,,
7/19/18,2.84,2.6,1.91,0.24,,,
7/20/18,2.89,2.6,1.91,0.29,,,
7/23/18,2.96,2.64,1.91,0.32,,,
7/24/18,2.95,2.63,1.91,0.32,,,
7/25/18,2.94,2.66,1.91,0.28,,,
7/26/18,2.98,2.69,1.91,0.29,,,
7/27/18,2.96,2.67,1.91,0.29,,,
7/30/18,2.98,2.66,1.91,0.32,,,
7/31/18,2.96,2.67,1.91,0.29,,,
8/1/18,3,2.67,1.91,0.33,,,
8/2/18,2.98,2.66,1.91,0.32,,,
8/3/18,2.95,2.63,1.91,0.32,,,
8/6/18,2.94,2.64,1.91,0.3,,,
8/7/18,2.98,2.68,1.91,0.3,,,
8/8/18,2.96,2.68,1.91,0.28,,,
8/9/18,2.93,2.64,1.91,0.29,,,
8/10/18,2.87,2.61,1.91,0.26,,,
8/13/18,2.88,2.61,1.91,0.27,,,
8/14/18,2.89,2.63,1.91,0.26,,,
8/15/18,2.86,2.61,1.91,0.25,,,
8/16/18,2.87,2.63,1.91,0.24,,,
8/17/18,2.87,2.61,1.91,0.26,,,
8/20/18,2.82,2.6,1.91,0.22,,,
8/21/18,2.85,2.61,1.91,0.24,,,
8/22/18,2.82,2.6,1.91,0.22,,,
8/23/18,2.82,2.61,1.91,0.21,,,
8/24/18,2.82,2.63,1.91,0.19,,,
8/27/18,2.85,2.67,1.91,0.18,,,
8/28/18,2.88,2.67,1.91,0.21,,,
8/29/18,2.89,2.67,1.91,0.22,,,
8/30/18,2.86,2.64,1.91,0.22,,,
8/31/18,2.86,2.62,1.91,0.24,,,
9/3/18,2.86,2.62,1.95,0.24,,,
9/4/18,2.9,2.66,1.95,0.24,,,
9/5/18,2.9,2.66,1.95,0.24,,,
9/6/18,2.88,2.64,1.95,0.24,,,
9/7/18,2.94,2.71,1.95,0.23,,,
9/10/18,2.94,2.73,1.95,0.21,,,
9/11/18,2.98,2.76,1.95,0.22,,,
9/12/18,2.97,2.74,1.95,0.23,,,
9/13/18,2.97,2.76,1.95,0.21,,,
9/14/18,2.99,2.78,1.95,0.21,,,
9/17/18,2.99,2.78,1.95,0.21,,,
9/18/18,3.05,2.81,1.95,0.24,,,
9/19/18,3.08,2.81,1.95,0.27,,,
9/20/18,3.07,2.81,1.95,0.26,,,
9/21/18,3.07,2.81,1.95,0.26,,,
9/24/18,3.08,2.83,1.95,0.25,,,
9/25/18,3.1,2.83,1.95,0.27,,,
9/26/18,3.06,2.83,1.95,0.23,,,
9/27/18,3.06,2.83,1.95,0.23,,,
9/28/18,3.05,2.81,1.95,0.24,,,
10/1/18,3.09,2.82,2.19,0.27,,,
10/2/18,3.05,2.82,2.19,0.23,,,
10/3/18,3.15,2.85,2.19,0.3,,,
10/4/18,3.19,2.87,2.19,0.32,,,
10/5/18,3.23,2.88,2.19,0.35,,,
10/8/18,3.23,2.88,2.19,0.35,,,
10/9/18,3.21,2.88,2.19,0.33,,,
10/10/18,3.22,2.88,2.19,0.34,,,
10/11/18,3.14,2.85,2.19,0.29,,,
10/12/18,3.15,2.85,2.19,0.3,,,
10/15/18,3.16,2.85,2.19,0.31,,,
10/16/18,3.16,2.87,2.19,0.29,,,
10/17/18,3.19,2.89,2.19,0.3,,,
10/18/18,3.17,2.87,2.19,0.3,,,
10/19/18,3.2,2.92,2.19,0.28,,,
10/22/18,3.2,2.92,2.19,0.28,,,
10/23/18,3.17,2.89,2.19,0.28,,,
10/24/18,3.1,2.84,2.19,0.26,,,
10/25/18,3.14,2.86,2.19,0.28,,,
10/26/18,3.08,2.81,2.19,0.27,,,
10/29/18,3.08,2.81,2.19,0.27,,,
10/30/18,3.12,2.84,2.19,0.28,,,
10/31/18,3.15,2.87,2.19,0.28,,,
11/1/18,3.14,2.84,2.2,0.3,,,
11/2/18,3.22,2.91,2.2,0.31,,,
11/5/18,3.2,2.91,2.2,0.29,,,
11/6/18,3.22,2.93,2.2,0.29,,,
11/7/18,3.22,2.96,2.2,0.26,,,
11/8/18,3.24,2.98,2.2,0.26,,,
11/9/18,3.19,2.94,2.2,0.25,,,
11/12/18,3.19,2.94,2.2,0.25,,,
11/13/18,3.14,2.89,2.2,0.25,,,
11/14/18,3.12,2.86,2.2,0.26,,,
11/15/18,3.11,2.86,2.2,0.25,,,
11/16/18,3.08,2.81,2.2,0.27,,,
11/19/18,3.06,2.79,2.2,0.27,,,
11/20/18,3.06,2.79,2.2,0.27,,,
11/21/18,3.06,2.81,2.2,0.25,,,
11/22/18,3.06,2.81,2.2,0.25,,,
11/23/18,3.05,2.81,2.2,0.24,,,
11/26/18,3.07,2.84,2.2,0.23,,,
11/27/18,3.06,2.83,2.2,0.23,,,
11/28/18,3.06,2.81,2.2,0.25,,,
11/29/18,3.03,2.81,2.2,0.22,,,
11/30/18,3.01,2.8,2.2,0.21,,,
12/3/18,2.98,2.83,2.27,0.15,,,
12/4/18,2.91,2.8,2.27,0.11,,,
12/5/18,2.91,2.8,2.27,0.11,,,
12/6/18,2.87,2.75,2.27,0.12,,,
12/7/18,2.85,2.72,2.27,0.13,,,
12/10/18,2.85,2.72,2.27,0.13,,,
12/11/18,2.89,2.78,2.27,0.11,,,
12/12/18,2.91,2.77,2.27,0.14,,,
12/13/18,2.91,2.75,2.27,0.16,,,
12/14/18,2.89,2.73,2.27,0.16,,,
12/17/18,2.86,2.7,2.27,0.16,,,
12/18/18,2.82,2.65,2.27,0.17,,,
12/19/18,2.77,2.63,2.27,0.14,,,
12/20/18,2.79,2.67,2.27,0.12,,,
12/21/18,2.79,2.63,2.27,0.16,,,
12/24/18,2.74,2.55,2.27,0.19,,,
12/25/18,2.74,2.55,2.27,0.19,,,
12/26/18,2.81,2.61,2.27,0.2,,,
12/27/18,2.77,2.56,2.27,0.21,,,
12/28/18,2.72,2.52,2.27,0.2,,,
12/31/18,2.69,2.48,2.27,0.21,,,
1/1/19,2.69,2.48,2.4,0.21,,,
1/2/19,2.66,2.5,2.4,0.16,,,
1/3/19,2.56,2.39,2.4,0.17,,,
1/4/19,2.67,2.5,2.4,0.17,,,
1/7/19,2.7,2.53,2.4,0.17,,,
1/8/19,2.73,2.58,2.4,0.15,,,
1/9/19,2.74,2.56,2.4,0.18,,,
1/10/19,2.74,2.56,2.4,0.18,,,
1/11/19,2.71,2.55,2.4,0.16,,,
1/14/19,2.71,2.53,2.4,0.18,,,
1/15/19,2.72,2.53,2.4,0.19,,,
1/16/19,2.73,2.55,2.4,0.18,,,
1/17/19,2.75,2.56,2.4,0.19,,,
1/18/19,2.79,2.62,2.4,0.17,,,
1/21/19,2.79,2.62,2.4,0.17,,,
1/22/19,2.74,2.58,2.4,0.16,,,
1/23/19,2.76,2.58,2.4,0.18,,,
1/24/19,2.72,2.56,2.4,0.16,,,
1/25/19,2.76,2.6,2.4,0.16,,,
1/28/19,2.75,2.6,2.4,0.15,,,
1/29/19,2.72,2.56,2.4,0.16,,,
1/30/19,2.7,2.52,2.4,0.18,,,
1/31/19,2.63,2.45,2.4,0.18,,,
2/1/19,2.7,2.52,2.4,0.18,,,
2/4/19,2.73,2.53,2.4,0.2,,,
2/5/19,2.71,2.53,2.4,0.18,,,
2/6/19,2.7,2.52,2.4,0.18,,,
2/7/19,2.65,2.48,2.4,0.17,,,
2/8/19,2.63,2.45,2.4,0.18,,,
2/11/19,2.65,2.48,2.4,0.17,,,
2/12/19,2.68,2.5,2.4,0.18,,,
2/13/19,2.71,2.53,2.4,0.18,,,
2/14/19,2.66,2.5,2.4,0.16,,,
2/15/19,2.66,2.52,2.4,0.14,,,
2/18/19,2.66,2.52,2.4,0.14,,,
2/19/19,2.65,2.5,2.4,0.15,,,
2/20/19,2.65,2.5,2.4,0.15,,,
2/21/19,2.69,2.53,2.4,0.16,,,
2/22/19,2.65,2.48,2.4,0.17,,,
2/25/19,2.67,2.51,2.4,0.16,,,
2/26/19,2.64,2.48,2.4,0.16,,,
2/27/19,2.69,2.5,2.4,0.19,,,
2/28/19,2.73,2.52,2.4,0.21,,,
3/1/19,2.76,2.55,2.41,0.21,,,
3/4/19,2.72,2.55,2.41,0.17,,,
3/5/19,2.72,2.55,2.41,0.17,,,
3/6/19,2.69,2.52,2.41,0.17,,,
3/7/19,2.64,2.47,2.41,0.17,,,
3/8/19,2.62,2.45,2.41,0.17,,,
3/11/19,2.64,2.47,2.41,0.17,,,
3/12/19,2.61,2.45,2.41,0.16,,,
3/13/19,2.61,2.45,2.41,0.16,,,
3/14/19,2.63,2.46,2.41,0.17,,,
3/15/19,2.59,2.43,2.41,0.16,,,
3/18/19,2.6,2.45,2.41,0.15,,,
3/19/19,2.61,2.46,2.41,0.15,,,
3/20/19,2.54,2.4,2.41,0.14,,,
3/21/19,2.54,2.41,2.41,0.13,,,
3/22/19,2.44,2.31,2.41,0.13,,,
3/25/19,2.43,2.26,2.41,0.17,,,
3/26/19,2.41,2.24,2.41,0.17,,,
3/27/19,2.39,2.22,2.41,0.17,,,
3/28/19,2.39,2.23,2.41,0.16,,,
3/29/19,2.41,2.27,2.41,0.14,,,
4/1/19,2.49,2.33,2.42,0.16,,,
4/2/19,2.48,2.3,2.42,0.18,,,
4/3/19,2.52,2.33,2.42,0.19,,,
4/4/19,2.51,2.33,2.42,0.18,,,
4/5/19,2.5,2.35,2.42,0.15,,,
4/8/19,2.52,2.36,2.42,0.16,,,
4/9/19,2.51,2.35,2.42,0.16,,,
4/10/19,2.48,2.31,2.42,0.17,,,
4/11/19,2.51,2.35,2.42,0.16,,,
4/12/19,2.56,2.4,2.42,0.16,,,
4/15/19,2.55,2.4,2.42,0.15,,,
4/16/19,2.6,2.41,2.42,0.19,,,
4/17/19,2.59,2.4,2.42,0.19,,,
4/18/19,2.57,2.38,2.42,0.19,,,
4/19/19,2.57,2.38,2.42,0.19,,,
4/22/19,2.59,2.38,2.42,0.21,,,
4/23/19,2.57,2.36,2.42,0.21,,,
4/24/19,2.53,2.32,2.42,0.21,,,
4/25/19,2.54,2.33,2.42,0.21,,,
4/26/19,2.51,2.28,2.42,0.23,,,
4/29/19,2.54,2.3,2.42,0.24,,,
4/30/19,2.51,2.27,2.42,0.24,,,
5/1/19,2.52,2.31,2.39,0.21,,,
5/2/19,2.55,2.35,2.39,0.2,,,
5/3/19,2.54,2.33,2.39,0.21,,,
5/6/19,2.51,2.31,2.39,0.2,,,
5/7/19,2.45,2.28,2.39,0.17,,,
5/8/19,2.49,2.3,2.39,0.19,,,
5/9/19,2.45,2.26,2.39,0.19,,,
5/10/19,2.47,2.26,2.39,0.21,,,
5/13/19,2.4,2.18,2.39,0.22,,,
5/14/19,2.42,2.2,2.39,0.22,,,
5/15/19,2.37,2.16,2.39,0.21,,,
5/16/19,2.4,2.2,2.39,0.2,,,
5/17/19,2.39,2.2,2.39,0.19,,,
5/20/19,2.41,2.21,2.39,0.2,,,
5/21/19,2.43,2.26,2.39,0.17,,,
5/22/19,2.39,2.23,2.39,0.16,,,
5/23/19,2.31,2.12,2.39,0.19,,,
5/24/19,2.32,2.16,2.39,0.16,,,
5/27/19,2.32,2.16,2.39,0.16,,,
5/28/19,2.26,2.12,2.39,0.14,,,
5/29/19,2.25,2.09,2.39,0.16,,,
5/30/19,2.22,2.06,2.39,0.16,,,
5/31/19,2.14,1.95,2.39,0.19,,,
6/3/19,2.07,1.82,2.38,0.25,,,
6/4/19,2.12,1.88,2.38,0.24,,,
6/5/19,2.12,1.83,2.38,0.29,,,
6/6/19,2.12,1.88,2.38,0.24,,,
6/7/19,2.09,1.85,2.38,0.24,,,
6/10/19,2.15,1.9,2.38,0.25,,,
6/11/19,2.15,1.93,2.38,0.22,,,
6/12/19,2.13,1.88,2.38,0.25,,,
6/13/19,2.1,1.83,2.38,0.27,,,
6/14/19,2.09,1.84,2.38,0.25,,,
6/17/19,2.09,1.86,2.38,0.23,,,
6/18/19,2.06,1.86,2.38,0.2,,,
6/19/19,2.03,1.74,2.38,0.29,,,
6/20/19,2.01,1.72,2.38,0.29,,,
6/21/19,2.07,1.77,2.38,0.3,,,
6/24/19,2.02,1.72,2.38,0.3,,,
6/25/19,2,1.71,2.38,0.29,,,
6/26/19,2.05,1.77,2.38,0.28,,,
6/27/19,2.01,1.74,2.38,0.27,,,
6/28/19,2,1.75,2.38,0.25,,,
7/1/19,2.03,1.78,2.4,0.25,,,
7/2/19,1.98,1.77,2.4,0.21,,,
7/3/19,1.96,1.77,2.4,0.19,,,
7/4/19,1.96,1.77,2.4,0.19,,,
7/5/19,2.04,1.87,2.4,0.17,,,
7/8/19,2.05,1.88,2.4,0.17,,,
7/9/19,2.07,1.92,2.4,0.15,,,
7/10/19,2.07,1.82,2.4,0.25,,,
7/11/19,2.13,1.85,2.4,0.28,,,
7/12/19,2.12,1.84,2.4,0.28,,,
7/15/19,2.09,1.83,2.4,0.26,,,
7/16/19,2.13,1.87,2.4,0.26,,,
7/17/19,2.06,1.83,2.4,0.23,,,
7/18/19,2.04,1.77,2.4,0.27,,,
7/19/19,2.05,1.8,2.4,0.25,,,
7/22/19,2.05,1.8,2.4,0.25,,,
7/23/19,2.08,1.83,2.4,0.25,,,
7/24/19,2.05,1.83,2.4,0.22,,,
7/25/19,2.08,1.86,2.4,0.22,,,
7/26/19,2.08,1.86,2.4,0.22,,,
7/29/19,2.06,1.85,2.4,0.21,,,
7/30/19,2.06,1.85,2.4,0.21,,,
7/31/19,2.02,1.89,2.4,0.13,,,
8/1/19,1.9,1.73,2.13,0.17,,,
8/2/19,1.86,1.72,2.13,0.14,,,
8/5/19,1.75,1.59,2.13,0.16,,,
8/6/19,1.73,1.6,2.13,0.13,,,
8/7/19,1.71,1.59,2.13,0.12,,,
8/8/19,1.72,1.62,2.13,0.1,,,
8/9/19,1.74,1.63,2.13,0.11,,,
8/12/19,1.65,1.58,2.13,0.07,,,
8/13/19,1.68,1.66,2.13,0.02,,,
8/14/19,1.59,1.58,2.13,0.01,,,
8/15/19,1.52,1.48,2.13,0.04,,,
8/16/19,1.55,1.48,2.13,0.07,,,
8/19/19,1.6,1.53,2.13,0.07,,,
8/20/19,1.55,1.5,2.13,0.05,,,
8/21/19,1.59,1.56,2.13,0.03,,,
8/22/19,1.62,1.61,2.13,0.01,,,
8/23/19,1.52,1.51,2.13,0.01,,,
8/26/19,1.54,1.54,2.13,0,,,
8/27/19,1.49,1.53,2.13,-0.04,,,
8/28/19,1.47,1.5,2.13,-0.03,,,
8/29/19,1.5,1.53,2.13,-0.03,,,
8/30/19,1.5,1.5,2.13,0,,,
9/2/19,1.5,1.5,2.04,0,,,
9/3/19,1.47,1.47,2.04,0,,,
9/4/19,1.47,1.43,2.04,0.04,,,
9/5/19,1.57,1.55,2.04,0.02,,,
9/6/19,1.55,1.53,2.04,0.02,,,
9/9/19,1.63,1.58,2.04,0.05,,,
9/10/19,1.72,1.67,2.04,0.05,,,
9/11/19,1.75,1.68,2.04,0.07,,,
9/12/19,1.79,1.72,2.04,0.07,,,
9/13/19,1.9,1.79,2.04,0.11,,,
9/16/19,1.84,1.74,2.04,0.1,,,
9/17/19,1.81,1.72,2.04,0.09,,,
9/18/19,1.8,1.77,2.04,0.03,,,
9/19/19,1.79,1.74,2.04,0.05,,,
9/20/19,1.74,1.69,2.04,0.05,,,
9/23/19,1.72,1.68,2.04,0.04,,,
9/24/19,1.64,1.6,2.04,0.04,,,
9/25/19,1.73,1.68,2.04,0.05,,,
9/26/19,1.7,1.66,2.04,0.04,,,
9/27/19,1.69,1.63,2.04,0.06,,,
9/30/19,1.68,1.63,2.04,0.05,,,
10/1/19,1.65,1.56,1.83,0.09,,,
10/2/19,1.6,1.48,1.83,0.12,,,
10/3/19,1.54,1.39,1.83,0.15,,,
10/4/19,1.52,1.4,1.83,0.12,,,
10/7/19,1.56,1.46,1.83,0.1,,,
10/8/19,1.54,1.42,1.83,0.12,,,
10/9/19,1.59,1.47,1.83,0.12,,,
10/10/19,1.67,1.53,1.83,0.14,,,
10/11/19,1.76,1.63,1.83,0.13,,,
10/14/19,1.76,1.63,1.83,0.13,,,
10/15/19,1.77,1.61,1.83,0.16,,,
10/16/19,1.75,1.58,1.83,0.17,,,
10/17/19,1.76,1.6,1.83,0.16,,,
10/18/19,1.76,1.58,1.83,0.18,,,
10/21/19,1.8,1.62,1.83,0.18,,,
10/22/19,1.78,1.6,1.83,0.18,,,
10/23/19,1.77,1.58,1.83,0.19,,,
10/24/19,1.77,1.58,1.83,0.19,,,
10/25/19,1.8,1.63,1.83,0.17,,,
10/28/19,1.85,1.64,1.83,0.21,,,
10/29/19,1.84,1.64,1.83,0.2,,,
10/30/19,1.78,1.61,1.83,0.17,,,
10/31/19,1.69,1.52,1.83,0.17,,,
11/1/19,1.73,1.56,1.55,0.17,,,
11/4/19,1.79,1.6,1.55,0.19,,,
11/5/19,1.86,1.63,1.55,0.23,,,
11/6/19,1.81,1.61,1.55,0.2,,,
11/7/19,1.92,1.68,1.55,0.24,,,
11/8/19,1.94,1.68,1.55,0.26,,,
11/11/19,1.94,1.68,1.55,0.26,,,
11/12/19,1.92,1.66,1.55,0.26,,,
11/13/19,1.88,1.63,1.55,0.25,,,
11/14/19,1.82,1.58,1.55,0.24,,,
11/15/19,1.84,1.61,1.55,0.23,,,
11/18/19,1.81,1.6,1.55,0.21,,,
11/19/19,1.79,1.6,1.55,0.19,,,
11/20/19,1.73,1.56,1.55,0.17,,,
11/21/19,1.77,1.6,1.55,0.17,,,
11/22/19,1.77,1.61,1.55,0.16,,,
11/25/19,1.76,1.61,1.55,0.15,,,
11/26/19,1.74,1.58,1.55,0.16,,,
11/27/19,1.77,1.63,1.55,0.14,,,
11/28/19,1.77,1.63,1.55,0.14,,,
11/29/19,1.78,1.61,1.55,0.17,,,
12/2/19,1.83,1.61,1.55,0.22,,,
12/3/19,1.72,1.53,1.55,0.19,,,
12/4/19,1.77,1.58,1.55,0.19,,,
12/5/19,1.8,1.58,1.55,0.22,,,
12/6/19,1.84,1.61,1.55,0.23,,,
12/9/19,1.83,1.63,1.55,0.2,,,
12/10/19,1.85,1.65,1.55,0.2,,,
12/11/19,1.79,1.61,1.55,0.18,,,
12/12/19,1.9,1.66,1.55,0.24,,,
12/13/19,1.82,1.61,1.55,0.21,,,
12/16/19,1.89,1.65,1.55,0.24,,,
12/17/19,1.89,1.63,1.55,0.26,,,
12/18/19,1.92,1.63,1.55,0.29,,,
12/19/19,1.92,1.62,1.55,0.3,,,
12/20/19,1.92,1.63,1.55,0.29,,,
12/23/19,1.93,1.64,1.55,0.29,,,
12/24/19,1.9,1.62,1.55,0.28,,,
12/25/19,1.9,1.62,1.55,0.28,,,
12/26/19,1.9,1.64,1.55,0.26,,,
12/27/19,1.88,1.59,1.55,0.29,,,
12/30/19,1.9,1.58,1.55,0.32,,,
12/31/19,1.92,1.58,1.55,0.34,,,
1/1/20,1.92,1.58,1.55,0.34,,,
1/2/20,1.88,1.58,1.55,0.3,,,
1/3/20,1.8,1.53,1.55,0.27,,,
1/6/20,1.81,1.54,1.55,0.27,,,
1/7/20,1.83,1.54,1.55,0.29,,,
1/8/20,1.87,1.58,1.55,0.29,,,
1/9/20,1.85,1.58,1.55,0.27,,,
1/10/20,1.83,1.56,1.55,0.27,,,
1/13/20,1.85,1.58,1.55,0.27,,,
1/14/20,1.82,1.58,1.55,0.24,,,
1/15/20,1.79,1.56,1.55,0.23,,,
1/16/20,1.81,1.58,1.55,0.23,,,
1/17/20,1.84,1.58,1.55,0.26,,,
1/20/20,1.84,1.58,1.55,0.26,,,
1/21/20,1.78,1.53,1.55,0.25,,,
1/22/20,1.77,1.53,1.55,0.24,,,
1/23/20,1.74,1.51,1.55,0.23,,,
1/24/20,1.7,1.49,1.55,0.21,,,
1/27/20,1.61,1.44,1.55,0.17,,,
1/28/20,1.65,1.45,1.55,0.2,,,
1/29/20,1.6,1.42,1.55,0.18,,,
1/30/20,1.57,1.41,1.55,0.16,,,
1/31/20,1.51,1.33,1.55,0.18,,,
2/3/20,1.54,1.36,1.58,0.18,,,
2/4/20,1.61,1.41,1.58,0.2,,,
2/5/20,1.66,1.44,1.58,0.22,,,
2/6/20,1.65,1.44,1.58,0.21,,,
2/7/20,1.59,1.41,1.58,0.18,,,
2/10/20,1.56,1.37,1.58,0.19,,,
2/11/20,1.59,1.41,1.58,0.18,,,
2/12/20,1.62,1.44,1.58,0.18,,,
2/13/20,1.61,1.44,1.58,0.17,,,
2/14/20,1.59,1.42,1.58,0.17,,,
2/17/20,1.59,1.42,1.58,0.17,,,
2/18/20,1.55,1.41,1.58,0.14,,,
2/19/20,1.56,1.42,1.58,0.14,,,
2/20/20,1.52,1.39,1.58,0.13,,,
2/21/20,1.46,1.34,1.58,0.12,,,
2/24/20,1.38,1.26,1.58,0.12,,,
2/25/20,1.33,1.2,1.58,0.13,,,
2/26/20,1.33,1.16,1.58,0.17,,,
2/27/20,1.3,1.11,1.58,0.19,,,
2/28/20,1.13,0.86,1.58,0.27,,,
3/2/20,1.1,0.84,0.65,0.26,,,
3/3/20,1.02,0.71,0.65,0.31,,,
3/4/20,1.02,0.67,0.65,0.35,,,
3/5/20,0.92,0.59,0.65,0.33,,,
3/6/20,0.74,0.49,0.65,0.25,,,
3/9/20,0.54,0.38,0.65,0.16,,,
3/10/20,0.76,0.5,0.65,0.26,,,
3/11/20,0.82,0.5,0.65,0.32,,,
3/12/20,0.88,0.5,0.65,0.38,,,
3/13/20,0.94,0.49,0.65,0.45,,,
3/16/20,0.73,0.36,0.65,0.37,,,
3/17/20,1.02,0.47,0.65,0.55,,,
3/18/20,1.18,0.54,0.65,0.64,,,
3/19/20,1.12,0.44,0.65,0.68,,,
3/20/20,0.92,0.37,0.65,0.55,,,
3/23/20,0.76,0.28,0.65,0.48,,,
3/24/20,0.84,0.38,0.65,0.46,,,
3/25/20,0.88,0.34,0.65,0.54,,,
3/26/20,0.83,0.3,0.65,0.53,,,
3/27/20,0.72,0.25,0.65,0.47,,,
3/30/20,0.7,0.23,0.65,0.47,,,
3/31/20,0.7,0.23,0.65,0.47,,,
4/1/20,0.62,0.23,0.05,0.39,,,
4/2/20,0.63,0.23,0.05,0.4,,,
4/3/20,0.62,0.23,0.05,0.39,,,
4/6/20,0.67,0.27,0.05,0.4,,,
4/7/20,0.75,0.28,0.05,0.47,,,
4/8/20,0.77,0.27,0.05,0.5,,,
4/9/20,0.73,0.23,0.05,0.5,,,
4/10/20,0.73,0.23,0.05,0.5,,,
4/13/20,0.76,0.25,0.05,0.51,,,
4/14/20,0.76,0.23,0.05,0.53,,,
4/15/20,0.63,0.2,0.05,0.43,,,
4/16/20,0.61,0.2,0.05,0.41,,,
4/17/20,0.65,0.2,0.05,0.45,,,
4/20/20,0.63,0.2,0.05,0.43,,,
4/21/20,0.58,0.2,0.05,0.38,,,
4/22/20,0.63,0.22,0.05,0.41,,,
4/23/20,0.61,0.22,0.05,0.39,,,
4/24/20,0.6,0.22,0.05,0.38,,,
4/27/20,0.67,0.24,0.05,0.43,,,
4/28/20,0.62,0.2,0.05,0.42,,,
4/29/20,0.63,0.2,0.05,0.43,,,
4/30/20,0.64,0.2,0.05,0.44,,,
5/1/20,0.64,0.2,0.05,0.44,,,
5/4/20,0.64,0.19,0.05,0.45,,,
5/5/20,0.66,0.19,0.05,0.47,,,
5/6/20,0.72,0.17,0.05,0.55,,,
5/7/20,0.63,0.13,0.05,0.5,,,
5/8/20,0.69,0.16,0.05,0.53,,,
5/11/20,0.73,0.17,0.05,0.56,,,
5/12/20,0.69,0.17,0.05,0.52,,,
5/13/20,0.64,0.16,0.05,0.48,,,
5/14/20,0.63,0.16,0.05,0.47,,,
5/15/20,0.64,0.16,0.05,0.48,,,
5/18/20,0.73,0.18,0.05,0.55,,,
5/19/20,0.7,0.17,0.05,0.53,,,
5/20/20,0.68,0.16,0.05,0.52,,,
5/21/20,0.68,0.17,0.05,0.51,,,
5/22/20,0.66,0.17,0.05,0.49,,,
5/25/20,0.66,0.17,0.05,0.49,,,
5/26/20,0.69,0.18,0.05,0.51,,,
5/27/20,0.68,0.19,0.05,0.49,,,
5/28/20,0.7,0.17,0.05,0.53,,,
5/29/20,0.65,0.16,0.05,0.49,,,
6/1/20,0.66,0.14,0.08,0.52,,,
6/2/20,0.68,0.17,0.08,0.51,,,
6/3/20,0.77,0.19,0.08,0.58,,,
6/4/20,0.82,0.19,0.08,0.63,,,
6/5/20,0.91,0.22,0.08,0.69,,,
6/8/20,0.88,0.22,0.08,0.66,,,
6/9/20,0.84,0.2,0.08,0.64,,,
6/10/20,0.75,0.17,0.08,0.58,,,
6/11/20,0.66,0.19,0.08,0.47,,,
6/12/20,0.71,0.19,0.08,0.52,,,
6/15/20,0.71,0.19,0.08,0.52,,,
6/16/20,0.75,0.21,0.08,0.54,,,
6/17/20,0.74,0.19,0.08,0.55,,,
6/18/20,0.71,0.19,0.08,0.52,,,
6/19/20,0.7,0.19,0.08,0.51,,,
6/22/20,0.71,0.19,0.08,0.52,,,
6/23/20,0.72,0.18,0.08,0.54,,,
6/24/20,0.69,0.19,0.08,0.5,,,
6/25/20,0.68,0.17,0.08,0.51,,,
6/26/20,0.64,0.17,0.08,0.47,,,
6/29/20,0.64,0.16,0.08,0.48,,,
6/30/20,0.66,0.16,0.08,0.5,,,
7/1/20,0.69,0.17,0.09,0.52,,,
7/2/20,0.68,0.16,0.09,0.52,,,
7/3/20,0.68,0.16,0.09,0.52,,,
7/6/20,0.69,0.16,0.09,0.53,,,
7/7/20,0.65,0.16,0.09,0.49,,,
7/8/20,0.67,0.16,0.09,0.51,,,
7/9/20,0.62,0.16,0.09,0.46,,,
7/10/20,0.65,0.16,0.09,0.49,,,
7/13/20,0.64,0.16,0.09,0.48,,,
7/14/20,0.63,0.14,0.09,0.49,,,
7/15/20,0.64,0.16,0.09,0.48,,,
7/16/20,0.62,0.16,0.09,0.46,,,
7/17/20,0.64,0.14,0.09,0.5,,,
7/20/20,0.62,0.16,0.09,0.46,,,
7/21/20,0.61,0.14,0.09,0.47,,,
7/22/20,0.6,0.14,0.09,0.46,,,
7/23/20,0.59,0.16,0.09,0.43,,,
7/24/20,0.59,0.14,0.09,0.45,,,
7/27/20,0.62,0.15,0.09,0.47,,,
7/28/20,0.59,0.14,0.09,0.45,,,
7/29/20,0.58,0.12,0.09,0.46,,,
7/30/20,0.55,0.11,0.09,0.44,,,
7/31/20,0.55,0.11,0.09,0.44,,,
8/3/20,0.56,0.11,0.1,0.45,,,
8/4/20,0.52,0.11,0.1,0.41,,,
8/5/20,0.55,0.11,0.1,0.44,,,
8/6/20,0.55,0.11,0.1,0.44,,,
8/7/20,0.57,0.13,0.1,0.44,,,
8/10/20,0.59,0.14,0.1,0.45,,,
8/11/20,0.64,0.16,0.1,0.48,,,
8/12/20,0.69,0.16,0.1,0.53,,,
8/13/20,0.71,0.16,0.1,0.55,,,
8/14/20,0.71,0.14,0.1,0.57,,,
8/17/20,0.69,0.14,0.1,0.55,,,
8/18/20,0.67,0.14,0.1,0.53,,,
8/19/20,0.68,0.14,0.1,0.54,,,
8/20/20,0.65,0.13,0.1,0.52,,,
8/21/20,0.64,0.16,0.1,0.48,,,
8/24/20,0.65,0.14,0.1,0.51,,,
8/25/20,0.69,0.15,0.1,0.54,,,
8/26/20,0.69,0.16,0.1,0.53,,,
8/27/20,0.74,0.16,0.1,0.58,,,
8/28/20,0.74,0.14,0.1,0.6,,,
8/31/20,0.72,0.14,0.1,0.58,,,
9/1/20,0.68,0.13,0.09,0.55,,,
9/2/20,0.66,0.14,0.09,0.52,,,
9/3/20,0.63,0.13,0.09,0.5,,,
9/4/20,0.72,0.14,0.09,0.58,,,
9/7/20,0.72,0.14,0.09,0.58,,,
9/8/20,0.69,0.14,0.09,0.55,,,
9/9/20,0.71,0.14,0.09,0.57,,,
9/10/20,0.68,0.14,0.09,0.54,,,
9/11/20,0.67,0.13,0.09,0.54,,,
9/14/20,0.68,0.14,0.09,0.54,,,
9/15/20,0.68,0.14,0.09,0.54,,,
9/16/20,0.69,0.14,0.09,0.55,,,
9/17/20,0.69,0.13,0.09,0.56,,,
9/18/20,0.7,0.14,0.09,0.56,,,
9/21/20,0.68,0.14,0.09,0.54,,,
9/22/20,0.68,0.13,0.09,0.55,,,
9/23/20,0.68,0.14,0.09,0.54,,,
9/24/20,0.67,0.14,0.09,0.53,,,
9/25/20,0.66,0.12,0.09,0.54,,,
9/28/20,0.67,0.14,0.09,0.53,,,
9/29/20,0.66,0.11,0.09,0.55,,,
9/30/20,0.69,0.13,0.09,0.56,,,
10/1/20,0.68,0.14,0.09,0.54,,,
10/2/20,0.7,0.13,0.09,0.57,,,
10/5/20,0.78,0.14,0.09,0.64,,,
10/6/20,0.76,0.14,0.09,0.62,,,
10/7/20,0.81,0.16,0.09,0.65,,,
10/8/20,0.78,0.13,0.09,0.65,,,
10/9/20,0.79,0.16,0.09,0.63,,,
10/12/20,0.79,0.16,0.09,0.63,,,
10/13/20,0.74,0.16,0.09,0.58,,,
10/14/20,0.73,0.14,0.09,0.59,,,
10/15/20,0.74,0.14,0.09,0.6,,,
10/16/20,0.76,0.14,0.09,0.62,,,
10/19/20,0.78,0.16,0.09,0.62,,,
10/20/20,0.81,0.14,0.09,0.67,,,
10/21/20,0.83,0.14,0.09,0.69,,,
10/22/20,0.87,0.16,0.09,0.71,,,
10/23/20,0.85,0.18,0.09,0.67,,,
10/26/20,0.81,0.16,0.09,0.65,,,
10/27/20,0.79,0.16,0.09,0.63,,,
10/28/20,0.79,0.16,0.09,0.63,,,
10/29/20,0.85,0.16,0.09,0.69,,,
10/30/20,0.88,0.14,0.09,0.74,,,
11/2/20,0.87,0.16,0.09,0.71,,,
11/3/20,0.9,0.17,0.09,0.73,,,
11/4/20,0.78,0.14,0.09,0.64,,,
11/5/20,0.79,0.14,0.09,0.65,,,
11/6/20,0.83,0.16,0.09,0.67,,,
11/9/20,0.96,0.17,0.09,0.79,,,
11/10/20,0.98,0.19,0.09,0.79,,,
11/11/20,0.98,0.19,0.09,0.79,,,
11/12/20,0.88,0.17,0.09,0.71,,,
11/13/20,0.89,0.17,0.09,0.72,,,
11/16/20,0.91,0.19,0.09,0.72,,,
11/17/20,0.87,0.18,0.09,0.69,,,
11/18/20,0.88,0.16,0.09,0.72,,,
11/19/20,0.86,0.18,0.09,0.68,,,
11/20/20,0.83,0.16,0.09,0.67,,,
11/23/20,0.86,0.16,0.09,0.7,,,
11/24/20,0.88,0.16,0.09,0.72,,,
11/25/20,0.88,0.17,0.09,0.71,,,
11/26/20,0.88,0.17,0.09,0.71,,,
11/27/20,0.84,0.16,0.09,0.68,,,
11/30/20,0.84,0.16,0.09,0.68,,,
12/1/20,0.92,0.17,0.09,0.75,,,
12/2/20,0.95,0.16,0.09,0.79,,,
12/3/20,0.92,0.16,0.09,0.76,,,
12/4/20,0.97,0.16,0.09,0.81,,,
12/7/20,0.94,0.14,0.09,0.8,,,
12/8/20,0.92,0.14,0.09,0.78,,,
12/9/20,0.95,0.16,0.09,0.79,,,
12/10/20,0.92,0.14,0.09,0.78,,,
12/11/20,0.9,0.11,0.09,0.79,,,
12/14/20,0.9,0.13,0.09,0.77,,,
12/15/20,0.92,0.11,0.09,0.81,,,
12/16/20,0.92,0.13,0.09,0.79,,,
12/17/20,0.94,0.13,0.09,0.81,,,
12/18/20,0.95,0.13,0.09,0.82,,,
12/21/20,0.95,0.13,0.09,0.82,,,
12/22/20,0.93,0.13,0.09,0.8,,,
12/23/20,0.96,0.13,0.09,0.83,,,
12/24/20,0.94,0.13,0.09,0.81,,,
12/25/20,0.94,0.13,0.09,0.81,,,
12/28/20,0.94,0.13,0.09,0.81,,,
12/29/20,0.94,0.12,0.09,0.82,,,
12/30/20,0.93,0.12,0.09,0.81,,,
12/31/20,0.93,0.13,0.09,0.8,,,
1/1/21,0.93,0.13,0.09,0.8,,,
1/4/21,0.93,0.11,0.09,0.82,,,
1/5/21,0.96,0.13,0.09,0.83,,,
1/6/21,1.04,0.14,0.09,0.9,,,
1/7/21,1.08,0.14,0.09,0.94,,,
1/8/21,1.13,0.14,0.09,0.99,,,
1/11/21,1.15,0.14,0.09,1.01,,,
1/12/21,1.15,0.14,0.09,1.01,,,
1/13/21,1.1,0.14,0.09,0.96,,,
1/14/21,1.15,0.16,0.09,0.99,,,
1/15/21,1.11,0.13,0.09,0.98,,,
1/18/21,1.11,0.13,0.09,0.98,,,
1/19/21,1.1,0.14,0.09,0.96,,,
1/20/21,1.1,0.13,0.09,0.97,,,
1/21/21,1.12,0.13,0.09,0.99,,,
1/22/21,1.1,0.13,0.09,0.97,,,
1/25/21,1.05,0.13,0.09,0.92,,,
1/26/21,1.05,0.11,0.09,0.94,,,
1/27/21,1.04,0.12,0.09,0.92,,,
1/28/21,1.07,0.12,0.09,0.95,,,
1/29/21,1.11,0.11,0.09,1,,,
2/1/21,1.09,0.11,0.08,0.98,,,
2/2/21,1.12,0.11,0.08,1.01,,,
2/3/21,1.15,0.11,0.08,1.04,,,
2/4/21,1.15,0.11,0.08,1.04,,,
2/5/21,1.19,0.09,0.08,1.1,,,
2/8/21,1.19,0.11,0.08,1.08,,,
2/9/21,1.18,0.11,0.08,1.07,,,
2/10/21,1.15,0.11,0.08,1.04,,,
2/11/21,1.16,0.11,0.08,1.05,,,
2/12/21,1.2,0.11,0.08,1.09,,,
2/15/21,1.2,0.11,0.08,1.09,,,
2/16/21,1.3,0.13,0.08,1.17,,,
2/17/21,1.29,0.11,0.08,1.18,,,
2/18/21,1.29,0.11,0.08,1.18,,,
2/19/21,1.34,0.11,0.08,1.23,,,
2/22/21,1.37,0.11,0.08,1.26,,,
2/23/21,1.37,0.11,0.08,1.26,,,
2/24/21,1.38,0.12,0.08,1.26,,,
2/25/21,1.54,0.17,0.08,1.37,,,
2/26/21,1.44,0.14,0.08,1.3,,,
3/1/21,1.45,0.13,0.07,1.32,,,
3/2/21,1.42,0.13,0.07,1.29,,,
3/3/21,1.47,0.14,0.07,1.33,,,
3/4/21,1.54,0.14,0.07,1.4,,,
3/5/21,1.56,0.14,0.07,1.42,,,
3/8/21,1.59,0.17,0.07,1.42,,,
3/9/21,1.55,0.17,0.07,1.38,,,
3/10/21,1.53,0.16,0.07,1.37,,,
3/11/21,1.54,0.14,0.07,1.4,,,
3/12/21,1.64,0.14,0.07,1.5,,,
3/15/21,1.62,0.14,0.07,1.48,,,
3/16/21,1.62,0.15,0.07,1.47,,,
3/17/21,1.63,0.13,0.07,1.5,,,
3/18/21,1.71,0.16,0.07,1.55,,,
3/19/21,1.74,0.16,0.07,1.58,,,
3/22/21,1.69,0.15,0.07,1.54,,,
3/23/21,1.63,0.15,0.07,1.48,,,
3/24/21,1.62,0.14,0.07,1.48,,,
3/25/21,1.63,0.14,0.07,1.49,,,
3/26/21,1.67,0.14,0.07,1.53,,,
3/29/21,1.73,0.14,0.07,1.59,,,
3/30/21,1.73,0.16,0.07,1.57,,,
3/31/21,1.74,0.16,0.07,1.58,,,
4/1/21,1.69,0.17,0.07,1.52,,,
4/2/21,1.72,0.19,0.07,1.53,,,
4/5/21,1.73,0.17,0.07,1.56,,,
4/6/21,1.67,0.16,0.07,1.51,,,
4/7/21,1.68,0.16,0.07,1.52,,,
4/8/21,1.64,0.14,0.07,1.5,,,
4/9/21,1.67,0.16,0.07,1.51,,,
4/12/21,1.69,0.18,0.07,1.51,,,
4/13/21,1.64,0.16,0.07,1.48,,,
4/14/21,1.64,0.16,0.07,1.48,,,
4/15/21,1.56,0.16,0.07,1.4,,,
4/16/21,1.59,0.16,0.07,1.43,,,
4/19/21,1.61,0.16,0.07,1.45,,,
4/20/21,1.58,0.15,0.07,1.43,,,
4/21/21,1.57,0.15,0.07,1.42,,,
4/22/21,1.57,0.16,0.07,1.41,,,
4/23/21,1.58,0.16,0.07,1.42,,,
4/26/21,1.58,0.18,0.07,1.4,,,
4/27/21,1.63,0.17,0.07,1.46,,,
4/28/21,1.63,0.17,0.07,1.46,,,
4/29/21,1.65,0.16,0.07,1.49,,,
4/30/21,1.65,0.16,0.07,1.49,,,
5/3/21,1.63,0.16,0.06,1.47,,,
5/4/21,1.61,0.16,0.06,1.45,,,
5/5/21,1.59,0.16,0.06,1.43,,,
5/6/21,1.58,0.16,0.06,1.42,,,
5/7/21,1.6,0.14,0.06,1.46,,,
5/10/21,1.63,0.16,0.06,1.47,,,
5/11/21,1.64,0.16,0.06,1.48,,,
5/12/21,1.69,0.16,0.06,1.53,,,
5/13/21,1.66,0.16,0.06,1.5,,,
5/14/21,1.63,0.16,0.06,1.47,,,
5/17/21,1.64,0.16,0.06,1.48,,,
5/18/21,1.64,0.16,0.06,1.48,,,
5/19/21,1.68,0.16,0.06,1.52,,,
5/20/21,1.63,0.15,0.06,1.48,,,
5/21/21,1.63,0.17,0.06,1.46,,,
5/24/21,1.61,0.15,0.06,1.46,,,
5/25/21,1.56,0.15,0.06,1.41,,,
5/26/21,1.58,0.14,0.06,1.44,,,
5/27/21,1.61,0.14,0.06,1.47,,,
5/28/21,1.58,0.14,0.06,1.44,,,
5/31/21,1.58,0.14,0.06,1.44,,,
6/1/21,1.62,0.16,0.08,1.46,,,
6/2/21,1.59,0.13,0.08,1.46,,,
6/3/21,1.63,0.16,0.08,1.47,,,
6/4/21,1.56,0.14,0.08,1.42,,,
6/7/21,1.57,0.16,0.08,1.41,,,
6/8/21,1.53,0.14,0.08,1.39,,,
6/9/21,1.5,0.16,0.08,1.34,,,
6/10/21,1.45,0.14,0.08,1.31,,,
6/11/21,1.47,0.16,0.08,1.31,,,
6/14/21,1.51,0.16,0.08,1.35,,,
6/15/21,1.51,0.16,0.08,1.35,,,
6/16/21,1.57,0.21,0.08,1.36,,,
6/17/21,1.52,0.23,0.08,1.29,,,
6/18/21,1.45,0.26,0.08,1.19,,,
6/21/21,1.5,0.27,0.08,1.23,,,
6/22/21,1.48,0.25,0.08,1.23,,,
6/23/21,1.5,0.26,0.08,1.24,,,
6/24/21,1.49,0.26,0.08,1.23,,,
6/25/21,1.54,0.28,0.08,1.26,,,
6/28/21,1.49,0.25,0.08,1.24,,,
6/29/21,1.49,0.27,0.08,1.22,,,
6/30/21,1.45,0.25,0.08,1.2,,,
7/1/21,1.48,0.25,0.1,1.23,,,
7/2/21,1.44,0.24,0.1,1.2,,,
7/5/21,1.44,0.24,0.1,1.2,,,
7/6/21,1.37,0.22,0.1,1.15,,,
7/7/21,1.33,0.22,0.1,1.11,,,
7/8/21,1.3,0.19,0.1,1.11,,,
7/9/21,1.37,0.23,0.1,1.14,,,
7/12/21,1.38,0.23,0.1,1.15,,,
7/13/21,1.42,0.26,0.1,1.16,,,
7/14/21,1.37,0.23,0.1,1.14,,,
7/15/21,1.31,0.23,0.1,1.08,,,
7/16/21,1.31,0.25,0.1,1.06,,,
7/19/21,1.19,0.21,0.1,0.98,,,
7/20/21,1.23,0.2,0.1,1.03,,,
7/21/21,1.3,0.22,0.1,1.08,,,
7/22/21,1.27,0.2,0.1,1.07,,,
7/23/21,1.3,0.22,0.1,1.08,,,
7/26/21,1.29,0.22,0.1,1.07,,,
7/27/21,1.25,0.2,0.1,1.05,,,
7/28/21,1.26,0.2,0.1,1.06,,,
7/29/21,1.28,0.2,0.1,1.08,,,
7/30/21,1.24,0.19,0.1,1.05,,,
8/2/21,1.2,0.17,0.09,1.03,,,
8/3/21,1.19,0.17,0.09,1.02,,,
8/4/21,1.19,0.17,0.09,1.02,,,
8/5/21,1.23,0.21,0.09,1.02,,,
8/6/21,1.31,0.21,0.09,1.1,,,
8/9/21,1.33,0.23,0.09,1.1,,,
8/10/21,1.36,0.24,0.09,1.12,,,
8/11/21,1.35,0.23,0.09,1.12,,,
8/12/21,1.36,0.23,0.09,1.13,,,
8/13/21,1.29,0.23,0.09,1.06,,,
8/16/21,1.26,0.21,0.09,1.05,,,
8/17/21,1.26,0.23,0.09,1.03,,,
8/18/21,1.27,0.23,0.09,1.04,,,
8/19/21,1.24,0.22,0.09,1.02,,,
8/20/21,1.26,0.23,0.09,1.03,,,
8/23/21,1.25,0.23,0.09,1.02,,,
8/24/21,1.29,0.24,0.09,1.05,,,
8/25/21,1.35,0.23,0.09,1.12,,,
8/26/21,1.34,0.25,0.09,1.09,,,
8/27/21,1.31,0.22,0.09,1.09,,,
8/30/21,1.29,0.2,0.09,1.09,,,
8/31/21,1.3,0.2,0.09,1.1,,,
9/1/21,1.31,0.2,0.08,1.11,,,
9/2/21,1.29,0.2,0.08,1.09,,,
9/3/21,1.33,0.21,0.08,1.12,,,
9/6/21,1.33,0.21,0.08,1.12,,,
9/7/21,1.38,0.22,0.08,1.16,,,
9/8/21,1.35,0.22,0.08,1.13,,,
9/9/21,1.3,0.23,0.08,1.07,,,
9/10/21,1.35,0.23,0.08,1.12,,,
9/13/21,1.33,0.21,0.08,1.12,,,
9/14/21,1.28,0.21,0.08,1.07,,,
9/15/21,1.31,0.21,0.08,1.1,,,
9/16/21,1.34,0.23,0.08,1.11,,,
9/17/21,1.37,0.23,0.08,1.14,,,
9/20/21,1.31,0.23,0.08,1.08,,,
9/21/21,1.33,0.22,0.08,1.11,,,
9/22/21,1.32,0.25,0.08,1.07,,,
9/23/21,1.41,0.27,0.08,1.14,,,
9/24/21,1.47,0.29,0.08,1.18,,,
9/27/21,1.48,0.31,0.08,1.17,,,
9/28/21,1.54,0.31,0.08,1.23,,,
9/29/21,1.55,0.3,0.08,1.25,,,
9/30/21,1.52,0.28,0.08,1.24,,,
10/1/21,1.48,0.27,0.08,1.21,,,
10/4/21,1.49,0.27,0.08,1.22,,,
10/5/21,1.54,0.28,0.08,1.26,,,
10/6/21,1.53,0.3,0.08,1.23,,,
10/7/21,1.58,0.32,0.08,1.26,,,
10/8/21,1.61,0.32,0.08,1.29,,,
10/11/21,1.61,0.32,0.08,1.29,,,
10/12/21,1.59,0.35,0.08,1.24,,,
10/13/21,1.56,0.37,0.08,1.19,,,
10/14/21,1.52,0.36,0.08,1.16,,,
10/15/21,1.59,0.41,0.08,1.18,,,
10/18/21,1.59,0.44,0.08,1.15,,,
10/19/21,1.65,0.41,0.08,1.24,,,
10/20/21,1.65,0.4,0.08,1.25,,,
10/21/21,1.68,0.45,0.08,1.23,,,
10/22/21,1.66,0.48,0.08,1.18,,,
10/25/21,1.64,0.47,0.08,1.17,,,
10/26/21,1.63,0.47,0.08,1.16,,,
10/27/21,1.54,0.5,0.08,1.04,,,
10/28/21,1.57,0.5,0.08,1.07,,,
10/29/21,1.55,0.48,0.08,1.07,,,
11/1/21,1.58,0.5,0.08,1.08,,,
11/2/21,1.56,0.46,0.08,1.1,,,
11/3/21,1.6,0.47,0.08,1.13,,,
11/4/21,1.53,0.41,0.08,1.12,,,
11/5/21,1.45,0.39,0.08,1.06,,,
11/8/21,1.51,0.45,0.08,1.06,,,
11/9/21,1.46,0.41,0.08,1.05,,,
11/10/21,1.56,0.51,0.08,1.05,,,
11/11/21,1.56,0.51,0.08,1.05,,,
11/12/21,1.58,0.53,0.08,1.05,,,
11/15/21,1.63,0.53,0.08,1.1,,,
11/16/21,1.63,0.54,0.08,1.09,,,
11/17/21,1.6,0.52,0.08,1.08,,,
11/18/21,1.59,0.52,0.08,1.07,,,
11/19/21,1.54,0.52,0.08,1.02,,,
11/22/21,1.63,0.63,0.08,1,,,
11/23/21,1.67,0.6,0.08,1.07,,,
11/24/21,1.64,0.64,0.08,1,,,
11/25/21,1.64,0.64,0.08,1,,,
11/26/21,1.48,0.5,0.08,0.98,,,
11/29/21,1.52,0.51,0.08,1.01,,,
11/30/21,1.43,0.52,0.08,0.91,,,
12/1/21,1.43,0.56,0.08,0.87,,,
12/2/21,1.44,0.63,0.08,0.81,,,
12/3/21,1.35,0.6,0.08,0.75,,,
12/6/21,1.43,0.65,0.08,0.78,,,
12/7/21,1.48,0.7,0.08,0.78,,,
12/8/21,1.52,0.68,0.08,0.84,,,
12/9/21,1.49,0.7,0.08,0.79,,,
12/10/21,1.48,0.67,0.08,0.81,,,
12/13/21,1.42,0.66,0.08,0.76,,,
12/14/21,1.44,0.67,0.08,0.77,,,
12/15/21,1.47,0.69,0.08,0.78,,,
12/16/21,1.44,0.64,0.08,0.8,,,
12/17/21,1.41,0.66,0.08,0.75,,,
12/20/21,1.43,0.65,0.08,0.78,,,
12/21/21,1.48,0.7,0.08,0.78,,,
12/22/21,1.46,0.68,0.08,0.78,,,
12/23/21,1.5,0.71,0.08,0.79,,,
12/24/21,1.5,0.71,0.08,0.79,,,
12/27/21,1.48,0.76,0.08,0.72,,,
12/28/21,1.49,0.74,0.08,0.75,,,
12/29/21,1.55,0.75,0.08,0.8,,,
12/30/21,1.52,0.73,0.08,0.79,,,
12/31/21,1.52,0.73,0.08,0.79,,,
1/3/22,1.63,0.78,0.08,0.85,,,
1/4/22,1.66,0.77,0.08,0.89,,,
1/5/22,1.71,0.83,0.08,0.88,,,
1/6/22,1.73,0.88,0.08,0.85,,,
1/7/22,1.76,0.87,0.08,0.89,,,
1/10/22,1.78,0.92,0.08,0.86,,,
1/11/22,1.75,0.9,0.08,0.85,,,
1/12/22,1.74,0.92,0.08,0.82,,,
1/13/22,1.7,0.91,0.08,0.79,,,
1/14/22,1.78,0.99,0.08,0.79,,,
1/17/22,1.78,0.99,0.08,0.79,,,
1/18/22,1.87,1.06,0.08,0.81,,,
1/19/22,1.83,1.04,0.08,0.79,,,
1/20/22,1.83,1.08,0.08,0.75,,,
1/21/22,1.75,1.01,0.08,0.74,,,
1/24/22,1.75,0.99,0.08,0.76,,,
1/25/22,1.78,1.02,0.08,0.76,,,
1/26/22,1.85,1.13,0.08,0.72,,,
1/27/22,1.81,1.18,0.08,0.63,,,
1/28/22,1.78,1.15,0.08,0.63,,,
1/31/22,1.79,1.18,0.08,0.61,,,
2/1/22,1.81,1.18,0.08,0.63,,,
2/2/22,1.78,1.16,0.08,0.62,,,
2/3/22,1.82,1.19,0.08,0.63,,,
2/4/22,1.93,1.31,0.08,0.62,,,
2/7/22,1.92,1.3,0.08,0.62,,,
2/8/22,1.96,1.35,0.08,0.61,,,
2/9/22,1.94,1.36,0.08,0.58,,,
2/10/22,2.03,1.61,0.08,0.42,,,
2/11/22,1.92,1.5,0.08,0.42,,,
2/14/22,1.98,1.58,0.08,0.4,,,
2/15/22,2.05,1.58,0.08,0.47,,,
2/16/22,2.03,1.52,0.08,0.51,,,
2/17/22,1.97,1.49,0.08,0.48,,,
2/18/22,1.92,1.47,0.08,0.45,,,
2/21/22,1.92,1.47,0.08,0.45,,,
2/22/22,1.94,1.56,0.08,0.38,,,
2/23/22,1.99,1.58,0.08,0.41,,,
2/24/22,1.96,1.54,0.08,0.42,,,
2/25/22,1.97,1.55,0.08,0.42,,,
2/28/22,1.83,1.44,0.08,0.39,,,
3/1/22,1.72,1.31,0.2,0.41,,,
3/2/22,1.86,1.5,0.2,0.36,,,
3/3/22,1.86,1.53,0.2,0.33,,,
3/4/22,1.74,1.5,0.2,0.24,,,
3/7/22,1.78,1.55,0.2,0.23,,,
3/8/22,1.86,1.63,0.2,0.23,,,
3/9/22,1.94,1.68,0.2,0.26,,,
3/10/22,1.98,1.72,0.2,0.26,,,
3/11/22,2,1.75,0.2,0.25,,,
3/14/22,2.14,1.87,0.2,0.27,,,
3/15/22,2.15,1.85,0.2,0.3,,,
3/16/22,2.19,1.95,0.2,0.24,,,
3/17/22,2.2,1.94,0.2,0.26,,,
3/18/22,2.14,1.97,0.2,0.17,,,
3/21/22,2.32,2.14,0.2,0.18,,,
3/22/22,2.38,2.18,0.2,0.2,,,
3/23/22,2.32,2.13,0.2,0.19,,,
3/24/22,2.34,2.13,0.2,0.21,,,
3/25/22,2.48,2.3,0.2,0.18,,,
3/28/22,2.46,2.35,0.2,0.11,,,
3/29/22,2.41,2.35,0.2,0.06,,,
3/30/22,2.35,2.31,0.2,0.04,,,
3/31/22,2.32,2.28,0.2,0.04,,,
4/1/22,2.39,2.44,0.33,-0.05,,,
4/4/22,2.42,2.43,0.33,-0.01,,,
4/5/22,2.54,2.51,0.33,0.03,,,
4/6/22,2.61,2.5,0.33,0.11,,,
4/7/22,2.66,2.47,0.33,0.19,,,
4/8/22,2.72,2.53,0.33,0.19,,,
4/11/22,2.79,2.5,0.33,0.29,,,
4/12/22,2.72,2.39,0.33,0.33,,,
4/13/22,2.7,2.37,0.33,0.33,,,
4/14/22,2.83,2.47,0.33,0.36,,,
4/15/22,2.83,2.47,0.33,0.36,,,
4/18/22,2.85,2.46,0.33,0.39,,,
4/19/22,2.93,2.61,0.33,0.32,,,
4/20/22,2.85,2.6,0.33,0.25,,,
4/21/22,2.9,2.68,0.33,0.22,,,
4/22/22,2.9,2.72,0.33,0.18,,,
4/25/22,2.81,2.63,0.33,0.18,,,
4/26/22,2.77,2.54,0.33,0.23,,,
4/27/22,2.82,2.58,0.33,0.24,,,
4/28/22,2.85,2.63,0.33,0.22,,,
4/29/22,2.89,2.7,0.33,0.19,,,
5/2/22,2.99,2.73,0.77,0.26,,,
5/3/22,2.97,2.78,0.77,0.19,,,
5/4/22,2.93,2.66,0.77,0.27,,,
5/5/22,3.05,2.71,0.77,0.34,,,
5/6/22,3.12,2.72,0.77,0.4,,,
5/9/22,3.05,2.61,0.77,0.44,,,
5/10/22,2.99,2.62,0.77,0.37,,,
5/11/22,2.91,2.66,0.77,0.25,,,
5/12/22,2.84,2.56,0.77,0.28,,,
5/13/22,2.93,2.61,0.77,0.32,,,
5/16/22,2.88,2.58,0.77,0.3,,,
5/17/22,2.98,2.71,0.77,0.27,,,
5/18/22,2.89,2.68,0.77,0.21,,,
5/19/22,2.84,2.63,0.77,0.21,,,
5/20/22,2.78,2.6,0.77,0.18,,,
5/23/22,2.86,2.65,0.77,0.21,,,
5/24/22,2.76,2.5,0.77,0.26,,,
5/25/22,2.75,2.48,0.77,0.27,,,
5/26/22,2.75,2.46,0.77,0.29,,,
5/27/22,2.74,2.47,0.77,0.27,,,
5/30/22,2.74,2.47,0.77,0.27,,,
5/31/22,2.85,2.53,0.77,0.32,,,
6/1/22,2.94,2.66,1.21,0.28,,,
6/2/22,2.92,2.65,1.21,0.27,,,
6/3/22,2.96,2.66,1.21,0.3,,,
6/6/22,3.04,2.73,1.21,0.31,,,
6/7/22,2.98,2.75,1.21,0.23,,,
6/8/22,3.03,2.78,1.21,0.25,,,
6/9/22,3.04,2.83,1.21,0.21,,,
6/10/22,3.15,3.06,1.21,0.09,,,
6/13/22,3.43,3.4,1.21,0.03,,,
6/14/22,3.49,3.45,1.21,0.04,,,
6/15/22,3.33,3.2,1.21,0.13,,,
6/16/22,3.28,3.14,1.21,0.14,,,
6/17/22,3.25,3.17,1.21,0.08,,,
6/20/22,3.25,3.17,1.21,0.08,,,
6/21/22,3.31,3.21,1.21,0.1,,,
6/22/22,3.16,3.06,1.21,0.1,,,
6/23/22,3.09,3.01,1.21,0.08,,,
6/24/22,3.13,3.04,1.21,0.09,,,
6/27/22,3.2,3.08,1.21,0.12,,,
6/28/22,3.2,3.1,1.21,0.1,,,
6/29/22,3.1,3.06,1.21,0.04,,,
6/30/22,2.98,2.92,1.21,0.06,,,
7/1/22,2.88,2.84,1.68,0.04,,,
7/4/22,2.88,2.84,1.68,0.04,,,
7/5/22,2.82,2.82,1.68,0,,,
7/6/22,2.93,2.97,1.68,-0.04,,,
7/7/22,3.01,3.03,1.68,-0.02,,,
7/8/22,3.09,3.12,1.68,-0.03,,,
7/11/22,2.99,3.07,1.68,-0.08,,,
7/12/22,2.96,3.03,1.68,-0.07,,,
7/13/22,2.91,3.13,1.68,-0.22,,,
7/14/22,2.96,3.15,1.68,-0.19,,,
7/15/22,2.93,3.13,1.68,-0.2,,,
7/18/22,2.96,3.15,1.68,-0.19,,,
7/19/22,3.01,3.23,1.68,-0.22,,,
7/20/22,3.04,3.25,1.68,-0.21,,,
7/21/22,2.91,3.1,1.68,-0.19,,,
7/22/22,2.77,2.98,1.68,-0.21,,,
7/25/22,2.81,3,1.68,-0.19,,,
7/26/22,2.81,3.02,1.68,-0.21,,,
7/27/22,2.78,2.96,1.68,-0.18,,,
7/28/22,2.68,2.85,1.68,-0.17,,,
7/29/22,2.67,2.89,1.68,-0.22,,,
8/1/22,2.6,2.9,2.33,-0.3,,,
8/2/22,2.75,3.06,2.33,-0.31,,,
8/3/22,2.73,3.1,2.33,-0.37,,,
8/4/22,2.68,3.03,2.33,-0.35,,,
8/5/22,2.83,3.24,2.33,-0.41,,,
8/8/22,2.77,3.21,2.33,-0.44,,,
8/9/22,2.8,3.28,2.33,-0.48,,,
8/10/22,2.78,3.23,2.33,-0.45,,,
8/11/22,2.87,3.23,2.33,-0.36,,,
8/12/22,2.84,3.25,2.33,-0.41,,,
8/15/22,2.79,3.2,2.33,-0.41,,,
8/16/22,2.82,3.25,2.33,-0.43,,,
8/17/22,2.89,3.28,2.33,-0.39,,,
8/18/22,2.88,3.22,2.33,-0.34,,,
8/19/22,2.98,3.25,2.33,-0.27,,,
8/22/22,3.03,3.32,2.33,-0.29,,,
8/23/22,3.05,3.29,2.33,-0.24,,,
8/24/22,3.11,3.36,2.33,-0.25,,,
8/25/22,3.03,3.35,2.33,-0.32,,,
8/26/22,3.04,3.37,2.33,-0.33,,,
8/29/22,3.12,3.42,2.33,-0.3,,,
8/30/22,3.11,3.46,2.33,-0.35,,,
8/31/22,3.15,3.45,2.33,-0.3,,,
9/1/22,3.26,3.51,2.56,-0.25,,,
9/2/22,3.2,3.4,2.56,-0.2,,,
9/5/22,3.2,3.4,2.56,-0.2,,,
9/6/22,3.33,3.5,2.56,-0.17,,,
9/7/22,3.27,3.45,2.56,-0.18,,,
9/8/22,3.29,3.48,2.56,-0.19,,,
9/9/22,3.33,3.56,2.56,-0.23,,,
9/12/22,3.37,3.58,2.56,-0.21,,,
9/13/22,3.42,3.75,2.56,-0.33,,,
9/14/22,3.41,3.78,2.56,-0.37,,,
9/15/22,3.45,3.87,2.56,-0.42,,,
9/16/22,3.45,3.85,2.56,-0.4,,,
9/19/22,3.49,3.95,2.56,-0.46,,,
9/20/22,3.57,3.96,2.56,-0.39,,,
9/21/22,3.51,4.02,2.56,-0.51,,,
9/22/22,3.7,4.11,2.56,-0.41,,,
9/23/22,3.69,4.2,2.56,-0.51,,,
9/26/22,3.88,4.27,2.56,-0.39,,,
9/27/22,3.97,4.3,2.56,-0.33,,,
9/28/22,3.72,4.07,2.56,-0.35,,,
9/29/22,3.76,4.16,2.56,-0.4,,,
9/30/22,3.83,4.22,2.56,-0.39,,,
10/3/22,3.67,4.12,3.08,-0.45,,,
10/4/22,3.62,4.1,3.08,-0.48,,,
10/5/22,3.76,4.15,3.08,-0.39,,,
10/6/22,3.83,4.23,3.08,-0.4,,,
10/7/22,3.89,4.3,3.08,-0.41,,,
10/10/22,3.89,4.3,3.08,-0.41,,,
10/11/22,3.93,4.3,3.08,-0.37,,,
10/12/22,3.91,4.28,3.08,-0.37,,,
10/13/22,3.97,4.47,3.08,-0.5,,,
10/14/22,4,4.48,3.08,-0.48,,,
10/17/22,4.02,4.45,3.08,-0.43,,,
10/18/22,4.01,4.43,3.08,-0.42,,,
10/19/22,4.14,4.55,3.08,-0.41,,,
10/20/22,4.24,4.62,3.08,-0.38,,,
10/21/22,4.21,4.49,3.08,-0.28,,,
10/24/22,4.25,4.5,3.08,-0.25,,,
10/25/22,4.1,4.42,3.08,-0.32,,,
10/26/22,4.04,4.39,3.08,-0.35,,,
10/27/22,3.96,4.3,3.08,-0.34,,,
10/28/22,4.02,4.41,3.08,-0.39,,,
10/31/22,4.1,4.51,3.08,-0.41,,,
11/1/22,4.07,4.54,3.78,-0.47,,,
11/2/22,4.1,4.61,3.78,-0.51,,,
11/3/22,4.14,4.71,3.78,-0.57,,,
11/4/22,4.17,4.66,3.78,-0.49,,,
11/7/22,4.22,4.72,3.78,-0.5,,,
11/8/22,4.14,4.67,3.78,-0.53,,,
11/9/22,4.12,4.61,3.78,-0.49,,,
11/10/22,3.82,4.34,3.78,-0.52,,,
11/11/22,3.82,4.34,3.78,-0.52,,,
11/14/22,3.88,4.4,3.78,-0.52,,,
11/15/22,3.8,4.37,3.78,-0.57,,,
11/16/22,3.67,4.35,3.78,-0.68,,,
11/17/22,3.77,4.43,3.78,-0.66,,,
11/18/22,3.82,4.51,3.78,-0.69,,,
11/21/22,3.83,4.48,3.78,-0.65,,,
11/22/22,3.76,4.47,3.78,-0.71,,,
11/23/22,3.71,4.46,3.78,-0.75,,,
11/24/22,3.71,4.46,3.78,-0.75,,,
11/25/22,3.68,4.42,3.78,-0.74,,,
11/28/22,3.69,4.46,3.78,-0.77,,,
11/29/22,3.75,4.48,3.78,-0.73,,,
11/30/22,3.68,4.38,3.78,-0.7,,,
12/1/22,3.53,4.25,4.1,-0.72,,,
12/2/22,3.51,4.28,4.1,-0.77,,,
12/5/22,3.6,4.41,4.1,-0.81,,,
12/6/22,3.51,4.34,4.1,-0.83,,,
12/7/22,3.42,4.26,4.1,-0.84,,,
12/8/22,3.48,4.31,4.1,-0.83,,,
12/9/22,3.57,4.33,4.1,-0.76,,,
12/12/22,3.61,4.39,4.1,-0.78,,,
12/13/22,3.51,4.22,4.1,-0.71,,,
12/14/22,3.49,4.23,4.1,-0.74,,,
12/15/22,3.44,4.23,4.1,-0.79,,,
12/16/22,3.48,4.17,4.1,-0.69,,,
12/19/22,3.57,4.25,4.1,-0.68,,,
12/20/22,3.69,4.25,4.1,-0.56,,,
12/21/22,3.68,4.21,4.1,-0.53,,,
12/22/22,3.67,4.24,4.1,-0.57,,,
12/23/22,3.75,4.31,4.1,-0.56,,,
12/26/22,3.75,4.31,4.1,-0.56,,,
12/27/22,3.84,4.32,4.1,-0.48,,,
12/28/22,3.88,4.31,4.1,-0.43,,,
12/29/22,3.83,4.34,4.1,-0.51,,,
12/30/22,3.88,4.41,4.1,-0.53,,,
1/2/23,3.88,4.41,4.33,-0.53,,,
1/3/23,3.79,4.4,4.33,-0.61,,,
1/4/23,3.69,4.36,4.33,-0.67,,,
1/5/23,3.71,4.45,4.33,-0.74,,,
1/6/23,3.55,4.24,4.33,-0.69,,,
1/9/23,3.53,4.19,4.33,-0.66,,,
1/10/23,3.61,4.24,4.33,-0.63,,,
1/11/23,3.54,4.2,4.33,-0.66,,,
1/12/23,3.43,4.12,4.33,-0.69,,,
1/13/23,3.49,4.22,4.33,-0.73,,,
1/16/23,3.49,4.22,4.33,-0.73,,,
1/17/23,3.53,4.18,4.33,-0.65,,,
1/18/23,3.37,4.06,4.33,-0.69,,,
1/19/23,3.39,4.09,4.33,-0.7,,,
1/20/23,3.48,4.14,4.33,-0.66,,,
1/23/23,3.52,4.21,4.33,-0.69,,,
1/24/23,3.46,4.12,4.33,-0.66,,,
1/25/23,3.46,4.11,4.33,-0.65,,,
1/26/23,3.49,4.17,4.33,-0.68,,,
1/27/23,3.52,4.19,4.33,-0.67,,,
1/30/23,3.55,4.25,4.33,-0.7,,,
1/31/23,3.52,4.21,4.33,-0.69,,,
2/1/23,3.39,4.09,4.57,-0.7,,,
2/2/23,3.4,4.09,4.57,-0.69,,,
2/3/23,3.53,4.3,4.57,-0.77,,,
2/6/23,3.63,4.44,4.57,-0.81,,,
2/7/23,3.67,4.47,4.57,-0.8,,,
2/8/23,3.63,4.45,4.57,-0.82,,,
2/9/23,3.67,4.48,4.57,-0.81,,,
2/10/23,3.74,4.5,4.57,-0.76,,,
2/13/23,3.72,4.52,4.57,-0.8,,,
2/14/23,3.77,4.6,4.57,-0.83,,,
2/15/23,3.81,4.62,4.57,-0.81,,,
2/16/23,3.86,4.62,4.57,-0.76,,,
2/17/23,3.82,4.6,4.57,-0.78,,,
2/20/23,3.82,4.6,4.57,-0.78,,,
2/21/23,3.95,4.67,4.57,-0.72,,,
2/22/23,3.93,4.66,4.57,-0.73,,,
2/23/23,3.88,4.66,4.57,-0.78,,,
2/24/23,3.95,4.78,4.57,-0.83,,,
2/27/23,3.92,4.78,4.57,-0.86,,,
2/28/23,3.92,4.81,4.57,-0.89,,,
3/1/23,4.01,4.89,4.65,-0.88,,,
3/2/23,4.08,4.89,4.65,-0.81,,,
3/3/23,3.97,4.86,4.65,-0.89,,,
3/6/23,3.98,4.89,4.65,-0.91,,,
3/7/23,3.97,5,4.65,-1.03,,,
3/8/23,3.98,5.05,4.65,-1.07,,,
3/9/23,3.93,4.9,4.65,-0.97,,,
3/10/23,3.7,4.6,4.65,-0.9,,,
3/13/23,3.55,4.03,4.65,-0.48,,,
3/14/23,3.64,4.2,4.65,-0.56,,,
3/15/23,3.51,3.93,4.65,-0.42,,,
3/16/23,3.56,4.14,4.65,-0.58,,,
3/17/23,3.39,3.81,4.65,-0.42,,,
3/20/23,3.47,3.92,4.65,-0.45,,,
3/21/23,3.59,4.17,4.65,-0.58,,,
3/22/23,3.48,3.96,4.65,-0.48,,,
3/23/23,3.38,3.76,4.65,-0.38,,,
3/24/23,3.38,3.76,4.65,-0.38,,,
3/27/23,3.53,3.94,4.65,-0.41,,,
3/28/23,3.55,4.02,4.65,-0.47,,,
3/29/23,3.57,4.08,4.65,-0.51,,,
3/30/23,3.55,4.1,4.65,-0.55,,,
3/31/23,3.48,4.06,4.65,-0.58,,,
4/3/23,3.43,3.97,4.83,-0.54,,,
4/4/23,3.35,3.84,4.83,-0.49,,,
4/5/23,3.3,3.79,4.83,-0.49,,,
4/6/23,3.3,3.82,4.83,-0.52,,,
4/7/23,3.39,3.97,4.83,-0.58,,,
4/10/23,3.41,4,4.83,-0.59,,,
4/11/23,3.43,4.03,4.83,-0.6,,,
4/12/23,3.41,3.95,4.83,-0.54,,,
4/13/23,3.45,3.96,4.83,-0.51,,,
4/14/23,3.52,4.08,4.83,-0.56,,,
4/17/23,3.6,4.18,4.83,-0.58,,,
4/18/23,3.58,4.19,4.83,-0.61,,,
4/19/23,3.6,4.24,4.83,-0.64,,,
4/20/23,3.54,4.14,4.83,-0.6,,,
4/21/23,3.57,4.17,4.83,-0.6,,,
4/24/23,3.52,4.12,4.83,-0.6,,,
4/25/23,3.4,3.86,4.83,-0.46,,,
4/26/23,3.43,3.9,4.83,-0.47,,,
4/27/23,3.53,4.07,4.83,-0.54,,,
4/28/23,3.44,4.04,4.83,-0.6,,,
5/1/23,3.59,4.14,5.06,-0.55,,,
5/2/23,3.44,3.97,5.06,-0.53,,,
5/3/23,3.38,3.89,5.06,-0.51,,,
5/4/23,3.37,3.75,5.06,-0.38,,,
5/5/23,3.44,3.92,5.06,-0.48,,,
5/8/23,3.52,4,5.06,-0.48,,,
5/9/23,3.53,4.01,5.06,-0.48,,,
5/10/23,3.43,3.9,5.06,-0.47,,,
5/11/23,3.39,3.89,5.06,-0.5,,,
5/12/23,3.46,3.98,5.06,-0.52,,,
5/15/23,3.5,3.99,5.06,-0.49,,,
5/16/23,3.54,4.06,5.06,-0.52,,,
5/17/23,3.57,4.12,5.06,-0.55,,,
5/18/23,3.65,4.24,5.06,-0.59,,,
5/19/23,3.7,4.28,5.06,-0.58,,,
5/22/23,3.72,4.29,5.06,-0.57,,,
5/23/23,3.7,4.26,5.06,-0.56,,,
5/24/23,3.73,4.31,5.06,-0.58,,,
5/25/23,3.83,4.5,5.06,-0.67,,,
5/26/23,3.8,4.54,5.06,-0.74,,,
5/29/23,3.8,4.54,5.06,-0.74,,,
5/30/23,3.69,4.46,5.06,-0.77,,,
5/31/23,3.64,4.4,5.06,-0.76,,,
6/1/23,3.61,4.33,5.08,-0.72,,,
6/2/23,3.69,4.5,5.08,-0.81,,,
6/5/23,3.69,4.46,5.08,-0.77,,,
6/6/23,3.7,4.51,5.08,-0.81,,,
6/7/23,3.79,4.56,5.08,-0.77,,,
6/8/23,3.73,4.52,5.08,-0.79,,,
6/9/23,3.75,4.59,5.08,-0.84,,,
6/12/23,3.73,4.55,5.08,-0.82,,,
6/13/23,3.84,4.67,5.08,-0.83,,,
6/14/23,3.83,4.74,5.08,-0.91,,,
6/15/23,3.72,4.62,5.08,-0.9,,,
6/16/23,3.77,4.7,5.08,-0.93,,,
6/19/23,3.77,4.7,5.08,-0.93,,,
6/20/23,3.74,4.68,5.08,-0.94,,,
6/21/23,3.72,4.68,5.08,-0.96,,,
6/22/23,3.8,4.77,5.08,-0.97,,,
6/23/23,3.74,4.71,5.08,-0.97,,,
6/26/23,3.72,4.65,5.08,-0.93,,,
6/27/23,3.77,4.74,5.08,-0.97,,,
6/28/23,3.71,4.71,5.08,-1,,,
6/29/23,3.85,4.87,5.08,-1.02,,,
6/30/23,3.81,4.87,5.08,-1.06,,,
7/3/23,3.86,4.94,5.12,-1.08,,,
7/4/23,3.86,4.94,5.12,-1.08,,,
7/5/23,3.95,4.94,5.12,-0.99,,,
7/6/23,4.05,4.99,5.12,-0.94,,,
7/7/23,4.06,4.94,5.12,-0.88,,,
7/10/23,4.01,4.85,5.12,-0.84,,,
7/11/23,3.99,4.88,5.12,-0.89,,,
7/12/23,3.86,4.72,5.12,-0.86,,,
7/13/23,3.76,4.59,5.12,-0.83,,,
7/14/23,3.83,4.74,5.12,-0.91,,,
7/17/23,3.81,4.74,5.12,-0.93,,,
7/18/23,3.8,4.74,5.12,-0.94,,,
7/19/23,3.75,4.74,5.12,-0.99,,,
7/20/23,3.85,4.8,5.12,-0.95,,,
7/21/23,3.84,4.82,5.12,-0.98,,,
7/24/23,3.86,4.81,5.12,-0.95,,,
7/25/23,3.91,4.85,5.12,-0.94,,,
7/26/23,3.86,4.82,5.12,-0.96,,,
7/27/23,4.01,4.91,5.12,-0.9,,,
7/28/23,3.96,4.87,5.12,-0.91,,,
7/31/23,3.97,4.88,5.12,-0.91,,,
8/1/23,4.05,4.92,5.33,-0.87,,,
8/2/23,4.08,4.88,5.33,-0.8,,,
8/3/23,4.2,4.9,5.33,-0.7,,,
8/4/23,4.05,4.78,5.33,-0.73,,,
8/7/23,4.09,4.76,5.33,-0.67,,,
8/8/23,4.02,4.74,5.33,-0.72,,,
8/9/23,4,4.79,5.33,-0.79,,,
8/10/23,4.09,4.82,5.33,-0.73,,,
8/11/23,4.16,4.89,5.33,-0.73,,,
8/14/23,4.19,4.96,5.33,-0.77,,,
8/15/23,4.21,4.92,5.33,-0.71,,,
8/16/23,4.28,4.97,5.33,-0.69,,,
8/17/23,4.3,4.94,5.33,-0.64,,,
8/18/23,4.26,4.92,5.33,-0.66,,,
8/21/23,4.34,4.97,5.33,-0.63,,,
8/22/23,4.34,5.02,5.33,-0.68,,,
8/23/23,4.19,4.95,5.33,-0.76,,,
8/24/23,4.23,4.98,5.33,-0.75,,,
8/25/23,4.25,5.03,5.33,-0.78,,,
8/28/23,4.2,4.98,5.33,-0.78,,,
8/29/23,4.12,4.87,5.33,-0.75,,,
8/30/23,4.12,4.9,5.33,-0.78,,,
8/31/23,4.09,4.85,5.33,-0.76,,,
9/1/23,4.18,4.87,5.33,-0.69,,,
9/4/23,4.18,4.87,5.33,-0.69,,,
9/5/23,4.27,4.94,5.33,-0.67,,,
9/6/23,4.3,5.01,5.33,-0.71,,,
9/7/23,4.27,4.94,5.33,-0.67,,,
9/8/23,4.26,4.98,5.33,-0.72,,,
9/11/23,4.29,4.97,5.33,-0.68,,,
9/12/23,4.27,4.98,5.33,-0.71,,,
9/13/23,4.25,4.96,5.33,-0.71,,,
9/14/23,4.29,5,5.33,-0.71,,,
9/15/23,4.33,5.02,5.33,-0.69,,,
9/18/23,4.32,5.05,5.33,-0.73,,,
9/19/23,4.37,5.08,5.33,-0.71,,,
9/20/23,4.35,5.12,5.33,-0.77,,,
9/21/23,4.49,5.12,5.33,-0.63,,,
9/22/23,4.44,5.1,5.33,-0.66,,,
9/25/23,4.55,5.09,5.33,-0.54,,,
9/26/23,4.56,5.04,5.33,-0.48,,,
9/27/23,4.61,5.1,5.33,-0.49,,,
9/28/23,4.59,5.04,5.33,-0.45,,,
9/29/23,4.59,5.03,5.33,-0.44,,,
10/2/23,4.69,5.12,5.33,-0.43,,,
10/3/23,4.81,5.15,5.33,-0.34,,,
10/4/23,4.73,5.05,5.33,-0.32,,,
10/5/23,4.72,5.03,5.33,-0.31,,,
10/6/23,4.78,5.08,5.33,-0.3,,,
10/9/23,4.78,5.08,5.33,-0.3,,,
10/10/23,4.66,4.96,5.33,-0.3,,,
10/11/23,4.58,4.99,5.33,-0.41,,,
10/12/23,4.7,5.06,5.33,-0.36,,,
10/13/23,4.63,5.04,5.33,-0.41,,,
10/16/23,4.71,5.09,5.33,-0.38,,,
10/17/23,4.83,5.19,5.33,-0.36,,,
10/18/23,4.91,5.19,5.33,-0.28,,,
10/19/23,4.98,5.14,5.33,-0.16,,,
10/20/23,4.93,5.07,5.33,-0.14,,,
10/23/23,4.86,5.05,5.33,-0.19,,,
10/24/23,4.83,5.02,5.33,-0.19,,,
10/25/23,4.95,5.08,5.33,-0.13,,,
10/26/23,4.86,5.02,5.33,-0.16,,,
10/27/23,4.84,4.99,5.33,-0.15,,,
10/30/23,4.88,5.03,5.33,-0.15,,,
10/31/23,4.88,5.07,5.33,-0.19,,,
11/1/23,4.77,4.95,5.33,-0.18,,,
11/2/23,4.67,4.98,5.33,-0.31,,,
11/3/23,4.57,4.83,5.33,-0.26,,,
11/6/23,4.67,4.93,5.33,-0.26,,,
11/7/23,4.58,4.91,5.33,-0.33,,,
11/8/23,4.49,4.93,5.33,-0.44,,,
11/9/23,4.62,5.03,5.33,-0.41,,,
11/10/23,4.61,5.04,5.33,-0.43,,,
11/13/23,4.63,5.02,5.33,-0.39,,,
11/14/23,4.44,4.8,5.33,-0.36,,,
11/15/23,4.53,4.9,5.33,-0.37,,,
11/16/23,4.45,4.83,5.33,-0.38,,,
11/17/23,4.44,4.88,5.33,-0.44,,,
11/20/23,4.42,4.89,5.33,-0.47,,,
11/21/23,4.41,4.86,5.33,-0.45,,,
11/22/23,4.42,4.89,5.33,-0.47,,,
11/23/23,4.42,4.89,5.33,-0.47,,,
11/24/23,4.47,4.92,5.33,-0.45,,,
11/27/23,4.39,4.84,5.33,-0.45,,,
11/28/23,4.34,4.73,5.33,-0.39,,,
11/29/23,4.27,4.64,5.33,-0.37,,,
11/30/23,4.37,4.73,5.33,-0.36,,,
12/1/23,4.22,4.56,5.33,-0.34,,,
12/4/23,4.28,4.64,5.33,-0.36,,,
12/5/23,4.18,4.57,5.33,-0.39,,,
12/6/23,4.12,4.6,5.33,-0.48,,,
12/7/23,4.14,4.58,5.33,-0.44,,,
12/8/23,4.23,4.71,5.33,-0.48,,,
12/11/23,4.23,4.71,5.33,-0.48,,,
12/12/23,4.2,4.73,5.33,-0.53,,,
12/13/23,4.04,4.46,5.33,-0.42,,,
12/14/23,3.92,4.37,5.33,-0.45,,,
12/15/23,3.91,4.44,5.33,-0.53,,,
12/18/23,3.95,4.43,5.33,-0.48,,,
12/19/23,3.93,4.41,5.33,-0.48,,,
12/20/23,3.86,4.34,5.33,-0.48,,,
12/21/23,3.89,4.33,5.33,-0.44,,,
12/22/23,3.9,4.31,5.33,-0.41,,,
12/25/23,3.9,4.31,5.33,-0.41,,,
12/26/23,3.89,4.26,5.33,-0.37,,,
12/27/23,3.79,4.2,5.33,-0.41,,,
12/28/23,3.84,4.26,5.33,-0.42,,,
12/29/23,3.88,4.23,5.33,-0.35,,,
1/1/24,3.88,4.23,5.33,-0.35,,,
1/2/24,3.95,4.33,5.33,-0.38,,,
1/3/24,3.91,4.33,5.33,-0.42,,,
1/4/24,3.99,4.38,5.33,-0.39,,,
1/5/24,4.05,4.4,5.33,-0.35,,,
1/8/24,4.01,4.36,5.33,-0.35,,,
1/9/24,4.02,4.36,5.33,-0.34,,,
1/10/24,4.04,4.37,5.33,-0.33,,,
1/11/24,3.98,4.26,5.33,-0.28,,,
1/12/24,3.96,4.14,5.33,-0.18,,,
1/15/24,3.96,4.14,5.33,-0.18,,,
1/16/24,4.07,4.22,5.33,-0.15,,,
1/17/24,4.1,4.34,5.33,-0.24,,,
1/18/24,4.14,4.34,5.33,-0.2,,,
1/19/24,4.15,4.39,5.33,-0.24,,,
1/22/24,4.11,4.37,5.33,-0.26,,,
1/23/24,4.14,4.31,5.33,-0.17,,,
1/24/24,4.18,4.34,5.33,-0.16,,,
1/25/24,4.14,4.28,5.33,-0.14,,,
1/26/24,4.15,4.34,5.33,-0.19,,,
1/29/24,4.08,4.29,5.33,-0.21,,,
1/30/24,4.06,4.36,5.33,-0.3,,,
1/31/24,3.99,4.27,5.33,-0.28,,,
2/1/24,3.87,4.2,5.33,-0.33,,,
2/2/24,4.03,4.36,5.33,-0.33,,,
2/5/24,4.17,4.46,5.33,-0.29,,,
2/6/24,4.09,4.39,5.33,-0.3,,,
2/7/24,4.09,4.41,5.33,-0.32,,,
2/8/24,4.15,4.46,5.33,-0.31,,,
2/9/24,4.17,4.48,5.33,-0.31,,,
2/12/24,4.17,4.46,5.33,-0.29,,,
2/13/24,4.31,4.64,5.33,-0.33,,,
2/14/24,4.27,4.56,5.33,-0.29,,,
2/15/24,4.24,4.56,5.33,-0.32,,,
2/16/24,4.3,4.64,5.33,-0.34,,,
2/19/24,4.3,4.64,5.33,-0.34,,,
2/20/24,4.27,4.59,5.33,-0.32,,,
2/21/24,4.32,4.64,5.33,-0.32,,,
2/22/24,4.33,4.69,5.33,-0.36,,,
2/23/24,4.26,4.67,5.33,-0.41,,,
2/26/24,4.28,4.69,5.33,-0.41,,,
2/27/24,4.31,4.7,5.33,-0.39,,,
2/28/24,4.27,4.64,5.33,-0.37,,,
2/29/24,4.25,4.64,5.33,-0.39,,,
3/1/24,4.19,4.54,5.33,-0.35,,,
3/4/24,4.22,4.61,5.33,-0.39,,,
3/5/24,4.13,4.54,5.33,-0.41,,,
3/6/24,4.11,4.55,5.33,-0.44,,,
3/7/24,4.09,4.5,5.33,-0.41,,,
3/8/24,4.09,4.48,5.33,-0.39,,,
3/11/24,4.1,4.51,5.33,-0.41,,,
3/12/24,4.16,4.58,5.33,-0.42,,,
3/13/24,4.19,4.61,5.33,-0.42,,,
3/14/24,4.29,4.68,5.33,-0.39,,,
3/15/24,4.31,4.72,5.33,-0.41,,,
3/18/24,4.34,4.73,5.33,-0.39,,,
3/19/24,4.3,4.68,5.33,-0.38,,,
3/20/24,4.27,4.59,5.33,-0.32,,,
3/21/24,4.27,4.62,5.33,-0.35,,,
3/22/24,4.22,4.59,5.33,-0.37,,,
3/25/24,4.25,4.54,5.33,-0.29,,,
3/26/24,4.24,4.56,5.33,-0.32,,,
3/27/24,4.2,4.54,5.33,-0.34,,,
3/28/24,4.2,4.59,5.33,-0.39,,,
3/29/24,4.2,4.59,5.33,-0.39,,,
4/1/24,4.33,4.72,5.33,-0.39,,,
4/2/24,4.36,4.7,5.33,-0.34,,,
4/3/24,4.36,4.68,5.33,-0.32,,,
4/4/24,4.31,4.65,5.33,-0.34,,,
4/5/24,4.39,4.73,5.33,-0.34,,,
4/8/24,4.42,4.78,5.33,-0.36,,,
4/9/24,4.36,4.74,5.33,-0.38,,,
4/10/24,4.55,4.97,5.33,-0.42,,,
4/11/24,4.56,4.93,5.33,-0.37,,,
4/12/24,4.5,4.88,5.33,-0.38,,,
4/15/24,4.63,4.93,5.33,-0.3,,,
4/16/24,4.67,4.97,5.33,-0.3,,,
4/17/24,4.59,4.93,5.33,-0.34,,,
4/18/24,4.64,4.98,5.33,-0.34,,,
4/19/24,4.62,4.97,5.33,-0.35,,,
4/22/24,4.62,4.97,5.33,-0.35,,,
4/23/24,4.61,4.86,5.33,-0.25,,,
4/24/24,4.65,4.89,5.33,-0.24,,,
4/25/24,4.7,4.96,5.33,-0.26,,,
4/26/24,4.67,4.96,5.33,-0.29,,,
4/29/24,4.63,4.97,5.33,-0.34,,,
4/30/24,4.69,5.04,5.33,-0.35,,,
5/1/24,4.63,4.96,5.33,-0.33,,,
5/2/24,4.58,4.87,5.33,-0.29,,,
5/3/24,4.5,4.81,5.33,-0.31,,,
5/6/24,4.49,4.82,5.33,-0.33,,,
5/7/24,4.47,4.82,5.33,-0.35,,,
5/8/24,4.48,4.84,5.33,-0.36,,,
5/9/24,4.45,4.8,5.33,-0.35,,,
5/10/24,4.5,4.87,5.33,-0.37,,,
5/13/24,4.48,4.85,5.33,-0.37,,,
5/14/24,4.45,4.81,5.33,-0.36,,,
5/15/24,4.36,4.73,5.33,-0.37,,,
5/16/24,4.38,4.78,5.33,-0.4,,,
5/17/24,4.42,4.83,5.33,-0.41,,,
5/20/24,4.44,4.82,5.33,-0.38,,,
5/21/24,4.41,4.82,5.33,-0.41,,,
5/22/24,4.43,4.86,5.33,-0.43,,,
5/23/24,4.47,4.91,5.33,-0.44,,,
5/24/24,4.46,4.93,5.33,-0.47,,,
5/27/24,4.46,4.93,5.33,-0.47,,,
5/28/24,4.54,4.94,5.33,-0.4,,,
5/29/24,4.61,4.96,5.33,-0.35,,,
5/30/24,4.55,4.92,5.33,-0.37,,,
5/31/24,4.51,4.89,5.33,-0.38,,,
6/3/24,4.41,4.82,5.33,-0.41,,,
6/4/24,4.33,4.77,5.33,-0.44,,,
6/5/24,4.29,4.72,5.33,-0.43,,,
6/6/24,4.28,4.72,5.33,-0.44,,,
6/7/24,4.43,4.87,5.33,-0.44,,,
6/10/24,4.47,4.87,5.33,-0.4,,,
6/11/24,4.39,4.81,5.33,-0.42,,,
6/12/24,4.31,4.75,5.33,-0.44,,,
6/13/24,4.24,4.68,5.33,-0.44,,,
6/14/24,4.2,4.67,5.33,-0.47,,,
6/17/24,4.28,4.75,5.33,-0.47,,,
6/18/24,4.22,4.69,5.33,-0.47,,,
6/19/24,4.22,4.69,5.33,-0.47,,,
6/20/24,4.25,4.7,5.33,-0.45,,,
6/21/24,4.25,4.7,5.33,-0.45,,,
6/24/24,4.25,4.71,5.33,-0.46,,,
6/25/24,4.23,4.65,5.33,-0.42,,,
6/26/24,4.32,4.71,5.33,-0.39,,,
6/27/24,4.29,4.7,5.33,-0.41,,,
6/28/24,4.36,4.71,5.33,-0.35,,,
7/1/24,4.48,4.77,5.33,-0.29,,,
7/2/24,4.43,4.74,5.33,-0.31,,,
7/3/24,4.36,4.71,5.33,-0.35,,,
7/4/24,4.36,4.71,5.33,-0.35,,,
7/5/24,4.28,4.6,5.33,-0.32,,,
7/8/24,4.28,4.62,5.33,-0.34,,,
7/9/24,4.3,4.62,5.33,-0.32,,,
7/10/24,4.28,4.62,5.33,-0.34,,,
7/11/24,4.2,4.5,5.33,-0.3,,,
7/12/24,4.18,4.45,5.33,-0.27,,,
7/15/24,4.23,4.44,5.33,-0.21,,,
7/16/24,4.17,4.43,5.33,-0.26,,,
7/17/24,4.16,4.42,5.33,-0.26,,,
7/18/24,4.2,4.46,5.33,-0.26,,,
7/19/24,4.25,4.49,5.33,-0.24,,,
7/22/24,4.26,4.5,5.33,-0.24,,,
7/23/24,4.25,4.4,5.33,-0.15,,,
7/24/24,4.28,4.37,5.33,-0.09,,,
7/25/24,4.27,4.41,5.33,-0.14,,,
7/26/24,4.2,4.36,5.33,-0.16,,,
7/29/24,4.17,4.36,5.33,-0.19,,,
7/30/24,4.15,4.35,5.33,-0.2,,,
7/31/24,4.09,4.29,5.33,-0.2,,,
8/1/24,3.99,4.16,5.33,-0.17,,,
8/2/24,3.8,3.88,5.33,-0.08,,,
8/5/24,3.78,3.89,5.33,-0.11,,,
8/6/24,3.9,3.99,5.33,-0.09,,,
8/7/24,3.96,4,5.33,-0.04,,,
8/8/24,3.99,4.04,5.33,-0.05,,,
8/9/24,3.94,4.05,5.33,-0.11,,,
8/12/24,3.9,4.01,5.33,-0.11,,,
8/13/24,3.85,3.93,5.33,-0.08,,,
8/14/24,3.83,3.94,5.33,-0.11,,,
8/15/24,3.92,4.08,5.33,-0.16,,,
8/16/24,3.89,4.06,5.33,-0.17,,,
8/19/24,3.86,4.06,5.33,-0.2,,,
8/20/24,3.82,3.99,5.33,-0.17,,,
8/21/24,3.79,3.92,5.33,-0.13,,,
8/22/24,3.86,3.99,5.33,-0.13,,,
8/23/24,3.81,3.9,5.33,-0.09,,,
8/26/24,3.82,3.91,5.33,-0.09,,,
8/27/24,3.83,3.83,5.33,0,,,
8/28/24,3.84,3.83,5.33,0.01,,,
8/29/24,3.87,3.87,5.33,0,,,
8/30/24,3.91,3.91,5.33,0,,,
9/2/24,3.91,3.91,5.13,0,,,
9/3/24,3.84,3.88,5.13,-0.04,,,
9/4/24,3.77,3.76,5.13,0.01,,,
9/5/24,3.73,3.75,5.13,-0.02,,,
9/6/24,3.72,3.66,5.13,0.06,,,
9/9/24,3.7,3.68,5.13,0.02,,,
9/10/24,3.65,3.59,5.13,0.06,,,
9/11/24,3.65,3.62,5.13,0.03,,,
9/12/24,3.68,3.64,5.13,0.04,,,
9/13/24,3.66,3.57,5.13,0.09,,,
9/16/24,3.63,3.56,5.13,0.07,,,
9/17/24,3.65,3.59,5.13,0.06,,,
9/18/24,3.7,3.61,5.13,0.09,,,
9/19/24,3.73,3.59,5.13,0.14,,,
9/20/24,3.73,3.55,5.13,0.18,,,
9/23/24,3.75,3.57,5.13,0.18,,,
9/24/24,3.74,3.49,5.13,0.25,,,
9/25/24,3.79,3.53,5.13,0.26,,,
9/26/24,3.79,3.6,5.13,0.19,,,
9/27/24,3.75,3.55,5.13,0.2,,,
9/30/24,3.81,3.66,5.13,0.15,,,
10/1/24,3.74,3.61,4.83,0.13,,,
10/2/24,3.79,3.63,4.83,0.16,,,
10/3/24,3.85,3.7,4.83,0.15,,,
10/4/24,3.98,3.93,4.83,0.05,,,
10/7/24,4.03,3.99,4.83,0.04,,,
10/8/24,4.04,3.98,4.83,0.06,,,
10/9/24,4.06,3.99,4.83,0.07,,,
10/10/24,4.09,3.98,4.83,0.11,,,
10/11/24,4.08,3.95,4.83,0.13,,,
10/14/24,4.08,3.95,4.83,0.13,,,
10/15/24,4.03,3.95,4.83,0.08,,,
10/16/24,4.02,3.93,4.83,0.09,,,
10/17/24,4.09,3.96,4.83,0.13,,,
10/18/24,4.08,3.95,4.83,0.13,,,
10/21/24,4.19,4.02,4.83,0.17,,,
10/22/24,4.2,4.03,4.83,0.17,,,
10/23/24,4.24,4.07,4.83,0.17,,,
10/24/24,4.21,4.07,4.83,0.14,,,
10/25/24,4.25,4.11,4.83,0.14,,,
10/28/24,4.28,4.12,4.83,0.16,,,
10/29/24,4.28,4.11,4.83,0.17,,,
10/30/24,4.29,4.15,4.83,0.14,,,
10/31/24,4.28,4.16,4.83,0.12,,,
11/1/24,4.37,4.21,4.64,0.16,,,
11/4/24,4.31,4.17,4.64,0.14,,,
11/5/24,4.26,4.19,4.64,0.07,,,
11/6/24,4.42,4.27,4.64,0.15,,,
11/7/24,4.31,4.21,4.64,0.1,,,
11/8/24,4.3,4.26,4.64,0.04,,,
11/11/24,4.3,4.26,4.64,0.04,,,
11/12/24,4.43,4.34,4.64,0.09,,,
11/13/24,4.44,4.27,4.64,0.17,,,
11/14/24,4.43,4.34,4.64,0.09,,,
11/15/24,4.43,4.31,4.64,0.12,,,
11/18/24,4.42,4.29,4.64,0.13,,,
11/19/24,4.39,4.27,4.64,0.12,,,
11/20/24,4.41,4.31,4.64,0.1,,,
11/21/24,4.43,4.34,4.64,0.09,,,
11/22/24,4.41,4.37,4.64,0.04,,,
11/25/24,4.27,4.21,4.64,0.06,,,
11/26/24,4.3,4.21,4.64,0.09,,,
11/27/24,4.25,4.19,4.64,0.06,,,
11/28/24,4.25,4.19,4.64,0.06,,,
11/29/24,4.18,4.13,4.64,0.05,,,
12/2/24,4.19,4.17,4.48,0.02,,,
12/3/24,4.23,4.17,4.48,0.06,,,
12/4/24,4.19,4.13,4.48,0.06,,,
12/5/24,4.17,4.15,4.48,0.02,,,
12/6/24,4.15,4.1,4.48,0.05,,,
12/9/24,4.2,4.13,4.48,0.07,,,
12/10/24,4.22,4.15,4.48,0.07,,,
12/11/24,4.26,4.15,4.48,0.11,,,
12/12/24,4.32,4.18,4.48,0.14,,,
12/13/24,4.4,4.25,4.48,0.15,,,
12/16/24,4.39,4.25,4.48,0.14,,,
12/17/24,4.4,4.25,4.48,0.15,,,
12/18/24,4.5,4.35,4.48,0.15,,,
12/19/24,4.57,4.32,4.48,0.25,,,
12/20/24,4.52,4.3,4.48,0.22,,,
12/23/24,4.59,4.3,4.48,0.29,,,
12/24/24,4.59,4.29,4.48,0.3,,,
12/25/24,4.59,4.29,4.48,0.3,,,
12/26/24,4.58,4.3,4.48,0.28,,,
12/27/24,4.62,4.31,4.48,0.31,,,
12/30/24,4.55,4.24,4.48,0.31,,,
12/31/24,4.58,4.25,4.48,0.33,,,
1/1/25,4.58,4.25,4.33,0.33,,,
1/2/25,4.57,4.25,4.33,0.32,,,
1/3/25,4.6,4.28,4.33,0.32,,,
1/6/25,4.62,4.28,4.33,0.34,,,
1/7/25,4.67,4.3,4.33,0.37,,,
1/8/25,4.67,4.28,4.33,0.39,,,
1/9/25,4.68,4.27,4.33,0.41,,,
1/10/25,4.77,4.4,4.33,0.37,,,
1/13/25,4.79,4.4,4.33,0.39,,,
1/14/25,4.78,4.37,4.33,0.41,,,
1/15/25,4.66,4.27,4.33,0.39,,,
1/16/25,4.61,4.23,4.33,0.38,,,
1/17/25,4.61,4.27,4.33,0.34,,,
1/20/25,4.61,4.27,4.33,0.34,,,
1/21/25,4.57,4.29,4.33,0.28,,,
1/22/25,4.6,4.29,4.33,0.31,,,
1/23/25,4.65,4.29,4.33,0.36,,,
1/24/25,4.63,4.27,4.33,0.36,,,
1/27/25,4.53,4.17,4.33,0.36,,,
1/28/25,4.55,4.19,4.33,0.36,,,
1/29/25,4.55,4.21,4.33,0.34,,,
1/30/25,4.52,4.18,4.33,0.34,,,
1/31/25,4.58,4.22,4.33,0.36,,,
2/3/25,4.54,4.26,4.33,0.28,,,
2/4/25,4.52,4.21,4.33,0.31,,,
2/5/25,4.43,4.17,4.33,0.26,,,
2/6/25,4.45,4.21,4.33,0.24,,,
2/7/25,4.49,4.29,4.33,0.2,,,
2/10/25,4.51,4.28,4.33,0.23,,,
2/11/25,4.54,4.29,4.33,0.25,,,
2/12/25,4.62,4.36,4.33,0.26,,,
2/13/25,4.52,4.31,4.33,0.21,,,
2/14/25,4.47,4.26,4.33,0.21,,,
2/17/25,4.47,4.26,4.33,0.21,,,
2/18/25,4.55,4.29,4.33,0.26,,,
2/19/25,4.53,4.28,4.33,0.25,,,
2/20/25,4.5,4.28,4.33,0.22,,,
2/21/25,4.42,4.19,4.33,0.23,,,
2/24/25,4.4,4.13,4.33,0.27,,,
2/25/25,4.3,4.07,4.33,0.23,,,
2/26/25,4.25,4.05,4.33,0.2,,,
2/27/25,4.29,4.07,4.33,0.22,,,
2/28/25,4.24,3.99,4.33,0.25,,,
3/3/25,4.16,3.96,4.33,0.2,,,
3/4/25,4.22,3.96,4.33,0.26,,,
3/5/25,4.28,3.99,4.33,0.29,,,
3/6/25,4.29,3.96,4.33,0.33,,,
3/7/25,4.32,3.99,4.33,0.33,,,
3/10/25,4.22,3.89,4.33,0.33,,,
3/11/25,4.28,3.94,4.33,0.34,,,
3/12/25,4.32,4.01,4.33,0.31,,,